
*** Running vivado
    with args -log design_1_wrapper.vds -m64 -product Vivado -mode batch -messageDb vivado.pb -notrace -source design_1_wrapper.tcl


****** Vivado v2017.4 (64-bit)
  **** SW Build 2086221 on Fri Dec 15 20:55:39 MST 2017
  **** IP Build 2085800 on Fri Dec 15 22:25:07 MST 2017
    ** Copyright 1986-2017 Xilinx, Inc. All Rights Reserved.

source design_1_wrapper.tcl -notrace
INFO: [IP_Flow 19-234] Refreshing IP repositories
WARNING: [IP_Flow 19-3685] Ignored loading user repository 'd:/ProgramEnvironment/vivado2017/ipaes/ipaes.srcs/sources_1/imports/AES128_Entryption/xgui'. The path is contained within another repository.
INFO: [IP_Flow 19-1700] Loaded user IP repository 'd:/ProgramEnvironment/vivado2017/ipaes/ipaes.srcs/sources_1/imports/AES128_Entryption'.
INFO: [IP_Flow 19-2313] Loaded Vivado IP repository 'D:/xilinx-vivado2017/Vivado/2017.4/data/ip'.
Command: synth_design -top design_1_wrapper -part xc7z020clg400-1
Starting synth_design
Attempting to get a license for feature 'Synthesis' and/or device 'xc7z020'
INFO: [Common 17-349] Got license for feature 'Synthesis' and/or device 'xc7z020'
INFO: Launching helper process for spawning children vivado processes
INFO: Helper process launched with PID 6096 
WARNING: [Synth 8-2507] parameter declaration becomes local in aes_ip_v1_0_M00_AXI with formal parameter declaration list [d:/ProgramEnvironment/vivado2017/system_aes/system_aes.srcs/sources_1/bd/design_1/ipshared/rtl/aes_ip_v1_0_M00_AXI.v:197]
---------------------------------------------------------------------------------
Starting RTL Elaboration : Time (s): cpu = 00:00:07 ; elapsed = 00:00:08 . Memory (MB): peak = 451.188 ; gain = 120.676
---------------------------------------------------------------------------------
INFO: [Synth 8-638] synthesizing module 'design_1_wrapper' [D:/ProgramEnvironment/vivado2017/system_aes/system_aes.srcs/sources_1/bd/design_1/hdl/design_1_wrapper.v:12]
INFO: [Synth 8-638] synthesizing module 'design_1' [D:/ProgramEnvironment/vivado2017/system_aes/system_aes.srcs/sources_1/bd/design_1/synth/design_1.v:13]
INFO: [Synth 8-638] synthesizing module 'design_1_AES_IP_TOP_0_1' [d:/ProgramEnvironment/vivado2017/system_aes/system_aes.srcs/sources_1/bd/design_1/ip/design_1_AES_IP_TOP_0_1/synth/design_1_AES_IP_TOP_0_1.v:57]
INFO: [Synth 8-638] synthesizing module 'AES_IP_TOP' [d:/ProgramEnvironment/vivado2017/system_aes/system_aes.srcs/sources_1/bd/design_1/ipshared/744f/AES_IP_TOP.v:2]
	Parameter C_M_AXI_BURST_LEN bound to: 1 - type: integer 
	Parameter C_M_AXI_ID_WIDTH bound to: 1 - type: integer 
	Parameter C_M_AXI_ADDR_WIDTH bound to: 32 - type: integer 
	Parameter C_M_AXI_DATA_WIDTH bound to: 128 - type: integer 
	Parameter C_M_AXI_AWUSER_WIDTH bound to: 0 - type: integer 
	Parameter C_M_AXI_ARUSER_WIDTH bound to: 0 - type: integer 
	Parameter C_M_AXI_WUSER_WIDTH bound to: 0 - type: integer 
	Parameter C_M_AXI_RUSER_WIDTH bound to: 0 - type: integer 
	Parameter C_M_AXI_BUSER_WIDTH bound to: 0 - type: integer 
INFO: [Synth 8-638] synthesizing module 'AES_Config_Register' [d:/ProgramEnvironment/vivado2017/system_aes/system_aes.srcs/sources_1/bd/design_1/ipshared/744f/AES_Config_Register.v:4]
INFO: [Synth 8-155] case statement is not full and has no default [d:/ProgramEnvironment/vivado2017/system_aes/system_aes.srcs/sources_1/bd/design_1/ipshared/744f/AES_Config_Register.v:215]
INFO: [Synth 8-155] case statement is not full and has no default [d:/ProgramEnvironment/vivado2017/system_aes/system_aes.srcs/sources_1/bd/design_1/ipshared/744f/AES_Config_Register.v:253]
WARNING: [Synth 8-6014] Unused sequential element r_key_out_reg was removed.  [d:/ProgramEnvironment/vivado2017/system_aes/system_aes.srcs/sources_1/bd/design_1/ipshared/744f/AES_Config_Register.v:173]
WARNING: [Synth 8-6014] Unused sequential element r_key_out_reg was removed.  [d:/ProgramEnvironment/vivado2017/system_aes/system_aes.srcs/sources_1/bd/design_1/ipshared/744f/AES_Config_Register.v:195]
WARNING: [Synth 8-6014] Unused sequential element r_wdata_reg was removed.  [d:/ProgramEnvironment/vivado2017/system_aes/system_aes.srcs/sources_1/bd/design_1/ipshared/744f/AES_Config_Register.v:382]
INFO: [Synth 8-256] done synthesizing module 'AES_Config_Register' (1#1) [d:/ProgramEnvironment/vivado2017/system_aes/system_aes.srcs/sources_1/bd/design_1/ipshared/744f/AES_Config_Register.v:4]
INFO: [Synth 8-638] synthesizing module 'aes_ip_v1_0_M00_AXI' [d:/ProgramEnvironment/vivado2017/system_aes/system_aes.srcs/sources_1/bd/design_1/ipshared/rtl/aes_ip_v1_0_M00_AXI.v:4]
	Parameter C_M_AXI_BURST_LEN bound to: 1 - type: integer 
	Parameter C_M_AXI_ID_WIDTH bound to: 1 - type: integer 
	Parameter C_M_AXI_ADDR_WIDTH bound to: 32 - type: integer 
	Parameter C_M_AXI_DATA_WIDTH bound to: 128 - type: integer 
	Parameter C_M_AXI_AWUSER_WIDTH bound to: 0 - type: integer 
	Parameter C_M_AXI_ARUSER_WIDTH bound to: 0 - type: integer 
	Parameter C_M_AXI_WUSER_WIDTH bound to: 0 - type: integer 
	Parameter C_M_AXI_RUSER_WIDTH bound to: 0 - type: integer 
	Parameter C_M_AXI_BUSER_WIDTH bound to: 0 - type: integer 
	Parameter C_TRANSACTIONS_NUM bound to: 0 - type: integer 
	Parameter C_MASTER_LENGTH bound to: 10 - type: integer 
	Parameter C_NO_BURSTS_REQ bound to: 6 - type: integer 
	Parameter IDLE bound to: 2'b00 
	Parameter INIT_WRITE bound to: 2'b01 
	Parameter INIT_READ bound to: 2'b10 
	Parameter INIT_COMPARE bound to: 2'b11 
INFO: [Synth 8-155] case statement is not full and has no default [d:/ProgramEnvironment/vivado2017/system_aes/system_aes.srcs/sources_1/bd/design_1/ipshared/rtl/aes_ip_v1_0_M00_AXI.v:909]
INFO: [Synth 8-638] synthesizing module 'afifo_count' [d:/ProgramEnvironment/vivado2017/system_aes/system_aes.srcs/sources_1/bd/design_1/ipshared/744f/afifo_count.v:3]
	Parameter DATA_WIDTH bound to: 128 - type: integer 
	Parameter FIFO_DEPTH bound to: 64 - type: integer 
	Parameter ptr_width bound to: 6 - type: integer 
WARNING: [Synth 8-3848] Net rd_data in module/entity afifo_count does not have driver. [d:/ProgramEnvironment/vivado2017/system_aes/system_aes.srcs/sources_1/bd/design_1/ipshared/744f/afifo_count.v:12]
INFO: [Synth 8-256] done synthesizing module 'afifo_count' (2#1) [d:/ProgramEnvironment/vivado2017/system_aes/system_aes.srcs/sources_1/bd/design_1/ipshared/744f/afifo_count.v:3]
WARNING: [Synth 8-350] instance 'FIFO' of module 'afifo_count' requires 9 connections, but only 8 given [d:/ProgramEnvironment/vivado2017/system_aes/system_aes.srcs/sources_1/bd/design_1/ipshared/rtl/aes_ip_v1_0_M00_AXI.v:1102]
WARNING: [Synth 8-6014] Unused sequential element write_index_reg was removed.  [d:/ProgramEnvironment/vivado2017/system_aes/system_aes.srcs/sources_1/bd/design_1/ipshared/rtl/aes_ip_v1_0_M00_AXI.v:471]
WARNING: [Synth 8-6014] Unused sequential element SM4_OUT_DATA_1ST_reg was removed.  [d:/ProgramEnvironment/vivado2017/system_aes/system_aes.srcs/sources_1/bd/design_1/ipshared/rtl/aes_ip_v1_0_M00_AXI.v:496]
WARNING: [Synth 8-6014] Unused sequential element SM4_OUT_DATA_2ST_reg was removed.  [d:/ProgramEnvironment/vivado2017/system_aes/system_aes.srcs/sources_1/bd/design_1/ipshared/rtl/aes_ip_v1_0_M00_AXI.v:497]
WARNING: [Synth 8-6014] Unused sequential element axi_wdata_reg was removed.  [d:/ProgramEnvironment/vivado2017/system_aes/system_aes.srcs/sources_1/bd/design_1/ipshared/rtl/aes_ip_v1_0_M00_AXI.v:507]
WARNING: [Synth 8-6014] Unused sequential element write_burst_counter_reg was removed.  [d:/ProgramEnvironment/vivado2017/system_aes/system_aes.srcs/sources_1/bd/design_1/ipshared/rtl/aes_ip_v1_0_M00_AXI.v:759]
WARNING: [Synth 8-6014] Unused sequential element writes_done_reg was removed.  [d:/ProgramEnvironment/vivado2017/system_aes/system_aes.srcs/sources_1/bd/design_1/ipshared/rtl/aes_ip_v1_0_M00_AXI.v:1053]
INFO: [Synth 8-256] done synthesizing module 'aes_ip_v1_0_M00_AXI' (3#1) [d:/ProgramEnvironment/vivado2017/system_aes/system_aes.srcs/sources_1/bd/design_1/ipshared/rtl/aes_ip_v1_0_M00_AXI.v:4]
INFO: [Synth 8-638] synthesizing module 'AES128' [d:/ProgramEnvironment/vivado2017/system_aes/system_aes.srcs/sources_1/bd/design_1/ipshared/744f/aes_top.v:1]
	Parameter IDLE bound to: 2'b00 
	Parameter GENERATING bound to: 2'b01 
	Parameter DONE bound to: 2'b10 
	Parameter PIPLINE_DEPTH bound to: 10 - type: integer 
INFO: [Synth 8-638] synthesizing module 'ROUND_ITERATION' [d:/ProgramEnvironment/vivado2017/system_aes/system_aes.srcs/sources_1/bd/design_1/ipshared/744f/round_iteration.v:1]
INFO: [Synth 8-638] synthesizing module 'SUB_BYTES' [d:/ProgramEnvironment/vivado2017/system_aes/system_aes.srcs/sources_1/bd/design_1/ipshared/744f/sub_bytes.v:1]
INFO: [Synth 8-256] done synthesizing module 'SUB_BYTES' (4#1) [d:/ProgramEnvironment/vivado2017/system_aes/system_aes.srcs/sources_1/bd/design_1/ipshared/744f/sub_bytes.v:1]
INFO: [Synth 8-638] synthesizing module 'SHIFT_ROWS' [d:/ProgramEnvironment/vivado2017/system_aes/system_aes.srcs/sources_1/bd/design_1/ipshared/744f/shift_rows.v:1]
INFO: [Synth 8-256] done synthesizing module 'SHIFT_ROWS' (5#1) [d:/ProgramEnvironment/vivado2017/system_aes/system_aes.srcs/sources_1/bd/design_1/ipshared/744f/shift_rows.v:1]
INFO: [Synth 8-638] synthesizing module 'MIX_COLUMNS' [d:/ProgramEnvironment/vivado2017/system_aes/system_aes.srcs/sources_1/bd/design_1/ipshared/744f/mix_columns.v:1]
INFO: [Synth 8-256] done synthesizing module 'MIX_COLUMNS' (6#1) [d:/ProgramEnvironment/vivado2017/system_aes/system_aes.srcs/sources_1/bd/design_1/ipshared/744f/mix_columns.v:1]
INFO: [Synth 8-256] done synthesizing module 'ROUND_ITERATION' (7#1) [d:/ProgramEnvironment/vivado2017/system_aes/system_aes.srcs/sources_1/bd/design_1/ipshared/744f/round_iteration.v:1]
INFO: [Synth 8-155] case statement is not full and has no default [d:/ProgramEnvironment/vivado2017/system_aes/system_aes.srcs/sources_1/bd/design_1/ipshared/744f/aes_top.v:90]
INFO: [Synth 8-638] synthesizing module 'GENERATE_KEY' [d:/ProgramEnvironment/vivado2017/system_aes/system_aes.srcs/sources_1/bd/design_1/ipshared/744f/generate_key.v:1]
INFO: [Synth 8-256] done synthesizing module 'GENERATE_KEY' (8#1) [d:/ProgramEnvironment/vivado2017/system_aes/system_aes.srcs/sources_1/bd/design_1/ipshared/744f/generate_key.v:1]
INFO: [Synth 8-4471] merging register 'R_inst[1].flag_reg_reg[1]' into 'R_inst[0].flag_reg_reg[0]' [d:/ProgramEnvironment/vivado2017/system_aes/system_aes.srcs/sources_1/bd/design_1/ipshared/744f/aes_top.v:179]
INFO: [Synth 8-4471] merging register 'R_inst[2].flag_reg_reg[2]' into 'R_inst[0].flag_reg_reg[0]' [d:/ProgramEnvironment/vivado2017/system_aes/system_aes.srcs/sources_1/bd/design_1/ipshared/744f/aes_top.v:179]
INFO: [Synth 8-4471] merging register 'R_inst[3].flag_reg_reg[3]' into 'R_inst[0].flag_reg_reg[0]' [d:/ProgramEnvironment/vivado2017/system_aes/system_aes.srcs/sources_1/bd/design_1/ipshared/744f/aes_top.v:179]
INFO: [Synth 8-4471] merging register 'R_inst[4].flag_reg_reg[4]' into 'R_inst[0].flag_reg_reg[0]' [d:/ProgramEnvironment/vivado2017/system_aes/system_aes.srcs/sources_1/bd/design_1/ipshared/744f/aes_top.v:179]
INFO: [Synth 8-4471] merging register 'R_inst[5].flag_reg_reg[5]' into 'R_inst[0].flag_reg_reg[0]' [d:/ProgramEnvironment/vivado2017/system_aes/system_aes.srcs/sources_1/bd/design_1/ipshared/744f/aes_top.v:179]
INFO: [Synth 8-4471] merging register 'R_inst[6].flag_reg_reg[6]' into 'R_inst[0].flag_reg_reg[0]' [d:/ProgramEnvironment/vivado2017/system_aes/system_aes.srcs/sources_1/bd/design_1/ipshared/744f/aes_top.v:179]
INFO: [Synth 8-4471] merging register 'R_inst[7].flag_reg_reg[7]' into 'R_inst[0].flag_reg_reg[0]' [d:/ProgramEnvironment/vivado2017/system_aes/system_aes.srcs/sources_1/bd/design_1/ipshared/744f/aes_top.v:179]
INFO: [Synth 8-4471] merging register 'R_inst[8].flag_reg_reg[8]' into 'R_inst[0].flag_reg_reg[0]' [d:/ProgramEnvironment/vivado2017/system_aes/system_aes.srcs/sources_1/bd/design_1/ipshared/744f/aes_top.v:179]
WARNING: [Synth 8-6014] Unused sequential element R_inst[1].flag_reg_reg[1] was removed.  [d:/ProgramEnvironment/vivado2017/system_aes/system_aes.srcs/sources_1/bd/design_1/ipshared/744f/aes_top.v:179]
WARNING: [Synth 8-6014] Unused sequential element R_inst[2].flag_reg_reg[2] was removed.  [d:/ProgramEnvironment/vivado2017/system_aes/system_aes.srcs/sources_1/bd/design_1/ipshared/744f/aes_top.v:179]
WARNING: [Synth 8-6014] Unused sequential element R_inst[3].flag_reg_reg[3] was removed.  [d:/ProgramEnvironment/vivado2017/system_aes/system_aes.srcs/sources_1/bd/design_1/ipshared/744f/aes_top.v:179]
WARNING: [Synth 8-6014] Unused sequential element R_inst[4].flag_reg_reg[4] was removed.  [d:/ProgramEnvironment/vivado2017/system_aes/system_aes.srcs/sources_1/bd/design_1/ipshared/744f/aes_top.v:179]
WARNING: [Synth 8-6014] Unused sequential element R_inst[5].flag_reg_reg[5] was removed.  [d:/ProgramEnvironment/vivado2017/system_aes/system_aes.srcs/sources_1/bd/design_1/ipshared/744f/aes_top.v:179]
WARNING: [Synth 8-6014] Unused sequential element R_inst[6].flag_reg_reg[6] was removed.  [d:/ProgramEnvironment/vivado2017/system_aes/system_aes.srcs/sources_1/bd/design_1/ipshared/744f/aes_top.v:179]
WARNING: [Synth 8-6014] Unused sequential element R_inst[7].flag_reg_reg[7] was removed.  [d:/ProgramEnvironment/vivado2017/system_aes/system_aes.srcs/sources_1/bd/design_1/ipshared/744f/aes_top.v:179]
WARNING: [Synth 8-6014] Unused sequential element R_inst[8].flag_reg_reg[8] was removed.  [d:/ProgramEnvironment/vivado2017/system_aes/system_aes.srcs/sources_1/bd/design_1/ipshared/744f/aes_top.v:179]
INFO: [Synth 8-256] done synthesizing module 'AES128' (9#1) [d:/ProgramEnvironment/vivado2017/system_aes/system_aes.srcs/sources_1/bd/design_1/ipshared/744f/aes_top.v:1]
INFO: [Synth 8-256] done synthesizing module 'AES_IP_TOP' (10#1) [d:/ProgramEnvironment/vivado2017/system_aes/system_aes.srcs/sources_1/bd/design_1/ipshared/744f/AES_IP_TOP.v:2]
WARNING: [Synth 8-689] width (1) of port connection 'M_AXI_AWUSER' does not match port width (2) of module 'AES_IP_TOP' [d:/ProgramEnvironment/vivado2017/system_aes/system_aes.srcs/sources_1/bd/design_1/ip/design_1_AES_IP_TOP_0_1/synth/design_1_AES_IP_TOP_0_1.v:256]
WARNING: [Synth 8-689] width (1) of port connection 'M_AXI_WUSER' does not match port width (2) of module 'AES_IP_TOP' [d:/ProgramEnvironment/vivado2017/system_aes/system_aes.srcs/sources_1/bd/design_1/ip/design_1_AES_IP_TOP_0_1/synth/design_1_AES_IP_TOP_0_1.v:262]
WARNING: [Synth 8-689] width (1) of port connection 'M_AXI_BUSER' does not match port width (2) of module 'AES_IP_TOP' [d:/ProgramEnvironment/vivado2017/system_aes/system_aes.srcs/sources_1/bd/design_1/ip/design_1_AES_IP_TOP_0_1/synth/design_1_AES_IP_TOP_0_1.v:267]
WARNING: [Synth 8-689] width (1) of port connection 'M_AXI_ARUSER' does not match port width (2) of module 'AES_IP_TOP' [d:/ProgramEnvironment/vivado2017/system_aes/system_aes.srcs/sources_1/bd/design_1/ip/design_1_AES_IP_TOP_0_1/synth/design_1_AES_IP_TOP_0_1.v:279]
WARNING: [Synth 8-689] width (1) of port connection 'M_AXI_RUSER' does not match port width (2) of module 'AES_IP_TOP' [d:/ProgramEnvironment/vivado2017/system_aes/system_aes.srcs/sources_1/bd/design_1/ip/design_1_AES_IP_TOP_0_1/synth/design_1_AES_IP_TOP_0_1.v:286]
INFO: [Synth 8-256] done synthesizing module 'design_1_AES_IP_TOP_0_1' (11#1) [d:/ProgramEnvironment/vivado2017/system_aes/system_aes.srcs/sources_1/bd/design_1/ip/design_1_AES_IP_TOP_0_1/synth/design_1_AES_IP_TOP_0_1.v:57]
INFO: [Synth 8-638] synthesizing module 'design_1_axi_apb_bridge_0_0' [d:/ProgramEnvironment/vivado2017/system_aes/system_aes.srcs/sources_1/bd/design_1/ip/design_1_axi_apb_bridge_0_0/synth/design_1_axi_apb_bridge_0_0.vhd:90]
	Parameter C_FAMILY bound to: zynq - type: string 
	Parameter C_INSTANCE bound to: axi_apb_bridge_inst - type: string 
	Parameter C_S_AXI_ADDR_WIDTH bound to: 32 - type: integer 
	Parameter C_S_AXI_DATA_WIDTH bound to: 32 - type: integer 
	Parameter C_M_APB_ADDR_WIDTH bound to: 32 - type: integer 
	Parameter C_M_APB_DATA_WIDTH bound to: 32 - type: integer 
	Parameter C_APB_NUM_SLAVES bound to: 1 - type: integer 
	Parameter C_M_APB_PROTOCOL bound to: apb3 - type: string 
	Parameter C_BASEADDR bound to: 32'b01000000000000010000000000000000 
	Parameter C_HIGHADDR bound to: 32'b01000000000000011111111111111111 
	Parameter C_S_AXI_RNG2_BASEADDR bound to: 32'b00010000000000000000000000000000 
	Parameter C_S_AXI_RNG2_HIGHADDR bound to: 32'b00011111111111111111111111111111 
	Parameter C_S_AXI_RNG3_BASEADDR bound to: 32'b00100000000000000000000000000000 
	Parameter C_S_AXI_RNG3_HIGHADDR bound to: 32'b00101111111111111111111111111111 
	Parameter C_S_AXI_RNG4_BASEADDR bound to: 32'b00110000000000000000000000000000 
	Parameter C_S_AXI_RNG4_HIGHADDR bound to: 32'b00111111111111111111111111111111 
	Parameter C_S_AXI_RNG5_BASEADDR bound to: 32'b01000000000000000000000000000000 
	Parameter C_S_AXI_RNG5_HIGHADDR bound to: 32'b01001111111111111111111111111111 
	Parameter C_S_AXI_RNG6_BASEADDR bound to: 32'b01010000000000000000000000000000 
	Parameter C_S_AXI_RNG6_HIGHADDR bound to: 32'b01011111111111111111111111111111 
	Parameter C_S_AXI_RNG7_BASEADDR bound to: 32'b01100000000000000000000000000000 
	Parameter C_S_AXI_RNG7_HIGHADDR bound to: 32'b01101111111111111111111111111111 
	Parameter C_S_AXI_RNG8_BASEADDR bound to: 32'b01110000000000000000000000000000 
	Parameter C_S_AXI_RNG8_HIGHADDR bound to: 32'b01111111111111111111111111111111 
	Parameter C_S_AXI_RNG9_BASEADDR bound to: 32'b10000000000000000000000000000000 
	Parameter C_S_AXI_RNG9_HIGHADDR bound to: 32'b10001111111111111111111111111111 
	Parameter C_S_AXI_RNG10_BASEADDR bound to: 32'b10010000000000000000000000000000 
	Parameter C_S_AXI_RNG10_HIGHADDR bound to: 32'b10011111111111111111111111111111 
	Parameter C_S_AXI_RNG11_BASEADDR bound to: 32'b10100000000000000000000000000000 
	Parameter C_S_AXI_RNG11_HIGHADDR bound to: 32'b10101111111111111111111111111111 
	Parameter C_S_AXI_RNG12_BASEADDR bound to: 32'b10110000000000000000000000000000 
	Parameter C_S_AXI_RNG12_HIGHADDR bound to: 32'b10111111111111111111111111111111 
	Parameter C_S_AXI_RNG13_BASEADDR bound to: 32'b11000000000000000000000000000000 
	Parameter C_S_AXI_RNG13_HIGHADDR bound to: 32'b11001111111111111111111111111111 
	Parameter C_S_AXI_RNG14_BASEADDR bound to: 32'b11010000000000000000000000000000 
	Parameter C_S_AXI_RNG14_HIGHADDR bound to: 32'b11011111111111111111111111111111 
	Parameter C_S_AXI_RNG15_BASEADDR bound to: 32'b11100000000000000000000000000000 
	Parameter C_S_AXI_RNG15_HIGHADDR bound to: 32'b11101111111111111111111111111111 
	Parameter C_S_AXI_RNG16_BASEADDR bound to: 32'b11110000000000000000000000000000 
	Parameter C_S_AXI_RNG16_HIGHADDR bound to: 32'b11111111111111111111111111111111 
	Parameter C_DPHASE_TIMEOUT bound to: 0 - type: integer 
INFO: [Synth 8-3491] module 'axi_apb_bridge' declared at 'd:/ProgramEnvironment/vivado2017/system_aes/system_aes.srcs/sources_1/bd/design_1/ipshared/8323/hdl/axi_apb_bridge_v3_0_vh_rfs.vhd:7174' bound to instance 'U0' of component 'axi_apb_bridge' [d:/ProgramEnvironment/vivado2017/system_aes/system_aes.srcs/sources_1/bd/design_1/ip/design_1_axi_apb_bridge_0_0/synth/design_1_axi_apb_bridge_0_0.vhd:226]
INFO: [Synth 8-638] synthesizing module 'axi_apb_bridge' [d:/ProgramEnvironment/vivado2017/system_aes/system_aes.srcs/sources_1/bd/design_1/ipshared/8323/hdl/axi_apb_bridge_v3_0_vh_rfs.vhd:7283]
	Parameter C_FAMILY bound to: zynq - type: string 
	Parameter C_INSTANCE bound to: axi_apb_bridge_inst - type: string 
	Parameter C_S_AXI_ADDR_WIDTH bound to: 32 - type: integer 
	Parameter C_S_AXI_DATA_WIDTH bound to: 32 - type: integer 
	Parameter C_M_APB_ADDR_WIDTH bound to: 32 - type: integer 
	Parameter C_M_APB_DATA_WIDTH bound to: 32 - type: integer 
	Parameter C_APB_NUM_SLAVES bound to: 1 - type: integer 
	Parameter C_M_APB_PROTOCOL bound to: apb3 - type: string 
	Parameter C_BASEADDR bound to: 1073807360 - type: integer 
	Parameter C_HIGHADDR bound to: 1073872895 - type: integer 
	Parameter C_S_AXI_RNG2_BASEADDR bound to: 268435456 - type: integer 
	Parameter C_S_AXI_RNG2_HIGHADDR bound to: 536870911 - type: integer 
	Parameter C_S_AXI_RNG3_BASEADDR bound to: 536870912 - type: integer 
	Parameter C_S_AXI_RNG3_HIGHADDR bound to: 805306367 - type: integer 
	Parameter C_S_AXI_RNG4_BASEADDR bound to: 805306368 - type: integer 
	Parameter C_S_AXI_RNG4_HIGHADDR bound to: 1073741823 - type: integer 
	Parameter C_S_AXI_RNG5_BASEADDR bound to: 1073741824 - type: integer 
	Parameter C_S_AXI_RNG5_HIGHADDR bound to: 1342177279 - type: integer 
	Parameter C_S_AXI_RNG6_BASEADDR bound to: 1342177280 - type: integer 
	Parameter C_S_AXI_RNG6_HIGHADDR bound to: 1610612735 - type: integer 
	Parameter C_S_AXI_RNG7_BASEADDR bound to: 1610612736 - type: integer 
	Parameter C_S_AXI_RNG7_HIGHADDR bound to: 1879048191 - type: integer 
	Parameter C_S_AXI_RNG8_BASEADDR bound to: 1879048192 - type: integer 
	Parameter C_S_AXI_RNG8_HIGHADDR bound to: 2147483647 - type: integer 
	Parameter C_S_AXI_RNG9_BASEADDR bound to: -2147483648 - type: integer 
	Parameter C_S_AXI_RNG9_HIGHADDR bound to: -1879048193 - type: integer 
	Parameter C_S_AXI_RNG10_BASEADDR bound to: -1879048192 - type: integer 
	Parameter C_S_AXI_RNG10_HIGHADDR bound to: -1610612737 - type: integer 
	Parameter C_S_AXI_RNG11_BASEADDR bound to: -1610612736 - type: integer 
	Parameter C_S_AXI_RNG11_HIGHADDR bound to: -1342177281 - type: integer 
	Parameter C_S_AXI_RNG12_BASEADDR bound to: -1342177280 - type: integer 
	Parameter C_S_AXI_RNG12_HIGHADDR bound to: -1073741825 - type: integer 
	Parameter C_S_AXI_RNG13_BASEADDR bound to: -1073741824 - type: integer 
	Parameter C_S_AXI_RNG13_HIGHADDR bound to: -805306369 - type: integer 
	Parameter C_S_AXI_RNG14_BASEADDR bound to: -805306368 - type: integer 
	Parameter C_S_AXI_RNG14_HIGHADDR bound to: -536870913 - type: integer 
	Parameter C_S_AXI_RNG15_BASEADDR bound to: -536870912 - type: integer 
	Parameter C_S_AXI_RNG15_HIGHADDR bound to: -268435457 - type: integer 
	Parameter C_S_AXI_RNG16_BASEADDR bound to: -268435456 - type: integer 
	Parameter C_S_AXI_RNG16_HIGHADDR bound to: -1 - type: integer 
	Parameter C_DPHASE_TIMEOUT bound to: 0 - type: integer 
INFO: [Synth 8-638] synthesizing module 'psel_decoder' [d:/ProgramEnvironment/vivado2017/system_aes/system_aes.srcs/sources_1/bd/design_1/ipshared/8323/hdl/axi_apb_bridge_v3_0_vh_rfs.vhd:564]
	Parameter C_FAMILY bound to: zynq - type: string 
	Parameter C_S_AXI_ADDR_WIDTH bound to: 32 - type: integer 
	Parameter C_APB_NUM_SLAVES bound to: 1 - type: integer 
	Parameter C_S_AXI_RNG1_BASEADDR bound to: 1073807360 - type: integer 
	Parameter C_S_AXI_RNG1_HIGHADDR bound to: 1073872895 - type: integer 
	Parameter C_S_AXI_RNG2_BASEADDR bound to: 268435456 - type: integer 
	Parameter C_S_AXI_RNG2_HIGHADDR bound to: 536870911 - type: integer 
	Parameter C_S_AXI_RNG3_BASEADDR bound to: 536870912 - type: integer 
	Parameter C_S_AXI_RNG3_HIGHADDR bound to: 805306367 - type: integer 
	Parameter C_S_AXI_RNG4_BASEADDR bound to: 805306368 - type: integer 
	Parameter C_S_AXI_RNG4_HIGHADDR bound to: 1073741823 - type: integer 
	Parameter C_S_AXI_RNG5_BASEADDR bound to: 1073741824 - type: integer 
	Parameter C_S_AXI_RNG5_HIGHADDR bound to: 1342177279 - type: integer 
	Parameter C_S_AXI_RNG6_BASEADDR bound to: 1342177280 - type: integer 
	Parameter C_S_AXI_RNG6_HIGHADDR bound to: 1610612735 - type: integer 
	Parameter C_S_AXI_RNG7_BASEADDR bound to: 1610612736 - type: integer 
	Parameter C_S_AXI_RNG7_HIGHADDR bound to: 1879048191 - type: integer 
	Parameter C_S_AXI_RNG8_BASEADDR bound to: 1879048192 - type: integer 
	Parameter C_S_AXI_RNG8_HIGHADDR bound to: 2147483647 - type: integer 
	Parameter C_S_AXI_RNG9_BASEADDR bound to: -2147483648 - type: integer 
	Parameter C_S_AXI_RNG9_HIGHADDR bound to: -1879048193 - type: integer 
	Parameter C_S_AXI_RNG10_BASEADDR bound to: -1879048192 - type: integer 
	Parameter C_S_AXI_RNG10_HIGHADDR bound to: -1610612737 - type: integer 
	Parameter C_S_AXI_RNG11_BASEADDR bound to: -1610612736 - type: integer 
	Parameter C_S_AXI_RNG11_HIGHADDR bound to: -1342177281 - type: integer 
	Parameter C_S_AXI_RNG12_BASEADDR bound to: -1342177280 - type: integer 
	Parameter C_S_AXI_RNG12_HIGHADDR bound to: -1073741825 - type: integer 
	Parameter C_S_AXI_RNG13_BASEADDR bound to: -1073741824 - type: integer 
	Parameter C_S_AXI_RNG13_HIGHADDR bound to: -805306369 - type: integer 
	Parameter C_S_AXI_RNG14_BASEADDR bound to: -805306368 - type: integer 
	Parameter C_S_AXI_RNG14_HIGHADDR bound to: -536870913 - type: integer 
	Parameter C_S_AXI_RNG15_BASEADDR bound to: -536870912 - type: integer 
	Parameter C_S_AXI_RNG15_HIGHADDR bound to: -268435457 - type: integer 
	Parameter C_S_AXI_RNG16_BASEADDR bound to: -268435456 - type: integer 
	Parameter C_S_AXI_RNG16_HIGHADDR bound to: -1 - type: integer 
INFO: [Synth 8-256] done synthesizing module 'psel_decoder' (12#1) [d:/ProgramEnvironment/vivado2017/system_aes/system_aes.srcs/sources_1/bd/design_1/ipshared/8323/hdl/axi_apb_bridge_v3_0_vh_rfs.vhd:564]
INFO: [Synth 8-638] synthesizing module 'multiplexor' [d:/ProgramEnvironment/vivado2017/system_aes/system_aes.srcs/sources_1/bd/design_1/ipshared/8323/hdl/axi_apb_bridge_v3_0_vh_rfs.vhd:4147]
	Parameter C_M_APB_DATA_WIDTH bound to: 32 - type: integer 
	Parameter C_APB_NUM_SLAVES bound to: 1 - type: integer 
INFO: [Synth 8-256] done synthesizing module 'multiplexor' (13#1) [d:/ProgramEnvironment/vivado2017/system_aes/system_aes.srcs/sources_1/bd/design_1/ipshared/8323/hdl/axi_apb_bridge_v3_0_vh_rfs.vhd:4147]
INFO: [Synth 8-638] synthesizing module 'axilite_sif' [d:/ProgramEnvironment/vivado2017/system_aes/system_aes.srcs/sources_1/bd/design_1/ipshared/8323/hdl/axi_apb_bridge_v3_0_vh_rfs.vhd:6097]
	Parameter C_FAMILY bound to: zynq - type: string 
	Parameter C_S_AXI_ADDR_WIDTH bound to: 32 - type: integer 
	Parameter C_S_AXI_DATA_WIDTH bound to: 32 - type: integer 
	Parameter C_DPHASE_TIMEOUT bound to: 0 - type: integer 
	Parameter C_M_APB_PROTOCOL bound to: apb3 - type: string 
INFO: [Synth 8-226] default block is never used [d:/ProgramEnvironment/vivado2017/system_aes/system_aes.srcs/sources_1/bd/design_1/ipshared/8323/hdl/axi_apb_bridge_v3_0_vh_rfs.vhd:6345]
INFO: [Synth 8-256] done synthesizing module 'axilite_sif' (14#1) [d:/ProgramEnvironment/vivado2017/system_aes/system_aes.srcs/sources_1/bd/design_1/ipshared/8323/hdl/axi_apb_bridge_v3_0_vh_rfs.vhd:6097]
INFO: [Synth 8-638] synthesizing module 'apb_mif' [d:/ProgramEnvironment/vivado2017/system_aes/system_aes.srcs/sources_1/bd/design_1/ipshared/8323/hdl/axi_apb_bridge_v3_0_vh_rfs.vhd:6673]
	Parameter C_M_APB_ADDR_WIDTH bound to: 32 - type: integer 
	Parameter C_M_APB_DATA_WIDTH bound to: 32 - type: integer 
	Parameter C_S_AXI_DATA_WIDTH bound to: 32 - type: integer 
	Parameter C_APB_NUM_SLAVES bound to: 1 - type: integer 
	Parameter C_M_APB_PROTOCOL bound to: apb3 - type: string 
INFO: [Synth 8-256] done synthesizing module 'apb_mif' (15#1) [d:/ProgramEnvironment/vivado2017/system_aes/system_aes.srcs/sources_1/bd/design_1/ipshared/8323/hdl/axi_apb_bridge_v3_0_vh_rfs.vhd:6673]
INFO: [Synth 8-256] done synthesizing module 'axi_apb_bridge' (16#1) [d:/ProgramEnvironment/vivado2017/system_aes/system_aes.srcs/sources_1/bd/design_1/ipshared/8323/hdl/axi_apb_bridge_v3_0_vh_rfs.vhd:7283]
INFO: [Synth 8-256] done synthesizing module 'design_1_axi_apb_bridge_0_0' (17#1) [d:/ProgramEnvironment/vivado2017/system_aes/system_aes.srcs/sources_1/bd/design_1/ip/design_1_axi_apb_bridge_0_0/synth/design_1_axi_apb_bridge_0_0.vhd:90]
INFO: [Synth 8-638] synthesizing module 'design_1_axi_bram_ctrl_0_0' [d:/ProgramEnvironment/vivado2017/system_aes/system_aes.srcs/sources_1/bd/design_1/ip/design_1_axi_bram_ctrl_0_0/synth/design_1_axi_bram_ctrl_0_0.vhd:115]
	Parameter C_BRAM_INST_MODE bound to: EXTERNAL - type: string 
	Parameter C_MEMORY_DEPTH bound to: 4096 - type: integer 
	Parameter C_BRAM_ADDR_WIDTH bound to: 12 - type: integer 
	Parameter C_S_AXI_ADDR_WIDTH bound to: 16 - type: integer 
	Parameter C_S_AXI_DATA_WIDTH bound to: 128 - type: integer 
	Parameter C_S_AXI_ID_WIDTH bound to: 2 - type: integer 
	Parameter C_S_AXI_PROTOCOL bound to: AXI4 - type: string 
	Parameter C_S_AXI_SUPPORTS_NARROW_BURST bound to: 1 - type: integer 
	Parameter C_SINGLE_PORT_BRAM bound to: 0 - type: integer 
	Parameter C_FAMILY bound to: zynq - type: string 
	Parameter C_SELECT_XPM bound to: 1 - type: integer 
	Parameter C_S_AXI_CTRL_ADDR_WIDTH bound to: 32 - type: integer 
	Parameter C_S_AXI_CTRL_DATA_WIDTH bound to: 32 - type: integer 
	Parameter C_ECC bound to: 0 - type: integer 
	Parameter C_ECC_TYPE bound to: 0 - type: integer 
	Parameter C_FAULT_INJECT bound to: 0 - type: integer 
	Parameter C_ECC_ONOFF_RESET_VALUE bound to: 0 - type: integer 
INFO: [Synth 8-3491] module 'axi_bram_ctrl' declared at 'd:/ProgramEnvironment/vivado2017/system_aes/system_aes.srcs/sources_1/bd/design_1/ipshared/20fd/hdl/axi_bram_ctrl_v4_0_rfs.vhd:23741' bound to instance 'U0' of component 'axi_bram_ctrl' [d:/ProgramEnvironment/vivado2017/system_aes/system_aes.srcs/sources_1/bd/design_1/ip/design_1_axi_bram_ctrl_0_0/synth/design_1_axi_bram_ctrl_0_0.vhd:276]
INFO: [Synth 8-638] synthesizing module 'axi_bram_ctrl' [d:/ProgramEnvironment/vivado2017/system_aes/system_aes.srcs/sources_1/bd/design_1/ipshared/20fd/hdl/axi_bram_ctrl_v4_0_rfs.vhd:23911]
	Parameter C_BRAM_INST_MODE bound to: EXTERNAL - type: string 
	Parameter C_MEMORY_DEPTH bound to: 4096 - type: integer 
	Parameter C_BRAM_ADDR_WIDTH bound to: 12 - type: integer 
	Parameter C_S_AXI_ADDR_WIDTH bound to: 16 - type: integer 
	Parameter C_S_AXI_DATA_WIDTH bound to: 128 - type: integer 
	Parameter C_S_AXI_ID_WIDTH bound to: 2 - type: integer 
	Parameter C_S_AXI_PROTOCOL bound to: AXI4 - type: string 
	Parameter C_S_AXI_SUPPORTS_NARROW_BURST bound to: 1 - type: integer 
	Parameter C_SINGLE_PORT_BRAM bound to: 0 - type: integer 
	Parameter C_FAMILY bound to: zynq - type: string 
	Parameter C_SELECT_XPM bound to: 1 - type: integer 
	Parameter C_S_AXI_CTRL_ADDR_WIDTH bound to: 32 - type: integer 
	Parameter C_S_AXI_CTRL_DATA_WIDTH bound to: 32 - type: integer 
	Parameter C_ECC bound to: 0 - type: integer 
	Parameter C_ECC_TYPE bound to: 0 - type: integer 
	Parameter C_FAULT_INJECT bound to: 0 - type: integer 
	Parameter C_ECC_ONOFF_RESET_VALUE bound to: 0 - type: integer 
INFO: [Synth 8-638] synthesizing module 'axi_bram_ctrl_top' [d:/ProgramEnvironment/vivado2017/system_aes/system_aes.srcs/sources_1/bd/design_1/ipshared/20fd/hdl/axi_bram_ctrl_v4_0_rfs.vhd:22911]
	Parameter C_BRAM_ADDR_WIDTH bound to: 12 - type: integer 
	Parameter C_S_AXI_ADDR_WIDTH bound to: 16 - type: integer 
	Parameter C_S_AXI_DATA_WIDTH bound to: 128 - type: integer 
	Parameter C_S_AXI_ID_WIDTH bound to: 2 - type: integer 
	Parameter C_S_AXI_PROTOCOL bound to: AXI4 - type: string 
	Parameter C_S_AXI_SUPPORTS_NARROW_BURST bound to: 1 - type: integer 
	Parameter C_SINGLE_PORT_BRAM bound to: 0 - type: integer 
	Parameter C_S_AXI_CTRL_ADDR_WIDTH bound to: 32 - type: integer 
	Parameter C_S_AXI_CTRL_DATA_WIDTH bound to: 32 - type: integer 
	Parameter C_ECC bound to: 0 - type: integer 
	Parameter C_ECC_TYPE bound to: 0 - type: integer 
	Parameter C_FAULT_INJECT bound to: 0 - type: integer 
	Parameter C_ECC_ONOFF_RESET_VALUE bound to: 0 - type: integer 
INFO: [Synth 8-638] synthesizing module 'full_axi' [d:/ProgramEnvironment/vivado2017/system_aes/system_aes.srcs/sources_1/bd/design_1/ipshared/20fd/hdl/axi_bram_ctrl_v4_0_rfs.vhd:21854]
	Parameter C_S_AXI_ADDR_WIDTH bound to: 16 - type: integer 
	Parameter C_S_AXI_DATA_WIDTH bound to: 128 - type: integer 
	Parameter C_S_AXI_ID_WIDTH bound to: 2 - type: integer 
	Parameter C_S_AXI_PROTOCOL bound to: AXI4 - type: string 
	Parameter C_S_AXI_SUPPORTS_NARROW_BURST bound to: 1 - type: integer 
	Parameter C_SINGLE_PORT_BRAM bound to: 0 - type: integer 
	Parameter C_S_AXI_CTRL_ADDR_WIDTH bound to: 32 - type: integer 
	Parameter C_S_AXI_CTRL_DATA_WIDTH bound to: 32 - type: integer 
	Parameter C_ECC bound to: 0 - type: integer 
	Parameter C_ECC_WIDTH bound to: 0 - type: integer 
	Parameter C_ECC_TYPE bound to: 0 - type: integer 
	Parameter C_FAULT_INJECT bound to: 0 - type: integer 
	Parameter C_ECC_ONOFF_RESET_VALUE bound to: 0 - type: integer 
	Parameter C_ENABLE_AXI_CTRL_REG_IF bound to: 0 - type: integer 
	Parameter C_CE_FAILING_REGISTERS bound to: 0 - type: integer 
	Parameter C_UE_FAILING_REGISTERS bound to: 0 - type: integer 
	Parameter C_ECC_STATUS_REGISTERS bound to: 0 - type: integer 
	Parameter C_ECC_ONOFF_REGISTER bound to: 0 - type: integer 
	Parameter C_CE_COUNTER_WIDTH bound to: 0 - type: integer 
INFO: [Synth 8-3919] null assignment ignored [d:/ProgramEnvironment/vivado2017/system_aes/system_aes.srcs/sources_1/bd/design_1/ipshared/20fd/hdl/axi_bram_ctrl_v4_0_rfs.vhd:21922]
INFO: [Synth 8-3919] null assignment ignored [d:/ProgramEnvironment/vivado2017/system_aes/system_aes.srcs/sources_1/bd/design_1/ipshared/20fd/hdl/axi_bram_ctrl_v4_0_rfs.vhd:22099]
INFO: [Synth 8-638] synthesizing module 'wr_chnl' [d:/ProgramEnvironment/vivado2017/system_aes/system_aes.srcs/sources_1/bd/design_1/ipshared/20fd/hdl/axi_bram_ctrl_v4_0_rfs.vhd:17016]
	Parameter C_AXI_ADDR_WIDTH bound to: 16 - type: integer 
	Parameter C_BRAM_ADDR_ADJUST_FACTOR bound to: 4 - type: integer 
	Parameter C_AXI_DATA_WIDTH bound to: 128 - type: integer 
	Parameter C_AXI_ID_WIDTH bound to: 2 - type: integer 
	Parameter C_S_AXI_SUPPORTS_NARROW bound to: 1 - type: integer 
	Parameter C_S_AXI_PROTOCOL bound to: AXI4 - type: string 
	Parameter C_SINGLE_PORT_BRAM bound to: 0 - type: integer 
	Parameter C_ECC bound to: 0 - type: integer 
	Parameter C_ECC_WIDTH bound to: 0 - type: integer 
	Parameter C_ECC_TYPE bound to: 0 - type: integer 
INFO: [Synth 8-506] null port 'FaultInjectECC' ignored [d:/ProgramEnvironment/vivado2017/system_aes/system_aes.srcs/sources_1/bd/design_1/ipshared/20fd/hdl/axi_bram_ctrl_v4_0_rfs.vhd:16983]
INFO: [Synth 8-638] synthesizing module 'wrap_brst' [d:/ProgramEnvironment/vivado2017/system_aes/system_aes.srcs/sources_1/bd/design_1/ipshared/20fd/hdl/axi_bram_ctrl_v4_0_rfs.vhd:10218]
	Parameter C_AXI_ADDR_WIDTH bound to: 16 - type: integer 
	Parameter C_BRAM_ADDR_ADJUST_FACTOR bound to: 4 - type: integer 
	Parameter C_AXI_DATA_WIDTH bound to: 128 - type: integer 
INFO: [Synth 8-256] done synthesizing module 'wrap_brst' (18#1) [d:/ProgramEnvironment/vivado2017/system_aes/system_aes.srcs/sources_1/bd/design_1/ipshared/20fd/hdl/axi_bram_ctrl_v4_0_rfs.vhd:10218]
INFO: [Synth 8-226] default block is never used [d:/ProgramEnvironment/vivado2017/system_aes/system_aes.srcs/sources_1/bd/design_1/ipshared/20fd/hdl/axi_bram_ctrl_v4_0_rfs.vhd:18358]
INFO: [Synth 8-638] synthesizing module 'ua_narrow' [d:/ProgramEnvironment/vivado2017/system_aes/system_aes.srcs/sources_1/bd/design_1/ipshared/20fd/hdl/axi_bram_ctrl_v4_0_rfs.vhd:9752]
	Parameter C_AXI_DATA_WIDTH bound to: 128 - type: integer 
	Parameter C_BRAM_ADDR_ADJUST_FACTOR bound to: 4 - type: integer 
	Parameter C_NARROW_BURST_CNT_LEN bound to: 4 - type: integer 
INFO: [Synth 8-226] default block is never used [d:/ProgramEnvironment/vivado2017/system_aes/system_aes.srcs/sources_1/bd/design_1/ipshared/20fd/hdl/axi_bram_ctrl_v4_0_rfs.vhd:9931]
INFO: [Synth 8-226] default block is never used [d:/ProgramEnvironment/vivado2017/system_aes/system_aes.srcs/sources_1/bd/design_1/ipshared/20fd/hdl/axi_bram_ctrl_v4_0_rfs.vhd:9970]
INFO: [Synth 8-256] done synthesizing module 'ua_narrow' (19#1) [d:/ProgramEnvironment/vivado2017/system_aes/system_aes.srcs/sources_1/bd/design_1/ipshared/20fd/hdl/axi_bram_ctrl_v4_0_rfs.vhd:9752]
INFO: [Synth 8-226] default block is never used [d:/ProgramEnvironment/vivado2017/system_aes/system_aes.srcs/sources_1/bd/design_1/ipshared/20fd/hdl/axi_bram_ctrl_v4_0_rfs.vhd:18687]
INFO: [Synth 8-638] synthesizing module 'SRL_FIFO' [d:/ProgramEnvironment/vivado2017/system_aes/system_aes.srcs/sources_1/bd/design_1/ipshared/20fd/hdl/axi_bram_ctrl_v4_0_rfs.vhd:133]
	Parameter C_DATA_BITS bound to: 2 - type: integer 
	Parameter C_DEPTH bound to: 8 - type: integer 
	Parameter C_XON bound to: 0 - type: bool 
INFO: [Synth 8-3491] module 'FDR' declared at 'D:/xilinx-vivado2017/Vivado/2017.4/scripts/rt/data/unisim_comp.v:3951' bound to instance 'Data_Exists_DFF' of component 'FDR' [d:/ProgramEnvironment/vivado2017/system_aes/system_aes.srcs/sources_1/bd/design_1/ipshared/20fd/hdl/axi_bram_ctrl_v4_0_rfs.vhd:230]
INFO: [Synth 8-638] synthesizing module 'FDR' [D:/xilinx-vivado2017/Vivado/2017.4/scripts/rt/data/unisim_comp.v:3951]
	Parameter INIT bound to: 1'b0 
INFO: [Synth 8-256] done synthesizing module 'FDR' (20#1) [D:/xilinx-vivado2017/Vivado/2017.4/scripts/rt/data/unisim_comp.v:3951]
INFO: [Synth 8-3491] module 'MUXCY_L' declared at 'D:/xilinx-vivado2017/Vivado/2017.4/scripts/rt/data/unisim_comp.v:26636' bound to instance 'MUXCY_L_I' of component 'MUXCY_L' [d:/ProgramEnvironment/vivado2017/system_aes/system_aes.srcs/sources_1/bd/design_1/ipshared/20fd/hdl/axi_bram_ctrl_v4_0_rfs.vhd:247]
INFO: [Synth 8-638] synthesizing module 'MUXCY_L' [D:/xilinx-vivado2017/Vivado/2017.4/scripts/rt/data/unisim_comp.v:26636]
INFO: [Synth 8-256] done synthesizing module 'MUXCY_L' (21#1) [D:/xilinx-vivado2017/Vivado/2017.4/scripts/rt/data/unisim_comp.v:26636]
INFO: [Synth 8-3491] module 'XORCY' declared at 'D:/xilinx-vivado2017/Vivado/2017.4/scripts/rt/data/unisim_comp.v:52717' bound to instance 'XORCY_I' of component 'XORCY' [d:/ProgramEnvironment/vivado2017/system_aes/system_aes.srcs/sources_1/bd/design_1/ipshared/20fd/hdl/axi_bram_ctrl_v4_0_rfs.vhd:254]
INFO: [Synth 8-638] synthesizing module 'XORCY' [D:/xilinx-vivado2017/Vivado/2017.4/scripts/rt/data/unisim_comp.v:52717]
INFO: [Synth 8-256] done synthesizing module 'XORCY' (22#1) [D:/xilinx-vivado2017/Vivado/2017.4/scripts/rt/data/unisim_comp.v:52717]
INFO: [Synth 8-3491] module 'FDRE' declared at 'D:/xilinx-vivado2017/Vivado/2017.4/scripts/rt/data/unisim_comp.v:3964' bound to instance 'FDRE_I' of component 'FDRE' [d:/ProgramEnvironment/vivado2017/system_aes/system_aes.srcs/sources_1/bd/design_1/ipshared/20fd/hdl/axi_bram_ctrl_v4_0_rfs.vhd:260]
INFO: [Synth 8-638] synthesizing module 'FDRE' [D:/xilinx-vivado2017/Vivado/2017.4/scripts/rt/data/unisim_comp.v:3964]
	Parameter INIT bound to: 1'b0 
	Parameter IS_C_INVERTED bound to: 1'b0 
	Parameter IS_D_INVERTED bound to: 1'b0 
	Parameter IS_R_INVERTED bound to: 1'b0 
INFO: [Synth 8-256] done synthesizing module 'FDRE' (23#1) [D:/xilinx-vivado2017/Vivado/2017.4/scripts/rt/data/unisim_comp.v:3964]
INFO: [Synth 8-3491] module 'MUXCY_L' declared at 'D:/xilinx-vivado2017/Vivado/2017.4/scripts/rt/data/unisim_comp.v:26636' bound to instance 'MUXCY_L_I' of component 'MUXCY_L' [d:/ProgramEnvironment/vivado2017/system_aes/system_aes.srcs/sources_1/bd/design_1/ipshared/20fd/hdl/axi_bram_ctrl_v4_0_rfs.vhd:247]
INFO: [Synth 8-3491] module 'XORCY' declared at 'D:/xilinx-vivado2017/Vivado/2017.4/scripts/rt/data/unisim_comp.v:52717' bound to instance 'XORCY_I' of component 'XORCY' [d:/ProgramEnvironment/vivado2017/system_aes/system_aes.srcs/sources_1/bd/design_1/ipshared/20fd/hdl/axi_bram_ctrl_v4_0_rfs.vhd:254]
INFO: [Synth 8-3491] module 'FDRE' declared at 'D:/xilinx-vivado2017/Vivado/2017.4/scripts/rt/data/unisim_comp.v:3964' bound to instance 'FDRE_I' of component 'FDRE' [d:/ProgramEnvironment/vivado2017/system_aes/system_aes.srcs/sources_1/bd/design_1/ipshared/20fd/hdl/axi_bram_ctrl_v4_0_rfs.vhd:260]
INFO: [Synth 8-3491] module 'MUXCY_L' declared at 'D:/xilinx-vivado2017/Vivado/2017.4/scripts/rt/data/unisim_comp.v:26636' bound to instance 'MUXCY_L_I' of component 'MUXCY_L' [d:/ProgramEnvironment/vivado2017/system_aes/system_aes.srcs/sources_1/bd/design_1/ipshared/20fd/hdl/axi_bram_ctrl_v4_0_rfs.vhd:247]
INFO: [Synth 8-3491] module 'XORCY' declared at 'D:/xilinx-vivado2017/Vivado/2017.4/scripts/rt/data/unisim_comp.v:52717' bound to instance 'XORCY_I' of component 'XORCY' [d:/ProgramEnvironment/vivado2017/system_aes/system_aes.srcs/sources_1/bd/design_1/ipshared/20fd/hdl/axi_bram_ctrl_v4_0_rfs.vhd:254]
INFO: [Synth 8-3491] module 'FDRE' declared at 'D:/xilinx-vivado2017/Vivado/2017.4/scripts/rt/data/unisim_comp.v:3964' bound to instance 'FDRE_I' of component 'FDRE' [d:/ProgramEnvironment/vivado2017/system_aes/system_aes.srcs/sources_1/bd/design_1/ipshared/20fd/hdl/axi_bram_ctrl_v4_0_rfs.vhd:260]
INFO: [Synth 8-3491] module 'MUXCY_L' declared at 'D:/xilinx-vivado2017/Vivado/2017.4/scripts/rt/data/unisim_comp.v:26636' bound to instance 'MUXCY_L_I' of component 'MUXCY_L' [d:/ProgramEnvironment/vivado2017/system_aes/system_aes.srcs/sources_1/bd/design_1/ipshared/20fd/hdl/axi_bram_ctrl_v4_0_rfs.vhd:247]
INFO: [Synth 8-3491] module 'XORCY' declared at 'D:/xilinx-vivado2017/Vivado/2017.4/scripts/rt/data/unisim_comp.v:52717' bound to instance 'XORCY_I' of component 'XORCY' [d:/ProgramEnvironment/vivado2017/system_aes/system_aes.srcs/sources_1/bd/design_1/ipshared/20fd/hdl/axi_bram_ctrl_v4_0_rfs.vhd:254]
INFO: [Synth 8-3491] module 'FDRE' declared at 'D:/xilinx-vivado2017/Vivado/2017.4/scripts/rt/data/unisim_comp.v:3964' bound to instance 'FDRE_I' of component 'FDRE' [d:/ProgramEnvironment/vivado2017/system_aes/system_aes.srcs/sources_1/bd/design_1/ipshared/20fd/hdl/axi_bram_ctrl_v4_0_rfs.vhd:260]
INFO: [Synth 8-3491] module 'SRL16E' declared at 'D:/xilinx-vivado2017/Vivado/2017.4/scripts/rt/data/unisim_comp.v:50705' bound to instance 'SRL16E_I' of component 'SRL16E' [d:/ProgramEnvironment/vivado2017/system_aes/system_aes.srcs/sources_1/bd/design_1/ipshared/20fd/hdl/axi_bram_ctrl_v4_0_rfs.vhd:271]
INFO: [Synth 8-638] synthesizing module 'SRL16E' [D:/xilinx-vivado2017/Vivado/2017.4/scripts/rt/data/unisim_comp.v:50705]
	Parameter INIT bound to: 16'b0000000000000000 
	Parameter IS_CLK_INVERTED bound to: 1'b0 
INFO: [Synth 8-256] done synthesizing module 'SRL16E' (24#1) [D:/xilinx-vivado2017/Vivado/2017.4/scripts/rt/data/unisim_comp.v:50705]
INFO: [Synth 8-3491] module 'SRL16E' declared at 'D:/xilinx-vivado2017/Vivado/2017.4/scripts/rt/data/unisim_comp.v:50705' bound to instance 'SRL16E_I' of component 'SRL16E' [d:/ProgramEnvironment/vivado2017/system_aes/system_aes.srcs/sources_1/bd/design_1/ipshared/20fd/hdl/axi_bram_ctrl_v4_0_rfs.vhd:271]
INFO: [Synth 8-256] done synthesizing module 'SRL_FIFO' (25#1) [d:/ProgramEnvironment/vivado2017/system_aes/system_aes.srcs/sources_1/bd/design_1/ipshared/20fd/hdl/axi_bram_ctrl_v4_0_rfs.vhd:133]
WARNING: [Synth 8-6014] Unused sequential element curr_awsize_reg_reg was removed.  [d:/ProgramEnvironment/vivado2017/system_aes/system_aes.srcs/sources_1/bd/design_1/ipshared/20fd/hdl/axi_bram_ctrl_v4_0_rfs.vhd:18174]
WARNING: [Synth 8-6014] Unused sequential element aw_active_d1_reg was removed.  [d:/ProgramEnvironment/vivado2017/system_aes/system_aes.srcs/sources_1/bd/design_1/ipshared/20fd/hdl/axi_bram_ctrl_v4_0_rfs.vhd:18598]
INFO: [Synth 8-256] done synthesizing module 'wr_chnl' (26#1) [d:/ProgramEnvironment/vivado2017/system_aes/system_aes.srcs/sources_1/bd/design_1/ipshared/20fd/hdl/axi_bram_ctrl_v4_0_rfs.vhd:17016]
INFO: [Synth 8-638] synthesizing module 'rd_chnl' [d:/ProgramEnvironment/vivado2017/system_aes/system_aes.srcs/sources_1/bd/design_1/ipshared/20fd/hdl/axi_bram_ctrl_v4_0_rfs.vhd:11498]
	Parameter C_AXI_ADDR_WIDTH bound to: 16 - type: integer 
	Parameter C_BRAM_ADDR_ADJUST_FACTOR bound to: 4 - type: integer 
	Parameter C_AXI_DATA_WIDTH bound to: 128 - type: integer 
	Parameter C_AXI_ID_WIDTH bound to: 2 - type: integer 
	Parameter C_S_AXI_SUPPORTS_NARROW bound to: 1 - type: integer 
	Parameter C_S_AXI_PROTOCOL bound to: AXI4 - type: string 
	Parameter C_SINGLE_PORT_BRAM bound to: 0 - type: integer 
	Parameter C_ECC bound to: 0 - type: integer 
	Parameter C_ECC_WIDTH bound to: 0 - type: integer 
	Parameter C_ECC_TYPE bound to: 0 - type: integer 
INFO: [Synth 8-226] default block is never used [d:/ProgramEnvironment/vivado2017/system_aes/system_aes.srcs/sources_1/bd/design_1/ipshared/20fd/hdl/axi_bram_ctrl_v4_0_rfs.vhd:12774]
INFO: [Synth 8-226] default block is never used [d:/ProgramEnvironment/vivado2017/system_aes/system_aes.srcs/sources_1/bd/design_1/ipshared/20fd/hdl/axi_bram_ctrl_v4_0_rfs.vhd:13193]
WARNING: [Synth 8-6014] Unused sequential element curr_arsize_reg_reg was removed.  [d:/ProgramEnvironment/vivado2017/system_aes/system_aes.srcs/sources_1/bd/design_1/ipshared/20fd/hdl/axi_bram_ctrl_v4_0_rfs.vhd:12641]
WARNING: [Synth 8-6014] Unused sequential element do_cmplt_burst_reg was removed.  [d:/ProgramEnvironment/vivado2017/system_aes/system_aes.srcs/sources_1/bd/design_1/ipshared/20fd/hdl/axi_bram_ctrl_v4_0_rfs.vhd:16034]
INFO: [Synth 8-256] done synthesizing module 'rd_chnl' (27#1) [d:/ProgramEnvironment/vivado2017/system_aes/system_aes.srcs/sources_1/bd/design_1/ipshared/20fd/hdl/axi_bram_ctrl_v4_0_rfs.vhd:11498]
INFO: [Synth 8-256] done synthesizing module 'full_axi' (28#1) [d:/ProgramEnvironment/vivado2017/system_aes/system_aes.srcs/sources_1/bd/design_1/ipshared/20fd/hdl/axi_bram_ctrl_v4_0_rfs.vhd:21854]
INFO: [Synth 8-256] done synthesizing module 'axi_bram_ctrl_top' (29#1) [d:/ProgramEnvironment/vivado2017/system_aes/system_aes.srcs/sources_1/bd/design_1/ipshared/20fd/hdl/axi_bram_ctrl_v4_0_rfs.vhd:22911]
INFO: [Synth 8-256] done synthesizing module 'axi_bram_ctrl' (30#1) [d:/ProgramEnvironment/vivado2017/system_aes/system_aes.srcs/sources_1/bd/design_1/ipshared/20fd/hdl/axi_bram_ctrl_v4_0_rfs.vhd:23911]
INFO: [Synth 8-256] done synthesizing module 'design_1_axi_bram_ctrl_0_0' (31#1) [d:/ProgramEnvironment/vivado2017/system_aes/system_aes.srcs/sources_1/bd/design_1/ip/design_1_axi_bram_ctrl_0_0/synth/design_1_axi_bram_ctrl_0_0.vhd:115]
INFO: [Synth 8-638] synthesizing module 'design_1_axi_interconnect_0_0' [D:/ProgramEnvironment/vivado2017/system_aes/system_aes.srcs/sources_1/bd/design_1/synth/design_1.v:605]
INFO: [Synth 8-638] synthesizing module 'm00_couplers_imp_1CA5Z32' [D:/ProgramEnvironment/vivado2017/system_aes/system_aes.srcs/sources_1/bd/design_1/synth/design_1.v:1713]
INFO: [Synth 8-638] synthesizing module 'design_1_auto_ds_0' [d:/ProgramEnvironment/vivado2017/system_aes/system_aes.srcs/sources_1/bd/design_1/ip/design_1_auto_ds_0/synth/design_1_auto_ds_0.v:58]
INFO: [Synth 8-638] synthesizing module 'axi_dwidth_converter_v2_1_15_top' [d:/ProgramEnvironment/vivado2017/system_aes/system_aes.srcs/sources_1/bd/design_1/ipshared/1cdc/hdl/axi_dwidth_converter_v2_1_vlsyn_rfs.v:14462]
	Parameter C_FAMILY bound to: zynq - type: string 
	Parameter C_AXI_PROTOCOL bound to: 0 - type: integer 
	Parameter C_S_AXI_ID_WIDTH bound to: 2 - type: integer 
	Parameter C_SUPPORTS_ID bound to: 1 - type: integer 
	Parameter C_AXI_ADDR_WIDTH bound to: 32 - type: integer 
	Parameter C_S_AXI_DATA_WIDTH bound to: 128 - type: integer 
	Parameter C_M_AXI_DATA_WIDTH bound to: 32 - type: integer 
	Parameter C_AXI_SUPPORTS_WRITE bound to: 1 - type: integer 
	Parameter C_AXI_SUPPORTS_READ bound to: 1 - type: integer 
	Parameter C_FIFO_MODE bound to: 0 - type: integer 
	Parameter C_S_AXI_ACLK_RATIO bound to: 1 - type: integer 
	Parameter C_M_AXI_ACLK_RATIO bound to: 2 - type: integer 
	Parameter C_AXI_IS_ACLK_ASYNC bound to: 0 - type: integer 
	Parameter C_MAX_SPLIT_BEATS bound to: 256 - type: integer 
	Parameter C_PACKING_LEVEL bound to: 1 - type: integer 
	Parameter C_SYNCHRONIZER_STAGE bound to: 3 - type: integer 
	Parameter C_S_AXI_BYTES_LOG bound to: 4 - type: integer 
	Parameter C_M_AXI_BYTES_LOG bound to: 2 - type: integer 
	Parameter C_RATIO bound to: 4 - type: integer 
	Parameter C_RATIO_LOG bound to: 2 - type: integer 
	Parameter P_AXI4 bound to: 0 - type: integer 
	Parameter P_AXI3 bound to: 1 - type: integer 
	Parameter P_AXILITE bound to: 2 - type: integer 
	Parameter P_CONVERSION bound to: 2 - type: integer 
	Parameter P_MAX_SPLIT_BEATS bound to: 256 - type: integer 
INFO: [Synth 8-5534] Detected attribute (* KEEP = "TRUE" *) [d:/ProgramEnvironment/vivado2017/system_aes/system_aes.srcs/sources_1/bd/design_1/ipshared/1cdc/hdl/axi_dwidth_converter_v2_1_vlsyn_rfs.v:14513]
INFO: [Synth 8-5534] Detected attribute (* KEEP = "TRUE" *) [d:/ProgramEnvironment/vivado2017/system_aes/system_aes.srcs/sources_1/bd/design_1/ipshared/1cdc/hdl/axi_dwidth_converter_v2_1_vlsyn_rfs.v:14514]
INFO: [Synth 8-5534] Detected attribute (* KEEP = "TRUE" *) [d:/ProgramEnvironment/vivado2017/system_aes/system_aes.srcs/sources_1/bd/design_1/ipshared/1cdc/hdl/axi_dwidth_converter_v2_1_vlsyn_rfs.v:14562]
INFO: [Synth 8-5534] Detected attribute (* KEEP = "TRUE" *) [d:/ProgramEnvironment/vivado2017/system_aes/system_aes.srcs/sources_1/bd/design_1/ipshared/1cdc/hdl/axi_dwidth_converter_v2_1_vlsyn_rfs.v:14563]
INFO: [Synth 8-638] synthesizing module 'axi_dwidth_converter_v2_1_15_axi_downsizer' [d:/ProgramEnvironment/vivado2017/system_aes/system_aes.srcs/sources_1/bd/design_1/ipshared/1cdc/hdl/axi_dwidth_converter_v2_1_vlsyn_rfs.v:2380]
	Parameter C_FAMILY bound to: zynq - type: string 
	Parameter C_AXI_PROTOCOL bound to: 0 - type: integer 
	Parameter C_S_AXI_ID_WIDTH bound to: 2 - type: integer 
	Parameter C_SUPPORTS_ID bound to: 1 - type: integer 
	Parameter C_AXI_ADDR_WIDTH bound to: 32 - type: integer 
	Parameter C_S_AXI_DATA_WIDTH bound to: 128 - type: integer 
	Parameter C_M_AXI_DATA_WIDTH bound to: 32 - type: integer 
	Parameter C_AXI_SUPPORTS_WRITE bound to: 1 - type: integer 
	Parameter C_AXI_SUPPORTS_READ bound to: 1 - type: integer 
	Parameter C_MAX_SPLIT_BEATS bound to: 256 - type: integer 
	Parameter C_S_AXI_BYTES_LOG bound to: 4 - type: integer 
	Parameter C_M_AXI_BYTES_LOG bound to: 2 - type: integer 
	Parameter C_RATIO bound to: 4 - type: integer 
	Parameter C_RATIO_LOG bound to: 2 - type: integer 
	Parameter P_AXI_ADDR_WIDTH bound to: 32 - type: integer 
	Parameter P_AXI4 bound to: 0 - type: integer 
	Parameter P_AXI3 bound to: 1 - type: integer 
	Parameter P_AXILITE bound to: 2 - type: integer 
	Parameter P_MAX_SPLIT_BEATS bound to: 256 - type: integer 
	Parameter P_MAX_SPLIT_BEATS_LOG bound to: 8 - type: integer 
INFO: [Synth 8-638] synthesizing module 'axi_dwidth_converter_v2_1_15_b_downsizer' [d:/ProgramEnvironment/vivado2017/system_aes/system_aes.srcs/sources_1/bd/design_1/ipshared/1cdc/hdl/axi_dwidth_converter_v2_1_vlsyn_rfs.v:1251]
	Parameter C_FAMILY bound to: zynq - type: string 
	Parameter C_AXI_ID_WIDTH bound to: 2 - type: integer 
	Parameter C_RESP_OKAY bound to: 2'b00 
	Parameter C_RESP_EXOKAY bound to: 2'b01 
	Parameter C_RESP_SLVERROR bound to: 2'b10 
	Parameter C_RESP_DECERR bound to: 2'b11 
INFO: [Synth 8-256] done synthesizing module 'axi_dwidth_converter_v2_1_15_b_downsizer' (32#1) [d:/ProgramEnvironment/vivado2017/system_aes/system_aes.srcs/sources_1/bd/design_1/ipshared/1cdc/hdl/axi_dwidth_converter_v2_1_vlsyn_rfs.v:1251]
INFO: [Synth 8-638] synthesizing module 'axi_dwidth_converter_v2_1_15_a_downsizer' [d:/ProgramEnvironment/vivado2017/system_aes/system_aes.srcs/sources_1/bd/design_1/ipshared/1cdc/hdl/axi_dwidth_converter_v2_1_vlsyn_rfs.v:64]
	Parameter C_FAMILY bound to: zynq - type: string 
	Parameter C_AXI_PROTOCOL bound to: 0 - type: integer 
	Parameter C_AXI_ID_WIDTH bound to: 2 - type: integer 
	Parameter C_SUPPORTS_ID bound to: 1 - type: integer 
	Parameter C_AXI_ADDR_WIDTH bound to: 32 - type: integer 
	Parameter C_S_AXI_DATA_WIDTH bound to: 128 - type: integer 
	Parameter C_M_AXI_DATA_WIDTH bound to: 32 - type: integer 
	Parameter C_AXI_CHANNEL bound to: 0 - type: integer 
	Parameter C_MAX_SPLIT_BEATS bound to: 256 - type: integer 
	Parameter C_MAX_SPLIT_BEATS_LOG bound to: 8 - type: integer 
	Parameter C_S_AXI_BYTES_LOG bound to: 4 - type: integer 
	Parameter C_M_AXI_BYTES_LOG bound to: 2 - type: integer 
	Parameter C_RATIO_LOG bound to: 2 - type: integer 
	Parameter C_S_AXI_NATIVE_SIZE bound to: 3'b100 
	Parameter C_M_AXI_NATIVE_SIZE bound to: 3'b010 
	Parameter C_DOUBLE_LEN bound to: 40'b0000000000000000000000000000000011111111 
	Parameter C_FIX_BURST bound to: 2'b00 
	Parameter C_INCR_BURST bound to: 2'b01 
	Parameter C_WRAP_BURST bound to: 2'b10 
	Parameter C_FIFO_DEPTH_LOG bound to: 5 - type: integer 
INFO: [Synth 8-638] synthesizing module 'axi_data_fifo_v2_1_14_axic_fifo' [d:/ProgramEnvironment/vivado2017/system_aes/system_aes.srcs/sources_1/bd/design_1/ipshared/9909/hdl/axi_data_fifo_v2_1_vl_rfs.v:64]
	Parameter C_FAMILY bound to: zynq - type: string 
	Parameter C_FIFO_DEPTH_LOG bound to: 5 - type: integer 
	Parameter C_FIFO_WIDTH bound to: 9 - type: integer 
	Parameter C_FIFO_TYPE bound to: lut - type: string 
INFO: [Synth 8-638] synthesizing module 'axi_data_fifo_v2_1_14_fifo_gen' [d:/ProgramEnvironment/vivado2017/system_aes/system_aes.srcs/sources_1/bd/design_1/ipshared/9909/hdl/axi_data_fifo_v2_1_vl_rfs.v:168]
	Parameter C_FAMILY bound to: zynq - type: string 
	Parameter C_COMMON_CLOCK bound to: 1 - type: integer 
	Parameter C_SYNCHRONIZER_STAGE bound to: 3 - type: integer 
	Parameter C_FIFO_DEPTH_LOG bound to: 5 - type: integer 
	Parameter C_FIFO_WIDTH bound to: 9 - type: integer 
	Parameter C_FIFO_TYPE bound to: lut - type: string 
	Parameter C_MEMORY_TYPE bound to: 2 - type: integer 
	Parameter C_IMPLEMENTATION_TYPE bound to: 0 - type: integer 
INFO: [Synth 8-638] synthesizing module 'xpm_cdc_async_rst' [D:/xilinx-vivado2017/Vivado/2017.4/data/ip/xpm/xpm_cdc/hdl/xpm_cdc.sv:1177]
INFO: [Synth 8-5534] Detected attribute (* ASYNC_REG = "TRUE" *) [D:/xilinx-vivado2017/Vivado/2017.4/data/ip/xpm/xpm_cdc/hdl/xpm_cdc.sv:1228]
INFO: [Synth 8-256] done synthesizing module 'xpm_cdc_async_rst' (33#1) [D:/xilinx-vivado2017/Vivado/2017.4/data/ip/xpm/xpm_cdc/hdl/xpm_cdc.sv:1177]
INFO: [Synth 8-256] done synthesizing module 'axi_data_fifo_v2_1_14_fifo_gen' (51#1) [d:/ProgramEnvironment/vivado2017/system_aes/system_aes.srcs/sources_1/bd/design_1/ipshared/9909/hdl/axi_data_fifo_v2_1_vl_rfs.v:168]
INFO: [Synth 8-256] done synthesizing module 'axi_data_fifo_v2_1_14_axic_fifo' (52#1) [d:/ProgramEnvironment/vivado2017/system_aes/system_aes.srcs/sources_1/bd/design_1/ipshared/9909/hdl/axi_data_fifo_v2_1_vl_rfs.v:64]
INFO: [Synth 8-638] synthesizing module 'axi_data_fifo_v2_1_14_axic_fifo__parameterized0' [d:/ProgramEnvironment/vivado2017/system_aes/system_aes.srcs/sources_1/bd/design_1/ipshared/9909/hdl/axi_data_fifo_v2_1_vl_rfs.v:64]
	Parameter C_FAMILY bound to: zynq - type: string 
	Parameter C_FIFO_DEPTH_LOG bound to: 5 - type: integer 
	Parameter C_FIFO_WIDTH bound to: 29 - type: integer 
	Parameter C_FIFO_TYPE bound to: lut - type: string 
INFO: [Synth 8-638] synthesizing module 'axi_data_fifo_v2_1_14_fifo_gen__parameterized0' [d:/ProgramEnvironment/vivado2017/system_aes/system_aes.srcs/sources_1/bd/design_1/ipshared/9909/hdl/axi_data_fifo_v2_1_vl_rfs.v:168]
	Parameter C_FAMILY bound to: zynq - type: string 
	Parameter C_COMMON_CLOCK bound to: 1 - type: integer 
	Parameter C_SYNCHRONIZER_STAGE bound to: 3 - type: integer 
	Parameter C_FIFO_DEPTH_LOG bound to: 5 - type: integer 
	Parameter C_FIFO_WIDTH bound to: 29 - type: integer 
	Parameter C_FIFO_TYPE bound to: lut - type: string 
	Parameter C_MEMORY_TYPE bound to: 2 - type: integer 
	Parameter C_IMPLEMENTATION_TYPE bound to: 0 - type: integer 
INFO: [Synth 8-256] done synthesizing module 'axi_data_fifo_v2_1_14_fifo_gen__parameterized0' (52#1) [d:/ProgramEnvironment/vivado2017/system_aes/system_aes.srcs/sources_1/bd/design_1/ipshared/9909/hdl/axi_data_fifo_v2_1_vl_rfs.v:168]
INFO: [Synth 8-256] done synthesizing module 'axi_data_fifo_v2_1_14_axic_fifo__parameterized0' (52#1) [d:/ProgramEnvironment/vivado2017/system_aes/system_aes.srcs/sources_1/bd/design_1/ipshared/9909/hdl/axi_data_fifo_v2_1_vl_rfs.v:64]
WARNING: [Synth 8-6014] Unused sequential element cmd_empty_reg was removed.  [d:/ProgramEnvironment/vivado2017/system_aes/system_aes.srcs/sources_1/bd/design_1/ipshared/1cdc/hdl/axi_dwidth_converter_v2_1_vlsyn_rfs.v:1053]
WARNING: [Synth 8-6014] Unused sequential element cmd_depth_reg was removed.  [d:/ProgramEnvironment/vivado2017/system_aes/system_aes.srcs/sources_1/bd/design_1/ipshared/1cdc/hdl/axi_dwidth_converter_v2_1_vlsyn_rfs.v:1054]
INFO: [Synth 8-256] done synthesizing module 'axi_dwidth_converter_v2_1_15_a_downsizer' (53#1) [d:/ProgramEnvironment/vivado2017/system_aes/system_aes.srcs/sources_1/bd/design_1/ipshared/1cdc/hdl/axi_dwidth_converter_v2_1_vlsyn_rfs.v:64]
INFO: [Synth 8-638] synthesizing module 'axi_dwidth_converter_v2_1_15_w_downsizer' [d:/ProgramEnvironment/vivado2017/system_aes/system_aes.srcs/sources_1/bd/design_1/ipshared/1cdc/hdl/axi_dwidth_converter_v2_1_vlsyn_rfs.v:2016]
	Parameter C_FAMILY bound to: zynq - type: string 
	Parameter C_S_AXI_DATA_WIDTH bound to: 128 - type: integer 
	Parameter C_M_AXI_DATA_WIDTH bound to: 32 - type: integer 
	Parameter C_S_AXI_BYTES_LOG bound to: 4 - type: integer 
	Parameter C_M_AXI_BYTES_LOG bound to: 2 - type: integer 
	Parameter C_RATIO_LOG bound to: 2 - type: integer 
	Parameter C_DOUBLE_LEN bound to: 24'b000000000000000011111111 
INFO: [Synth 8-256] done synthesizing module 'axi_dwidth_converter_v2_1_15_w_downsizer' (54#1) [d:/ProgramEnvironment/vivado2017/system_aes/system_aes.srcs/sources_1/bd/design_1/ipshared/1cdc/hdl/axi_dwidth_converter_v2_1_vlsyn_rfs.v:2016]
INFO: [Synth 8-638] synthesizing module 'axi_dwidth_converter_v2_1_15_a_downsizer__parameterized0' [d:/ProgramEnvironment/vivado2017/system_aes/system_aes.srcs/sources_1/bd/design_1/ipshared/1cdc/hdl/axi_dwidth_converter_v2_1_vlsyn_rfs.v:64]
	Parameter C_FAMILY bound to: zynq - type: string 
	Parameter C_AXI_PROTOCOL bound to: 0 - type: integer 
	Parameter C_AXI_ID_WIDTH bound to: 2 - type: integer 
	Parameter C_SUPPORTS_ID bound to: 1 - type: integer 
	Parameter C_AXI_ADDR_WIDTH bound to: 32 - type: integer 
	Parameter C_S_AXI_DATA_WIDTH bound to: 128 - type: integer 
	Parameter C_M_AXI_DATA_WIDTH bound to: 32 - type: integer 
	Parameter C_AXI_CHANNEL bound to: 1 - type: integer 
	Parameter C_MAX_SPLIT_BEATS bound to: 256 - type: integer 
	Parameter C_MAX_SPLIT_BEATS_LOG bound to: 8 - type: integer 
	Parameter C_S_AXI_BYTES_LOG bound to: 4 - type: integer 
	Parameter C_M_AXI_BYTES_LOG bound to: 2 - type: integer 
	Parameter C_RATIO_LOG bound to: 2 - type: integer 
	Parameter C_S_AXI_NATIVE_SIZE bound to: 3'b100 
	Parameter C_M_AXI_NATIVE_SIZE bound to: 3'b010 
	Parameter C_DOUBLE_LEN bound to: 40'b0000000000000000000000000000000011111111 
	Parameter C_FIX_BURST bound to: 2'b00 
	Parameter C_INCR_BURST bound to: 2'b01 
	Parameter C_WRAP_BURST bound to: 2'b10 
	Parameter C_FIFO_DEPTH_LOG bound to: 5 - type: integer 
WARNING: [Synth 8-6014] Unused sequential element cmd_b_push_block_reg was removed.  [d:/ProgramEnvironment/vivado2017/system_aes/system_aes.srcs/sources_1/bd/design_1/ipshared/1cdc/hdl/axi_dwidth_converter_v2_1_vlsyn_rfs.v:976]
INFO: [Synth 8-256] done synthesizing module 'axi_dwidth_converter_v2_1_15_a_downsizer__parameterized0' (54#1) [d:/ProgramEnvironment/vivado2017/system_aes/system_aes.srcs/sources_1/bd/design_1/ipshared/1cdc/hdl/axi_dwidth_converter_v2_1_vlsyn_rfs.v:64]
INFO: [Synth 8-638] synthesizing module 'axi_dwidth_converter_v2_1_15_r_downsizer' [d:/ProgramEnvironment/vivado2017/system_aes/system_aes.srcs/sources_1/bd/design_1/ipshared/1cdc/hdl/axi_dwidth_converter_v2_1_vlsyn_rfs.v:1533]
	Parameter C_FAMILY bound to: zynq - type: string 
	Parameter C_AXI_ID_WIDTH bound to: 2 - type: integer 
	Parameter C_S_AXI_DATA_WIDTH bound to: 128 - type: integer 
	Parameter C_M_AXI_DATA_WIDTH bound to: 32 - type: integer 
	Parameter C_S_AXI_BYTES_LOG bound to: 4 - type: integer 
	Parameter C_M_AXI_BYTES_LOG bound to: 2 - type: integer 
	Parameter C_RATIO_LOG bound to: 2 - type: integer 
	Parameter C_RESP_OKAY bound to: 2'b00 
	Parameter C_RESP_EXOKAY bound to: 2'b01 
	Parameter C_RESP_SLVERROR bound to: 2'b10 
	Parameter C_RESP_DECERR bound to: 2'b11 
	Parameter C_DOUBLE_LEN bound to: 24'b000000000000000011111111 
INFO: [Synth 8-256] done synthesizing module 'axi_dwidth_converter_v2_1_15_r_downsizer' (55#1) [d:/ProgramEnvironment/vivado2017/system_aes/system_aes.srcs/sources_1/bd/design_1/ipshared/1cdc/hdl/axi_dwidth_converter_v2_1_vlsyn_rfs.v:1533]
INFO: [Synth 8-256] done synthesizing module 'axi_dwidth_converter_v2_1_15_axi_downsizer' (56#1) [d:/ProgramEnvironment/vivado2017/system_aes/system_aes.srcs/sources_1/bd/design_1/ipshared/1cdc/hdl/axi_dwidth_converter_v2_1_vlsyn_rfs.v:2380]
INFO: [Synth 8-256] done synthesizing module 'axi_dwidth_converter_v2_1_15_top' (57#1) [d:/ProgramEnvironment/vivado2017/system_aes/system_aes.srcs/sources_1/bd/design_1/ipshared/1cdc/hdl/axi_dwidth_converter_v2_1_vlsyn_rfs.v:14462]
INFO: [Synth 8-256] done synthesizing module 'design_1_auto_ds_0' (58#1) [d:/ProgramEnvironment/vivado2017/system_aes/system_aes.srcs/sources_1/bd/design_1/ip/design_1_auto_ds_0/synth/design_1_auto_ds_0.v:58]
INFO: [Synth 8-638] synthesizing module 'design_1_auto_pc_0' [d:/ProgramEnvironment/vivado2017/system_aes/system_aes.srcs/sources_1/bd/design_1/ip/design_1_auto_pc_0/synth/design_1_auto_pc_0.v:58]
INFO: [Synth 8-638] synthesizing module 'axi_protocol_converter_v2_1_15_axi_protocol_converter' [d:/ProgramEnvironment/vivado2017/system_aes/system_aes.srcs/sources_1/bd/design_1/ipshared/ff69/hdl/axi_protocol_converter_v2_1_vl_rfs.v:4811]
	Parameter C_FAMILY bound to: zynq - type: string 
	Parameter C_M_AXI_PROTOCOL bound to: 2 - type: integer 
	Parameter C_S_AXI_PROTOCOL bound to: 0 - type: integer 
	Parameter C_IGNORE_ID bound to: 1 - type: integer 
	Parameter C_AXI_ID_WIDTH bound to: 1 - type: integer 
	Parameter C_AXI_ADDR_WIDTH bound to: 32 - type: integer 
	Parameter C_AXI_DATA_WIDTH bound to: 32 - type: integer 
	Parameter C_AXI_SUPPORTS_WRITE bound to: 1 - type: integer 
	Parameter C_AXI_SUPPORTS_READ bound to: 1 - type: integer 
	Parameter C_AXI_SUPPORTS_USER_SIGNALS bound to: 0 - type: integer 
	Parameter C_AXI_AWUSER_WIDTH bound to: 1 - type: integer 
	Parameter C_AXI_ARUSER_WIDTH bound to: 1 - type: integer 
	Parameter C_AXI_WUSER_WIDTH bound to: 1 - type: integer 
	Parameter C_AXI_RUSER_WIDTH bound to: 1 - type: integer 
	Parameter C_AXI_BUSER_WIDTH bound to: 1 - type: integer 
	Parameter C_TRANSLATION_MODE bound to: 2 - type: integer 
	Parameter P_AXI4 bound to: 0 - type: integer 
	Parameter P_AXI3 bound to: 1 - type: integer 
	Parameter P_AXILITE bound to: 2 - type: integer 
	Parameter P_AXILITE_SIZE bound to: 3'b010 
	Parameter P_INCR bound to: 2'b01 
	Parameter P_DECERR bound to: 2'b11 
	Parameter P_SLVERR bound to: 2'b10 
	Parameter P_PROTECTION bound to: 1 - type: integer 
	Parameter P_CONVERSION bound to: 2 - type: integer 
INFO: [Synth 8-638] synthesizing module 'axi_protocol_converter_v2_1_15_b2s' [d:/ProgramEnvironment/vivado2017/system_aes/system_aes.srcs/sources_1/bd/design_1/ipshared/ff69/hdl/axi_protocol_converter_v2_1_vl_rfs.v:4229]
	Parameter C_S_AXI_PROTOCOL bound to: 0 - type: integer 
	Parameter C_AXI_ID_WIDTH bound to: 1 - type: integer 
	Parameter C_AXI_ADDR_WIDTH bound to: 32 - type: integer 
	Parameter C_AXI_DATA_WIDTH bound to: 32 - type: integer 
	Parameter C_AXI_SUPPORTS_WRITE bound to: 1 - type: integer 
	Parameter C_AXI_SUPPORTS_READ bound to: 1 - type: integer 
INFO: [Synth 8-638] synthesizing module 'axi_protocol_converter_v2_1_15_b2s_aw_channel' [d:/ProgramEnvironment/vivado2017/system_aes/system_aes.srcs/sources_1/bd/design_1/ipshared/ff69/hdl/axi_protocol_converter_v2_1_vl_rfs.v:3974]
	Parameter C_ID_WIDTH bound to: 1 - type: integer 
	Parameter C_AXI_ADDR_WIDTH bound to: 32 - type: integer 
INFO: [Synth 8-638] synthesizing module 'axi_protocol_converter_v2_1_15_b2s_cmd_translator' [d:/ProgramEnvironment/vivado2017/system_aes/system_aes.srcs/sources_1/bd/design_1/ipshared/ff69/hdl/axi_protocol_converter_v2_1_vl_rfs.v:3467]
	Parameter C_AXI_ADDR_WIDTH bound to: 32 - type: integer 
	Parameter P_AXBURST_FIXED bound to: 2'b00 
	Parameter P_AXBURST_INCR bound to: 2'b01 
	Parameter P_AXBURST_WRAP bound to: 2'b10 
INFO: [Synth 8-638] synthesizing module 'axi_protocol_converter_v2_1_15_b2s_incr_cmd' [d:/ProgramEnvironment/vivado2017/system_aes/system_aes.srcs/sources_1/bd/design_1/ipshared/ff69/hdl/axi_protocol_converter_v2_1_vl_rfs.v:3093]
	Parameter C_AXI_ADDR_WIDTH bound to: 32 - type: integer 
	Parameter L_AXI_ADDR_LOW_BIT bound to: 12 - type: integer 
INFO: [Synth 8-256] done synthesizing module 'axi_protocol_converter_v2_1_15_b2s_incr_cmd' (59#1) [d:/ProgramEnvironment/vivado2017/system_aes/system_aes.srcs/sources_1/bd/design_1/ipshared/ff69/hdl/axi_protocol_converter_v2_1_vl_rfs.v:3093]
INFO: [Synth 8-638] synthesizing module 'axi_protocol_converter_v2_1_15_b2s_wrap_cmd' [d:/ProgramEnvironment/vivado2017/system_aes/system_aes.srcs/sources_1/bd/design_1/ipshared/ff69/hdl/axi_protocol_converter_v2_1_vl_rfs.v:2903]
	Parameter C_AXI_ADDR_WIDTH bound to: 32 - type: integer 
	Parameter L_AXI_ADDR_LOW_BIT bound to: 12 - type: integer 
INFO: [Synth 8-256] done synthesizing module 'axi_protocol_converter_v2_1_15_b2s_wrap_cmd' (60#1) [d:/ProgramEnvironment/vivado2017/system_aes/system_aes.srcs/sources_1/bd/design_1/ipshared/ff69/hdl/axi_protocol_converter_v2_1_vl_rfs.v:2903]
INFO: [Synth 8-256] done synthesizing module 'axi_protocol_converter_v2_1_15_b2s_cmd_translator' (61#1) [d:/ProgramEnvironment/vivado2017/system_aes/system_aes.srcs/sources_1/bd/design_1/ipshared/ff69/hdl/axi_protocol_converter_v2_1_vl_rfs.v:3467]
INFO: [Synth 8-638] synthesizing module 'axi_protocol_converter_v2_1_15_b2s_wr_cmd_fsm' [d:/ProgramEnvironment/vivado2017/system_aes/system_aes.srcs/sources_1/bd/design_1/ipshared/ff69/hdl/axi_protocol_converter_v2_1_vl_rfs.v:3225]
	Parameter SM_IDLE bound to: 2'b00 
	Parameter SM_CMD_EN bound to: 2'b01 
	Parameter SM_CMD_ACCEPTED bound to: 2'b10 
	Parameter SM_DONE_WAIT bound to: 2'b11 
INFO: [Synth 8-226] default block is never used [d:/ProgramEnvironment/vivado2017/system_aes/system_aes.srcs/sources_1/bd/design_1/ipshared/ff69/hdl/axi_protocol_converter_v2_1_vl_rfs.v:3279]
INFO: [Synth 8-256] done synthesizing module 'axi_protocol_converter_v2_1_15_b2s_wr_cmd_fsm' (62#1) [d:/ProgramEnvironment/vivado2017/system_aes/system_aes.srcs/sources_1/bd/design_1/ipshared/ff69/hdl/axi_protocol_converter_v2_1_vl_rfs.v:3225]
INFO: [Synth 8-256] done synthesizing module 'axi_protocol_converter_v2_1_15_b2s_aw_channel' (63#1) [d:/ProgramEnvironment/vivado2017/system_aes/system_aes.srcs/sources_1/bd/design_1/ipshared/ff69/hdl/axi_protocol_converter_v2_1_vl_rfs.v:3974]
INFO: [Synth 8-638] synthesizing module 'axi_protocol_converter_v2_1_15_b2s_b_channel' [d:/ProgramEnvironment/vivado2017/system_aes/system_aes.srcs/sources_1/bd/design_1/ipshared/ff69/hdl/axi_protocol_converter_v2_1_vl_rfs.v:3609]
	Parameter C_ID_WIDTH bound to: 1 - type: integer 
	Parameter LP_RESP_OKAY bound to: 2'b00 
	Parameter LP_RESP_EXOKAY bound to: 2'b01 
	Parameter LP_RESP_SLVERROR bound to: 2'b10 
	Parameter LP_RESP_DECERR bound to: 2'b11 
	Parameter P_WIDTH bound to: 9 - type: integer 
	Parameter P_DEPTH bound to: 4 - type: integer 
	Parameter P_AWIDTH bound to: 2 - type: integer 
	Parameter P_RWIDTH bound to: 2 - type: integer 
	Parameter P_RDEPTH bound to: 4 - type: integer 
	Parameter P_RAWIDTH bound to: 2 - type: integer 
INFO: [Synth 8-638] synthesizing module 'axi_protocol_converter_v2_1_15_b2s_simple_fifo' [d:/ProgramEnvironment/vivado2017/system_aes/system_aes.srcs/sources_1/bd/design_1/ipshared/ff69/hdl/axi_protocol_converter_v2_1_vl_rfs.v:2816]
	Parameter C_WIDTH bound to: 9 - type: integer 
	Parameter C_AWIDTH bound to: 2 - type: integer 
	Parameter C_DEPTH bound to: 4 - type: integer 
	Parameter C_EMPTY bound to: 2'b11 
	Parameter C_EMPTY_PRE bound to: 2'b00 
	Parameter C_FULL bound to: 2'b10 
	Parameter C_FULL_PRE bound to: 2'b01 
INFO: [Synth 8-256] done synthesizing module 'axi_protocol_converter_v2_1_15_b2s_simple_fifo' (64#1) [d:/ProgramEnvironment/vivado2017/system_aes/system_aes.srcs/sources_1/bd/design_1/ipshared/ff69/hdl/axi_protocol_converter_v2_1_vl_rfs.v:2816]
INFO: [Synth 8-638] synthesizing module 'axi_protocol_converter_v2_1_15_b2s_simple_fifo__parameterized0' [d:/ProgramEnvironment/vivado2017/system_aes/system_aes.srcs/sources_1/bd/design_1/ipshared/ff69/hdl/axi_protocol_converter_v2_1_vl_rfs.v:2816]
	Parameter C_WIDTH bound to: 2 - type: integer 
	Parameter C_AWIDTH bound to: 2 - type: integer 
	Parameter C_DEPTH bound to: 4 - type: integer 
	Parameter C_EMPTY bound to: 2'b11 
	Parameter C_EMPTY_PRE bound to: 2'b00 
	Parameter C_FULL bound to: 2'b10 
	Parameter C_FULL_PRE bound to: 2'b01 
INFO: [Synth 8-256] done synthesizing module 'axi_protocol_converter_v2_1_15_b2s_simple_fifo__parameterized0' (64#1) [d:/ProgramEnvironment/vivado2017/system_aes/system_aes.srcs/sources_1/bd/design_1/ipshared/ff69/hdl/axi_protocol_converter_v2_1_vl_rfs.v:2816]
INFO: [Synth 8-256] done synthesizing module 'axi_protocol_converter_v2_1_15_b2s_b_channel' (65#1) [d:/ProgramEnvironment/vivado2017/system_aes/system_aes.srcs/sources_1/bd/design_1/ipshared/ff69/hdl/axi_protocol_converter_v2_1_vl_rfs.v:3609]
INFO: [Synth 8-638] synthesizing module 'axi_protocol_converter_v2_1_15_b2s_ar_channel' [d:/ProgramEnvironment/vivado2017/system_aes/system_aes.srcs/sources_1/bd/design_1/ipshared/ff69/hdl/axi_protocol_converter_v2_1_vl_rfs.v:4085]
	Parameter C_ID_WIDTH bound to: 1 - type: integer 
	Parameter C_AXI_ADDR_WIDTH bound to: 32 - type: integer 
INFO: [Synth 8-638] synthesizing module 'axi_protocol_converter_v2_1_15_b2s_rd_cmd_fsm' [d:/ProgramEnvironment/vivado2017/system_aes/system_aes.srcs/sources_1/bd/design_1/ipshared/ff69/hdl/axi_protocol_converter_v2_1_vl_rfs.v:3336]
	Parameter SM_IDLE bound to: 2'b00 
	Parameter SM_CMD_EN bound to: 2'b01 
	Parameter SM_CMD_ACCEPTED bound to: 2'b10 
	Parameter SM_DONE bound to: 2'b11 
INFO: [Synth 8-226] default block is never used [d:/ProgramEnvironment/vivado2017/system_aes/system_aes.srcs/sources_1/bd/design_1/ipshared/ff69/hdl/axi_protocol_converter_v2_1_vl_rfs.v:3398]
WARNING: [Synth 8-6014] Unused sequential element state_r1_reg was removed.  [d:/ProgramEnvironment/vivado2017/system_aes/system_aes.srcs/sources_1/bd/design_1/ipshared/ff69/hdl/axi_protocol_converter_v2_1_vl_rfs.v:3386]
WARNING: [Synth 8-6014] Unused sequential element s_arlen_r_reg was removed.  [d:/ProgramEnvironment/vivado2017/system_aes/system_aes.srcs/sources_1/bd/design_1/ipshared/ff69/hdl/axi_protocol_converter_v2_1_vl_rfs.v:3387]
INFO: [Synth 8-256] done synthesizing module 'axi_protocol_converter_v2_1_15_b2s_rd_cmd_fsm' (66#1) [d:/ProgramEnvironment/vivado2017/system_aes/system_aes.srcs/sources_1/bd/design_1/ipshared/ff69/hdl/axi_protocol_converter_v2_1_vl_rfs.v:3336]
INFO: [Synth 8-256] done synthesizing module 'axi_protocol_converter_v2_1_15_b2s_ar_channel' (67#1) [d:/ProgramEnvironment/vivado2017/system_aes/system_aes.srcs/sources_1/bd/design_1/ipshared/ff69/hdl/axi_protocol_converter_v2_1_vl_rfs.v:4085]
INFO: [Synth 8-638] synthesizing module 'axi_protocol_converter_v2_1_15_b2s_r_channel' [d:/ProgramEnvironment/vivado2017/system_aes/system_aes.srcs/sources_1/bd/design_1/ipshared/ff69/hdl/axi_protocol_converter_v2_1_vl_rfs.v:3814]
	Parameter C_ID_WIDTH bound to: 1 - type: integer 
	Parameter C_DATA_WIDTH bound to: 32 - type: integer 
	Parameter P_WIDTH bound to: 2 - type: integer 
	Parameter P_DEPTH bound to: 32 - type: integer 
	Parameter P_AWIDTH bound to: 5 - type: integer 
	Parameter P_D_WIDTH bound to: 34 - type: integer 
	Parameter P_D_DEPTH bound to: 32 - type: integer 
	Parameter P_D_AWIDTH bound to: 5 - type: integer 
INFO: [Synth 8-638] synthesizing module 'axi_protocol_converter_v2_1_15_b2s_simple_fifo__parameterized1' [d:/ProgramEnvironment/vivado2017/system_aes/system_aes.srcs/sources_1/bd/design_1/ipshared/ff69/hdl/axi_protocol_converter_v2_1_vl_rfs.v:2816]
	Parameter C_WIDTH bound to: 34 - type: integer 
	Parameter C_AWIDTH bound to: 5 - type: integer 
	Parameter C_DEPTH bound to: 32 - type: integer 
	Parameter C_EMPTY bound to: 5'b11111 
	Parameter C_EMPTY_PRE bound to: 5'b00000 
	Parameter C_FULL bound to: 5'b11110 
	Parameter C_FULL_PRE bound to: 5'b11010 
INFO: [Synth 8-256] done synthesizing module 'axi_protocol_converter_v2_1_15_b2s_simple_fifo__parameterized1' (67#1) [d:/ProgramEnvironment/vivado2017/system_aes/system_aes.srcs/sources_1/bd/design_1/ipshared/ff69/hdl/axi_protocol_converter_v2_1_vl_rfs.v:2816]
INFO: [Synth 8-638] synthesizing module 'axi_protocol_converter_v2_1_15_b2s_simple_fifo__parameterized2' [d:/ProgramEnvironment/vivado2017/system_aes/system_aes.srcs/sources_1/bd/design_1/ipshared/ff69/hdl/axi_protocol_converter_v2_1_vl_rfs.v:2816]
	Parameter C_WIDTH bound to: 2 - type: integer 
	Parameter C_AWIDTH bound to: 5 - type: integer 
	Parameter C_DEPTH bound to: 32 - type: integer 
	Parameter C_EMPTY bound to: 5'b11111 
	Parameter C_EMPTY_PRE bound to: 5'b00000 
	Parameter C_FULL bound to: 5'b11110 
	Parameter C_FULL_PRE bound to: 5'b11010 
INFO: [Synth 8-256] done synthesizing module 'axi_protocol_converter_v2_1_15_b2s_simple_fifo__parameterized2' (67#1) [d:/ProgramEnvironment/vivado2017/system_aes/system_aes.srcs/sources_1/bd/design_1/ipshared/ff69/hdl/axi_protocol_converter_v2_1_vl_rfs.v:2816]
INFO: [Synth 8-256] done synthesizing module 'axi_protocol_converter_v2_1_15_b2s_r_channel' (68#1) [d:/ProgramEnvironment/vivado2017/system_aes/system_aes.srcs/sources_1/bd/design_1/ipshared/ff69/hdl/axi_protocol_converter_v2_1_vl_rfs.v:3814]
INFO: [Synth 8-638] synthesizing module 'axi_register_slice_v2_1_15_axi_register_slice' [d:/ProgramEnvironment/vivado2017/system_aes/system_aes.srcs/sources_1/bd/design_1/ipshared/3ed1/hdl/axi_register_slice_v2_1_vl_rfs.v:2300]
	Parameter C_FAMILY bound to: virtex6 - type: string 
	Parameter C_AXI_PROTOCOL bound to: 0 - type: integer 
	Parameter C_AXI_ID_WIDTH bound to: 1 - type: integer 
	Parameter C_AXI_ADDR_WIDTH bound to: 32 - type: integer 
	Parameter C_AXI_DATA_WIDTH bound to: 32 - type: integer 
	Parameter C_AXI_SUPPORTS_USER_SIGNALS bound to: 0 - type: integer 
	Parameter C_AXI_AWUSER_WIDTH bound to: 1 - type: integer 
	Parameter C_AXI_ARUSER_WIDTH bound to: 1 - type: integer 
	Parameter C_AXI_WUSER_WIDTH bound to: 1 - type: integer 
	Parameter C_AXI_RUSER_WIDTH bound to: 1 - type: integer 
	Parameter C_AXI_BUSER_WIDTH bound to: 1 - type: integer 
	Parameter C_REG_CONFIG_AW bound to: 1 - type: integer 
	Parameter C_REG_CONFIG_W bound to: 0 - type: integer 
	Parameter C_REG_CONFIG_B bound to: 1 - type: integer 
	Parameter C_REG_CONFIG_AR bound to: 1 - type: integer 
	Parameter C_REG_CONFIG_R bound to: 1 - type: integer 
	Parameter C_NUM_SLR_CROSSINGS bound to: 0 - type: integer 
	Parameter C_PIPELINES_MASTER_AW bound to: 0 - type: integer 
	Parameter C_PIPELINES_MASTER_W bound to: 0 - type: integer 
	Parameter C_PIPELINES_MASTER_B bound to: 0 - type: integer 
	Parameter C_PIPELINES_MASTER_AR bound to: 0 - type: integer 
	Parameter C_PIPELINES_MASTER_R bound to: 0 - type: integer 
	Parameter C_PIPELINES_SLAVE_AW bound to: 0 - type: integer 
	Parameter C_PIPELINES_SLAVE_W bound to: 0 - type: integer 
	Parameter C_PIPELINES_SLAVE_B bound to: 0 - type: integer 
	Parameter C_PIPELINES_SLAVE_AR bound to: 0 - type: integer 
	Parameter C_PIPELINES_SLAVE_R bound to: 0 - type: integer 
	Parameter C_PIPELINES_MIDDLE_AW bound to: 0 - type: integer 
	Parameter C_PIPELINES_MIDDLE_W bound to: 0 - type: integer 
	Parameter C_PIPELINES_MIDDLE_B bound to: 0 - type: integer 
	Parameter C_PIPELINES_MIDDLE_AR bound to: 0 - type: integer 
	Parameter C_PIPELINES_MIDDLE_R bound to: 0 - type: integer 
	Parameter C_AXI_SUPPORTS_REGION_SIGNALS bound to: 1 - type: integer 
	Parameter P_FORWARD bound to: 0 - type: integer 
	Parameter P_RESPONSE bound to: 1 - type: integer 
	Parameter G_AXI_AWADDR_INDEX bound to: 0 - type: integer 
	Parameter G_AXI_AWADDR_WIDTH bound to: 32 - type: integer 
	Parameter G_AXI_AWPROT_INDEX bound to: 32 - type: integer 
	Parameter G_AXI_AWPROT_WIDTH bound to: 3 - type: integer 
	Parameter G_AXI_AWSIZE_INDEX bound to: 35 - type: integer 
	Parameter G_AXI_AWSIZE_WIDTH bound to: 3 - type: integer 
	Parameter G_AXI_AWBURST_INDEX bound to: 38 - type: integer 
	Parameter G_AXI_AWBURST_WIDTH bound to: 2 - type: integer 
	Parameter G_AXI_AWCACHE_INDEX bound to: 40 - type: integer 
	Parameter G_AXI_AWCACHE_WIDTH bound to: 4 - type: integer 
	Parameter G_AXI_AWLEN_INDEX bound to: 44 - type: integer 
	Parameter G_AXI_AWLEN_WIDTH bound to: 8 - type: integer 
	Parameter G_AXI_AWLOCK_INDEX bound to: 52 - type: integer 
	Parameter G_AXI_AWLOCK_WIDTH bound to: 1 - type: integer 
	Parameter G_AXI_AWID_INDEX bound to: 53 - type: integer 
	Parameter G_AXI_AWID_WIDTH bound to: 1 - type: integer 
	Parameter G_AXI_AWQOS_INDEX bound to: 54 - type: integer 
	Parameter G_AXI_AWQOS_WIDTH bound to: 4 - type: integer 
	Parameter G_AXI_AWREGION_INDEX bound to: 58 - type: integer 
	Parameter G_AXI_AWREGION_WIDTH bound to: 4 - type: integer 
	Parameter G_AXI_AWUSER_INDEX bound to: 62 - type: integer 
	Parameter G_AXI_AWUSER_WIDTH bound to: 0 - type: integer 
	Parameter G_AXI_AWPAYLOAD_WIDTH bound to: 62 - type: integer 
	Parameter G_AXI_ARADDR_INDEX bound to: 0 - type: integer 
	Parameter G_AXI_ARADDR_WIDTH bound to: 32 - type: integer 
	Parameter G_AXI_ARPROT_INDEX bound to: 32 - type: integer 
	Parameter G_AXI_ARPROT_WIDTH bound to: 3 - type: integer 
	Parameter G_AXI_ARSIZE_INDEX bound to: 35 - type: integer 
	Parameter G_AXI_ARSIZE_WIDTH bound to: 3 - type: integer 
	Parameter G_AXI_ARBURST_INDEX bound to: 38 - type: integer 
	Parameter G_AXI_ARBURST_WIDTH bound to: 2 - type: integer 
	Parameter G_AXI_ARCACHE_INDEX bound to: 40 - type: integer 
	Parameter G_AXI_ARCACHE_WIDTH bound to: 4 - type: integer 
	Parameter G_AXI_ARLEN_INDEX bound to: 44 - type: integer 
	Parameter G_AXI_ARLEN_WIDTH bound to: 8 - type: integer 
	Parameter G_AXI_ARLOCK_INDEX bound to: 52 - type: integer 
	Parameter G_AXI_ARLOCK_WIDTH bound to: 1 - type: integer 
	Parameter G_AXI_ARID_INDEX bound to: 53 - type: integer 
	Parameter G_AXI_ARID_WIDTH bound to: 1 - type: integer 
	Parameter G_AXI_ARQOS_INDEX bound to: 54 - type: integer 
	Parameter G_AXI_ARQOS_WIDTH bound to: 4 - type: integer 
	Parameter G_AXI_ARREGION_INDEX bound to: 58 - type: integer 
	Parameter G_AXI_ARREGION_WIDTH bound to: 4 - type: integer 
	Parameter G_AXI_ARUSER_INDEX bound to: 62 - type: integer 
	Parameter G_AXI_ARUSER_WIDTH bound to: 0 - type: integer 
	Parameter G_AXI_ARPAYLOAD_WIDTH bound to: 62 - type: integer 
	Parameter G_AXI_WDATA_INDEX bound to: 0 - type: integer 
	Parameter G_AXI_WDATA_WIDTH bound to: 32 - type: integer 
	Parameter G_AXI_WSTRB_INDEX bound to: 32 - type: integer 
	Parameter G_AXI_WSTRB_WIDTH bound to: 4 - type: integer 
	Parameter G_AXI_WLAST_INDEX bound to: 36 - type: integer 
	Parameter G_AXI_WLAST_WIDTH bound to: 1 - type: integer 
	Parameter G_AXI_WID_INDEX bound to: 37 - type: integer 
	Parameter G_AXI_WID_WIDTH bound to: 0 - type: integer 
	Parameter G_AXI_WUSER_INDEX bound to: 37 - type: integer 
	Parameter G_AXI_WUSER_WIDTH bound to: 0 - type: integer 
	Parameter G_AXI_WPAYLOAD_WIDTH bound to: 37 - type: integer 
	Parameter G_AXI_BRESP_INDEX bound to: 0 - type: integer 
	Parameter G_AXI_BRESP_WIDTH bound to: 2 - type: integer 
	Parameter G_AXI_BID_INDEX bound to: 2 - type: integer 
	Parameter G_AXI_BID_WIDTH bound to: 1 - type: integer 
	Parameter G_AXI_BUSER_INDEX bound to: 3 - type: integer 
	Parameter G_AXI_BUSER_WIDTH bound to: 0 - type: integer 
	Parameter G_AXI_BPAYLOAD_WIDTH bound to: 3 - type: integer 
	Parameter G_AXI_RDATA_INDEX bound to: 0 - type: integer 
	Parameter G_AXI_RDATA_WIDTH bound to: 32 - type: integer 
	Parameter G_AXI_RRESP_INDEX bound to: 32 - type: integer 
	Parameter G_AXI_RRESP_WIDTH bound to: 2 - type: integer 
	Parameter G_AXI_RLAST_INDEX bound to: 34 - type: integer 
	Parameter G_AXI_RLAST_WIDTH bound to: 1 - type: integer 
	Parameter G_AXI_RID_INDEX bound to: 35 - type: integer 
	Parameter G_AXI_RID_WIDTH bound to: 1 - type: integer 
	Parameter G_AXI_RUSER_INDEX bound to: 36 - type: integer 
	Parameter G_AXI_RUSER_WIDTH bound to: 0 - type: integer 
	Parameter G_AXI_RPAYLOAD_WIDTH bound to: 36 - type: integer 
INFO: [Synth 8-638] synthesizing module 'axi_register_slice_v2_1_15_axic_register_slice' [d:/ProgramEnvironment/vivado2017/system_aes/system_aes.srcs/sources_1/bd/design_1/ipshared/3ed1/hdl/axi_register_slice_v2_1_vl_rfs.v:189]
	Parameter C_FAMILY bound to: virtex6 - type: string 
	Parameter C_DATA_WIDTH bound to: 62 - type: integer 
	Parameter C_REG_CONFIG bound to: 1 - type: integer 
INFO: [Synth 8-256] done synthesizing module 'axi_register_slice_v2_1_15_axic_register_slice' (69#1) [d:/ProgramEnvironment/vivado2017/system_aes/system_aes.srcs/sources_1/bd/design_1/ipshared/3ed1/hdl/axi_register_slice_v2_1_vl_rfs.v:189]
INFO: [Synth 8-638] synthesizing module 'axi_register_slice_v2_1_15_axic_register_slice__parameterized0' [d:/ProgramEnvironment/vivado2017/system_aes/system_aes.srcs/sources_1/bd/design_1/ipshared/3ed1/hdl/axi_register_slice_v2_1_vl_rfs.v:189]
	Parameter C_FAMILY bound to: virtex6 - type: string 
	Parameter C_DATA_WIDTH bound to: 37 - type: integer 
	Parameter C_REG_CONFIG bound to: 0 - type: integer 
INFO: [Synth 8-256] done synthesizing module 'axi_register_slice_v2_1_15_axic_register_slice__parameterized0' (69#1) [d:/ProgramEnvironment/vivado2017/system_aes/system_aes.srcs/sources_1/bd/design_1/ipshared/3ed1/hdl/axi_register_slice_v2_1_vl_rfs.v:189]
INFO: [Synth 8-638] synthesizing module 'axi_register_slice_v2_1_15_axic_register_slice__parameterized1' [d:/ProgramEnvironment/vivado2017/system_aes/system_aes.srcs/sources_1/bd/design_1/ipshared/3ed1/hdl/axi_register_slice_v2_1_vl_rfs.v:189]
	Parameter C_FAMILY bound to: virtex6 - type: string 
	Parameter C_DATA_WIDTH bound to: 3 - type: integer 
	Parameter C_REG_CONFIG bound to: 1 - type: integer 
INFO: [Synth 8-256] done synthesizing module 'axi_register_slice_v2_1_15_axic_register_slice__parameterized1' (69#1) [d:/ProgramEnvironment/vivado2017/system_aes/system_aes.srcs/sources_1/bd/design_1/ipshared/3ed1/hdl/axi_register_slice_v2_1_vl_rfs.v:189]
INFO: [Synth 8-638] synthesizing module 'axi_register_slice_v2_1_15_axic_register_slice__parameterized2' [d:/ProgramEnvironment/vivado2017/system_aes/system_aes.srcs/sources_1/bd/design_1/ipshared/3ed1/hdl/axi_register_slice_v2_1_vl_rfs.v:189]
	Parameter C_FAMILY bound to: virtex6 - type: string 
	Parameter C_DATA_WIDTH bound to: 36 - type: integer 
	Parameter C_REG_CONFIG bound to: 1 - type: integer 
INFO: [Synth 8-256] done synthesizing module 'axi_register_slice_v2_1_15_axic_register_slice__parameterized2' (69#1) [d:/ProgramEnvironment/vivado2017/system_aes/system_aes.srcs/sources_1/bd/design_1/ipshared/3ed1/hdl/axi_register_slice_v2_1_vl_rfs.v:189]
INFO: [Synth 8-638] synthesizing module 'axi_infrastructure_v1_1_0_axi2vector' [d:/ProgramEnvironment/vivado2017/system_aes/system_aes.srcs/sources_1/bd/design_1/ipshared/ec67/hdl/axi_infrastructure_v1_1_vl_rfs.v:60]
	Parameter C_AXI_PROTOCOL bound to: 0 - type: integer 
	Parameter C_AXI_ID_WIDTH bound to: 1 - type: integer 
	Parameter C_AXI_ADDR_WIDTH bound to: 32 - type: integer 
	Parameter C_AXI_DATA_WIDTH bound to: 32 - type: integer 
	Parameter C_AXI_SUPPORTS_USER_SIGNALS bound to: 0 - type: integer 
	Parameter C_AXI_SUPPORTS_REGION_SIGNALS bound to: 1 - type: integer 
	Parameter C_AXI_AWUSER_WIDTH bound to: 1 - type: integer 
	Parameter C_AXI_WUSER_WIDTH bound to: 1 - type: integer 
	Parameter C_AXI_BUSER_WIDTH bound to: 1 - type: integer 
	Parameter C_AXI_ARUSER_WIDTH bound to: 1 - type: integer 
	Parameter C_AXI_RUSER_WIDTH bound to: 1 - type: integer 
	Parameter C_AWPAYLOAD_WIDTH bound to: 62 - type: integer 
	Parameter C_WPAYLOAD_WIDTH bound to: 37 - type: integer 
	Parameter C_BPAYLOAD_WIDTH bound to: 3 - type: integer 
	Parameter C_ARPAYLOAD_WIDTH bound to: 62 - type: integer 
	Parameter C_RPAYLOAD_WIDTH bound to: 36 - type: integer 
	Parameter G_AXI_AWADDR_INDEX bound to: 0 - type: integer 
	Parameter G_AXI_AWADDR_WIDTH bound to: 32 - type: integer 
	Parameter G_AXI_AWPROT_INDEX bound to: 32 - type: integer 
	Parameter G_AXI_AWPROT_WIDTH bound to: 3 - type: integer 
	Parameter G_AXI_AWSIZE_INDEX bound to: 35 - type: integer 
	Parameter G_AXI_AWSIZE_WIDTH bound to: 3 - type: integer 
	Parameter G_AXI_AWBURST_INDEX bound to: 38 - type: integer 
	Parameter G_AXI_AWBURST_WIDTH bound to: 2 - type: integer 
	Parameter G_AXI_AWCACHE_INDEX bound to: 40 - type: integer 
	Parameter G_AXI_AWCACHE_WIDTH bound to: 4 - type: integer 
	Parameter G_AXI_AWLEN_INDEX bound to: 44 - type: integer 
	Parameter G_AXI_AWLEN_WIDTH bound to: 8 - type: integer 
	Parameter G_AXI_AWLOCK_INDEX bound to: 52 - type: integer 
	Parameter G_AXI_AWLOCK_WIDTH bound to: 1 - type: integer 
	Parameter G_AXI_AWID_INDEX bound to: 53 - type: integer 
	Parameter G_AXI_AWID_WIDTH bound to: 1 - type: integer 
	Parameter G_AXI_AWQOS_INDEX bound to: 54 - type: integer 
	Parameter G_AXI_AWQOS_WIDTH bound to: 4 - type: integer 
	Parameter G_AXI_AWREGION_INDEX bound to: 58 - type: integer 
	Parameter G_AXI_AWREGION_WIDTH bound to: 4 - type: integer 
	Parameter G_AXI_AWUSER_INDEX bound to: 62 - type: integer 
	Parameter G_AXI_AWUSER_WIDTH bound to: 0 - type: integer 
	Parameter G_AXI_AWPAYLOAD_WIDTH bound to: 62 - type: integer 
	Parameter G_AXI_ARADDR_INDEX bound to: 0 - type: integer 
	Parameter G_AXI_ARADDR_WIDTH bound to: 32 - type: integer 
	Parameter G_AXI_ARPROT_INDEX bound to: 32 - type: integer 
	Parameter G_AXI_ARPROT_WIDTH bound to: 3 - type: integer 
	Parameter G_AXI_ARSIZE_INDEX bound to: 35 - type: integer 
	Parameter G_AXI_ARSIZE_WIDTH bound to: 3 - type: integer 
	Parameter G_AXI_ARBURST_INDEX bound to: 38 - type: integer 
	Parameter G_AXI_ARBURST_WIDTH bound to: 2 - type: integer 
	Parameter G_AXI_ARCACHE_INDEX bound to: 40 - type: integer 
	Parameter G_AXI_ARCACHE_WIDTH bound to: 4 - type: integer 
	Parameter G_AXI_ARLEN_INDEX bound to: 44 - type: integer 
	Parameter G_AXI_ARLEN_WIDTH bound to: 8 - type: integer 
	Parameter G_AXI_ARLOCK_INDEX bound to: 52 - type: integer 
	Parameter G_AXI_ARLOCK_WIDTH bound to: 1 - type: integer 
	Parameter G_AXI_ARID_INDEX bound to: 53 - type: integer 
	Parameter G_AXI_ARID_WIDTH bound to: 1 - type: integer 
	Parameter G_AXI_ARQOS_INDEX bound to: 54 - type: integer 
	Parameter G_AXI_ARQOS_WIDTH bound to: 4 - type: integer 
	Parameter G_AXI_ARREGION_INDEX bound to: 58 - type: integer 
	Parameter G_AXI_ARREGION_WIDTH bound to: 4 - type: integer 
	Parameter G_AXI_ARUSER_INDEX bound to: 62 - type: integer 
	Parameter G_AXI_ARUSER_WIDTH bound to: 0 - type: integer 
	Parameter G_AXI_ARPAYLOAD_WIDTH bound to: 62 - type: integer 
	Parameter G_AXI_WDATA_INDEX bound to: 0 - type: integer 
	Parameter G_AXI_WDATA_WIDTH bound to: 32 - type: integer 
	Parameter G_AXI_WSTRB_INDEX bound to: 32 - type: integer 
	Parameter G_AXI_WSTRB_WIDTH bound to: 4 - type: integer 
	Parameter G_AXI_WLAST_INDEX bound to: 36 - type: integer 
	Parameter G_AXI_WLAST_WIDTH bound to: 1 - type: integer 
	Parameter G_AXI_WID_INDEX bound to: 37 - type: integer 
	Parameter G_AXI_WID_WIDTH bound to: 0 - type: integer 
	Parameter G_AXI_WUSER_INDEX bound to: 37 - type: integer 
	Parameter G_AXI_WUSER_WIDTH bound to: 0 - type: integer 
	Parameter G_AXI_WPAYLOAD_WIDTH bound to: 37 - type: integer 
	Parameter G_AXI_BRESP_INDEX bound to: 0 - type: integer 
	Parameter G_AXI_BRESP_WIDTH bound to: 2 - type: integer 
	Parameter G_AXI_BID_INDEX bound to: 2 - type: integer 
	Parameter G_AXI_BID_WIDTH bound to: 1 - type: integer 
	Parameter G_AXI_BUSER_INDEX bound to: 3 - type: integer 
	Parameter G_AXI_BUSER_WIDTH bound to: 0 - type: integer 
	Parameter G_AXI_BPAYLOAD_WIDTH bound to: 3 - type: integer 
	Parameter G_AXI_RDATA_INDEX bound to: 0 - type: integer 
	Parameter G_AXI_RDATA_WIDTH bound to: 32 - type: integer 
	Parameter G_AXI_RRESP_INDEX bound to: 32 - type: integer 
	Parameter G_AXI_RRESP_WIDTH bound to: 2 - type: integer 
	Parameter G_AXI_RLAST_INDEX bound to: 34 - type: integer 
	Parameter G_AXI_RLAST_WIDTH bound to: 1 - type: integer 
	Parameter G_AXI_RID_INDEX bound to: 35 - type: integer 
	Parameter G_AXI_RID_WIDTH bound to: 1 - type: integer 
	Parameter G_AXI_RUSER_INDEX bound to: 36 - type: integer 
	Parameter G_AXI_RUSER_WIDTH bound to: 0 - type: integer 
	Parameter G_AXI_RPAYLOAD_WIDTH bound to: 36 - type: integer 
INFO: [Synth 8-256] done synthesizing module 'axi_infrastructure_v1_1_0_axi2vector' (70#1) [d:/ProgramEnvironment/vivado2017/system_aes/system_aes.srcs/sources_1/bd/design_1/ipshared/ec67/hdl/axi_infrastructure_v1_1_vl_rfs.v:60]
INFO: [Synth 8-638] synthesizing module 'axi_infrastructure_v1_1_0_vector2axi' [d:/ProgramEnvironment/vivado2017/system_aes/system_aes.srcs/sources_1/bd/design_1/ipshared/ec67/hdl/axi_infrastructure_v1_1_vl_rfs.v:474]
	Parameter C_AXI_PROTOCOL bound to: 0 - type: integer 
	Parameter C_AXI_ID_WIDTH bound to: 1 - type: integer 
	Parameter C_AXI_ADDR_WIDTH bound to: 32 - type: integer 
	Parameter C_AXI_DATA_WIDTH bound to: 32 - type: integer 
	Parameter C_AXI_SUPPORTS_USER_SIGNALS bound to: 0 - type: integer 
	Parameter C_AXI_SUPPORTS_REGION_SIGNALS bound to: 1 - type: integer 
	Parameter C_AXI_AWUSER_WIDTH bound to: 1 - type: integer 
	Parameter C_AXI_WUSER_WIDTH bound to: 1 - type: integer 
	Parameter C_AXI_BUSER_WIDTH bound to: 1 - type: integer 
	Parameter C_AXI_ARUSER_WIDTH bound to: 1 - type: integer 
	Parameter C_AXI_RUSER_WIDTH bound to: 1 - type: integer 
	Parameter C_AWPAYLOAD_WIDTH bound to: 62 - type: integer 
	Parameter C_WPAYLOAD_WIDTH bound to: 37 - type: integer 
	Parameter C_BPAYLOAD_WIDTH bound to: 3 - type: integer 
	Parameter C_ARPAYLOAD_WIDTH bound to: 62 - type: integer 
	Parameter C_RPAYLOAD_WIDTH bound to: 36 - type: integer 
	Parameter G_AXI_AWADDR_INDEX bound to: 0 - type: integer 
	Parameter G_AXI_AWADDR_WIDTH bound to: 32 - type: integer 
	Parameter G_AXI_AWPROT_INDEX bound to: 32 - type: integer 
	Parameter G_AXI_AWPROT_WIDTH bound to: 3 - type: integer 
	Parameter G_AXI_AWSIZE_INDEX bound to: 35 - type: integer 
	Parameter G_AXI_AWSIZE_WIDTH bound to: 3 - type: integer 
	Parameter G_AXI_AWBURST_INDEX bound to: 38 - type: integer 
	Parameter G_AXI_AWBURST_WIDTH bound to: 2 - type: integer 
	Parameter G_AXI_AWCACHE_INDEX bound to: 40 - type: integer 
	Parameter G_AXI_AWCACHE_WIDTH bound to: 4 - type: integer 
	Parameter G_AXI_AWLEN_INDEX bound to: 44 - type: integer 
	Parameter G_AXI_AWLEN_WIDTH bound to: 8 - type: integer 
	Parameter G_AXI_AWLOCK_INDEX bound to: 52 - type: integer 
	Parameter G_AXI_AWLOCK_WIDTH bound to: 1 - type: integer 
	Parameter G_AXI_AWID_INDEX bound to: 53 - type: integer 
	Parameter G_AXI_AWID_WIDTH bound to: 1 - type: integer 
	Parameter G_AXI_AWQOS_INDEX bound to: 54 - type: integer 
	Parameter G_AXI_AWQOS_WIDTH bound to: 4 - type: integer 
	Parameter G_AXI_AWREGION_INDEX bound to: 58 - type: integer 
	Parameter G_AXI_AWREGION_WIDTH bound to: 4 - type: integer 
	Parameter G_AXI_AWUSER_INDEX bound to: 62 - type: integer 
	Parameter G_AXI_AWUSER_WIDTH bound to: 0 - type: integer 
	Parameter G_AXI_AWPAYLOAD_WIDTH bound to: 62 - type: integer 
	Parameter G_AXI_ARADDR_INDEX bound to: 0 - type: integer 
	Parameter G_AXI_ARADDR_WIDTH bound to: 32 - type: integer 
	Parameter G_AXI_ARPROT_INDEX bound to: 32 - type: integer 
	Parameter G_AXI_ARPROT_WIDTH bound to: 3 - type: integer 
	Parameter G_AXI_ARSIZE_INDEX bound to: 35 - type: integer 
	Parameter G_AXI_ARSIZE_WIDTH bound to: 3 - type: integer 
	Parameter G_AXI_ARBURST_INDEX bound to: 38 - type: integer 
	Parameter G_AXI_ARBURST_WIDTH bound to: 2 - type: integer 
	Parameter G_AXI_ARCACHE_INDEX bound to: 40 - type: integer 
	Parameter G_AXI_ARCACHE_WIDTH bound to: 4 - type: integer 
	Parameter G_AXI_ARLEN_INDEX bound to: 44 - type: integer 
	Parameter G_AXI_ARLEN_WIDTH bound to: 8 - type: integer 
	Parameter G_AXI_ARLOCK_INDEX bound to: 52 - type: integer 
	Parameter G_AXI_ARLOCK_WIDTH bound to: 1 - type: integer 
	Parameter G_AXI_ARID_INDEX bound to: 53 - type: integer 
	Parameter G_AXI_ARID_WIDTH bound to: 1 - type: integer 
	Parameter G_AXI_ARQOS_INDEX bound to: 54 - type: integer 
	Parameter G_AXI_ARQOS_WIDTH bound to: 4 - type: integer 
	Parameter G_AXI_ARREGION_INDEX bound to: 58 - type: integer 
	Parameter G_AXI_ARREGION_WIDTH bound to: 4 - type: integer 
	Parameter G_AXI_ARUSER_INDEX bound to: 62 - type: integer 
	Parameter G_AXI_ARUSER_WIDTH bound to: 0 - type: integer 
	Parameter G_AXI_ARPAYLOAD_WIDTH bound to: 62 - type: integer 
	Parameter G_AXI_WDATA_INDEX bound to: 0 - type: integer 
	Parameter G_AXI_WDATA_WIDTH bound to: 32 - type: integer 
	Parameter G_AXI_WSTRB_INDEX bound to: 32 - type: integer 
	Parameter G_AXI_WSTRB_WIDTH bound to: 4 - type: integer 
	Parameter G_AXI_WLAST_INDEX bound to: 36 - type: integer 
	Parameter G_AXI_WLAST_WIDTH bound to: 1 - type: integer 
	Parameter G_AXI_WID_INDEX bound to: 37 - type: integer 
	Parameter G_AXI_WID_WIDTH bound to: 0 - type: integer 
	Parameter G_AXI_WUSER_INDEX bound to: 37 - type: integer 
	Parameter G_AXI_WUSER_WIDTH bound to: 0 - type: integer 
	Parameter G_AXI_WPAYLOAD_WIDTH bound to: 37 - type: integer 
	Parameter G_AXI_BRESP_INDEX bound to: 0 - type: integer 
	Parameter G_AXI_BRESP_WIDTH bound to: 2 - type: integer 
	Parameter G_AXI_BID_INDEX bound to: 2 - type: integer 
	Parameter G_AXI_BID_WIDTH bound to: 1 - type: integer 
	Parameter G_AXI_BUSER_INDEX bound to: 3 - type: integer 
	Parameter G_AXI_BUSER_WIDTH bound to: 0 - type: integer 
	Parameter G_AXI_BPAYLOAD_WIDTH bound to: 3 - type: integer 
	Parameter G_AXI_RDATA_INDEX bound to: 0 - type: integer 
	Parameter G_AXI_RDATA_WIDTH bound to: 32 - type: integer 
	Parameter G_AXI_RRESP_INDEX bound to: 32 - type: integer 
	Parameter G_AXI_RRESP_WIDTH bound to: 2 - type: integer 
	Parameter G_AXI_RLAST_INDEX bound to: 34 - type: integer 
	Parameter G_AXI_RLAST_WIDTH bound to: 1 - type: integer 
	Parameter G_AXI_RID_INDEX bound to: 35 - type: integer 
	Parameter G_AXI_RID_WIDTH bound to: 1 - type: integer 
	Parameter G_AXI_RUSER_INDEX bound to: 36 - type: integer 
	Parameter G_AXI_RUSER_WIDTH bound to: 0 - type: integer 
	Parameter G_AXI_RPAYLOAD_WIDTH bound to: 36 - type: integer 
INFO: [Synth 8-256] done synthesizing module 'axi_infrastructure_v1_1_0_vector2axi' (71#1) [d:/ProgramEnvironment/vivado2017/system_aes/system_aes.srcs/sources_1/bd/design_1/ipshared/ec67/hdl/axi_infrastructure_v1_1_vl_rfs.v:474]
INFO: [Synth 8-256] done synthesizing module 'axi_register_slice_v2_1_15_axi_register_slice' (72#1) [d:/ProgramEnvironment/vivado2017/system_aes/system_aes.srcs/sources_1/bd/design_1/ipshared/3ed1/hdl/axi_register_slice_v2_1_vl_rfs.v:2300]
WARNING: [Synth 8-350] instance 'SI_REG' of module 'axi_register_slice_v2_1_15_axi_register_slice' requires 93 connections, but only 92 given [d:/ProgramEnvironment/vivado2017/system_aes/system_aes.srcs/sources_1/bd/design_1/ipshared/ff69/hdl/axi_protocol_converter_v2_1_vl_rfs.v:4395]
INFO: [Synth 8-638] synthesizing module 'axi_register_slice_v2_1_15_axi_register_slice__parameterized0' [d:/ProgramEnvironment/vivado2017/system_aes/system_aes.srcs/sources_1/bd/design_1/ipshared/3ed1/hdl/axi_register_slice_v2_1_vl_rfs.v:2300]
	Parameter C_FAMILY bound to: virtex6 - type: string 
	Parameter C_AXI_PROTOCOL bound to: 2 - type: integer 
	Parameter C_AXI_ID_WIDTH bound to: 1 - type: integer 
	Parameter C_AXI_ADDR_WIDTH bound to: 32 - type: integer 
	Parameter C_AXI_DATA_WIDTH bound to: 32 - type: integer 
	Parameter C_AXI_SUPPORTS_USER_SIGNALS bound to: 0 - type: integer 
	Parameter C_AXI_AWUSER_WIDTH bound to: 1 - type: integer 
	Parameter C_AXI_ARUSER_WIDTH bound to: 1 - type: integer 
	Parameter C_AXI_WUSER_WIDTH bound to: 1 - type: integer 
	Parameter C_AXI_RUSER_WIDTH bound to: 1 - type: integer 
	Parameter C_AXI_BUSER_WIDTH bound to: 1 - type: integer 
	Parameter C_REG_CONFIG_AW bound to: 0 - type: integer 
	Parameter C_REG_CONFIG_W bound to: 0 - type: integer 
	Parameter C_REG_CONFIG_B bound to: 0 - type: integer 
	Parameter C_REG_CONFIG_AR bound to: 0 - type: integer 
	Parameter C_REG_CONFIG_R bound to: 0 - type: integer 
	Parameter C_NUM_SLR_CROSSINGS bound to: 0 - type: integer 
	Parameter C_PIPELINES_MASTER_AW bound to: 0 - type: integer 
	Parameter C_PIPELINES_MASTER_W bound to: 0 - type: integer 
	Parameter C_PIPELINES_MASTER_B bound to: 0 - type: integer 
	Parameter C_PIPELINES_MASTER_AR bound to: 0 - type: integer 
	Parameter C_PIPELINES_MASTER_R bound to: 0 - type: integer 
	Parameter C_PIPELINES_SLAVE_AW bound to: 0 - type: integer 
	Parameter C_PIPELINES_SLAVE_W bound to: 0 - type: integer 
	Parameter C_PIPELINES_SLAVE_B bound to: 0 - type: integer 
	Parameter C_PIPELINES_SLAVE_AR bound to: 0 - type: integer 
	Parameter C_PIPELINES_SLAVE_R bound to: 0 - type: integer 
	Parameter C_PIPELINES_MIDDLE_AW bound to: 0 - type: integer 
	Parameter C_PIPELINES_MIDDLE_W bound to: 0 - type: integer 
	Parameter C_PIPELINES_MIDDLE_B bound to: 0 - type: integer 
	Parameter C_PIPELINES_MIDDLE_AR bound to: 0 - type: integer 
	Parameter C_PIPELINES_MIDDLE_R bound to: 0 - type: integer 
	Parameter C_AXI_SUPPORTS_REGION_SIGNALS bound to: 0 - type: integer 
	Parameter P_FORWARD bound to: 0 - type: integer 
	Parameter P_RESPONSE bound to: 1 - type: integer 
	Parameter G_AXI_AWADDR_INDEX bound to: 0 - type: integer 
	Parameter G_AXI_AWADDR_WIDTH bound to: 32 - type: integer 
	Parameter G_AXI_AWPROT_INDEX bound to: 32 - type: integer 
	Parameter G_AXI_AWPROT_WIDTH bound to: 3 - type: integer 
	Parameter G_AXI_AWSIZE_INDEX bound to: 35 - type: integer 
	Parameter G_AXI_AWSIZE_WIDTH bound to: 0 - type: integer 
	Parameter G_AXI_AWBURST_INDEX bound to: 35 - type: integer 
	Parameter G_AXI_AWBURST_WIDTH bound to: 0 - type: integer 
	Parameter G_AXI_AWCACHE_INDEX bound to: 35 - type: integer 
	Parameter G_AXI_AWCACHE_WIDTH bound to: 0 - type: integer 
	Parameter G_AXI_AWLEN_INDEX bound to: 35 - type: integer 
	Parameter G_AXI_AWLEN_WIDTH bound to: 0 - type: integer 
	Parameter G_AXI_AWLOCK_INDEX bound to: 35 - type: integer 
	Parameter G_AXI_AWLOCK_WIDTH bound to: 0 - type: integer 
	Parameter G_AXI_AWID_INDEX bound to: 35 - type: integer 
	Parameter G_AXI_AWID_WIDTH bound to: 0 - type: integer 
	Parameter G_AXI_AWQOS_INDEX bound to: 35 - type: integer 
	Parameter G_AXI_AWQOS_WIDTH bound to: 0 - type: integer 
	Parameter G_AXI_AWREGION_INDEX bound to: 35 - type: integer 
	Parameter G_AXI_AWREGION_WIDTH bound to: 0 - type: integer 
	Parameter G_AXI_AWUSER_INDEX bound to: 35 - type: integer 
	Parameter G_AXI_AWUSER_WIDTH bound to: 0 - type: integer 
	Parameter G_AXI_AWPAYLOAD_WIDTH bound to: 35 - type: integer 
	Parameter G_AXI_ARADDR_INDEX bound to: 0 - type: integer 
	Parameter G_AXI_ARADDR_WIDTH bound to: 32 - type: integer 
	Parameter G_AXI_ARPROT_INDEX bound to: 32 - type: integer 
	Parameter G_AXI_ARPROT_WIDTH bound to: 3 - type: integer 
	Parameter G_AXI_ARSIZE_INDEX bound to: 35 - type: integer 
	Parameter G_AXI_ARSIZE_WIDTH bound to: 0 - type: integer 
	Parameter G_AXI_ARBURST_INDEX bound to: 35 - type: integer 
	Parameter G_AXI_ARBURST_WIDTH bound to: 0 - type: integer 
	Parameter G_AXI_ARCACHE_INDEX bound to: 35 - type: integer 
	Parameter G_AXI_ARCACHE_WIDTH bound to: 0 - type: integer 
	Parameter G_AXI_ARLEN_INDEX bound to: 35 - type: integer 
	Parameter G_AXI_ARLEN_WIDTH bound to: 0 - type: integer 
	Parameter G_AXI_ARLOCK_INDEX bound to: 35 - type: integer 
	Parameter G_AXI_ARLOCK_WIDTH bound to: 0 - type: integer 
	Parameter G_AXI_ARID_INDEX bound to: 35 - type: integer 
	Parameter G_AXI_ARID_WIDTH bound to: 0 - type: integer 
	Parameter G_AXI_ARQOS_INDEX bound to: 35 - type: integer 
	Parameter G_AXI_ARQOS_WIDTH bound to: 0 - type: integer 
	Parameter G_AXI_ARREGION_INDEX bound to: 35 - type: integer 
	Parameter G_AXI_ARREGION_WIDTH bound to: 0 - type: integer 
	Parameter G_AXI_ARUSER_INDEX bound to: 35 - type: integer 
	Parameter G_AXI_ARUSER_WIDTH bound to: 0 - type: integer 
	Parameter G_AXI_ARPAYLOAD_WIDTH bound to: 35 - type: integer 
	Parameter G_AXI_WDATA_INDEX bound to: 0 - type: integer 
	Parameter G_AXI_WDATA_WIDTH bound to: 32 - type: integer 
	Parameter G_AXI_WSTRB_INDEX bound to: 32 - type: integer 
	Parameter G_AXI_WSTRB_WIDTH bound to: 4 - type: integer 
	Parameter G_AXI_WLAST_INDEX bound to: 36 - type: integer 
	Parameter G_AXI_WLAST_WIDTH bound to: 0 - type: integer 
	Parameter G_AXI_WID_INDEX bound to: 36 - type: integer 
	Parameter G_AXI_WID_WIDTH bound to: 0 - type: integer 
	Parameter G_AXI_WUSER_INDEX bound to: 36 - type: integer 
	Parameter G_AXI_WUSER_WIDTH bound to: 0 - type: integer 
	Parameter G_AXI_WPAYLOAD_WIDTH bound to: 36 - type: integer 
	Parameter G_AXI_BRESP_INDEX bound to: 0 - type: integer 
	Parameter G_AXI_BRESP_WIDTH bound to: 2 - type: integer 
	Parameter G_AXI_BID_INDEX bound to: 2 - type: integer 
	Parameter G_AXI_BID_WIDTH bound to: 0 - type: integer 
	Parameter G_AXI_BUSER_INDEX bound to: 2 - type: integer 
	Parameter G_AXI_BUSER_WIDTH bound to: 0 - type: integer 
	Parameter G_AXI_BPAYLOAD_WIDTH bound to: 2 - type: integer 
	Parameter G_AXI_RDATA_INDEX bound to: 0 - type: integer 
	Parameter G_AXI_RDATA_WIDTH bound to: 32 - type: integer 
	Parameter G_AXI_RRESP_INDEX bound to: 32 - type: integer 
	Parameter G_AXI_RRESP_WIDTH bound to: 2 - type: integer 
	Parameter G_AXI_RLAST_INDEX bound to: 34 - type: integer 
	Parameter G_AXI_RLAST_WIDTH bound to: 0 - type: integer 
	Parameter G_AXI_RID_INDEX bound to: 34 - type: integer 
	Parameter G_AXI_RID_WIDTH bound to: 0 - type: integer 
	Parameter G_AXI_RUSER_INDEX bound to: 34 - type: integer 
	Parameter G_AXI_RUSER_WIDTH bound to: 0 - type: integer 
	Parameter G_AXI_RPAYLOAD_WIDTH bound to: 34 - type: integer 
INFO: [Synth 8-638] synthesizing module 'axi_register_slice_v2_1_15_axic_register_slice__parameterized3' [d:/ProgramEnvironment/vivado2017/system_aes/system_aes.srcs/sources_1/bd/design_1/ipshared/3ed1/hdl/axi_register_slice_v2_1_vl_rfs.v:189]
	Parameter C_FAMILY bound to: virtex6 - type: string 
	Parameter C_DATA_WIDTH bound to: 35 - type: integer 
	Parameter C_REG_CONFIG bound to: 0 - type: integer 
INFO: [Synth 8-256] done synthesizing module 'axi_register_slice_v2_1_15_axic_register_slice__parameterized3' (72#1) [d:/ProgramEnvironment/vivado2017/system_aes/system_aes.srcs/sources_1/bd/design_1/ipshared/3ed1/hdl/axi_register_slice_v2_1_vl_rfs.v:189]
INFO: [Synth 8-638] synthesizing module 'axi_register_slice_v2_1_15_axic_register_slice__parameterized4' [d:/ProgramEnvironment/vivado2017/system_aes/system_aes.srcs/sources_1/bd/design_1/ipshared/3ed1/hdl/axi_register_slice_v2_1_vl_rfs.v:189]
	Parameter C_FAMILY bound to: virtex6 - type: string 
	Parameter C_DATA_WIDTH bound to: 36 - type: integer 
	Parameter C_REG_CONFIG bound to: 0 - type: integer 
INFO: [Synth 8-256] done synthesizing module 'axi_register_slice_v2_1_15_axic_register_slice__parameterized4' (72#1) [d:/ProgramEnvironment/vivado2017/system_aes/system_aes.srcs/sources_1/bd/design_1/ipshared/3ed1/hdl/axi_register_slice_v2_1_vl_rfs.v:189]
INFO: [Synth 8-638] synthesizing module 'axi_register_slice_v2_1_15_axic_register_slice__parameterized5' [d:/ProgramEnvironment/vivado2017/system_aes/system_aes.srcs/sources_1/bd/design_1/ipshared/3ed1/hdl/axi_register_slice_v2_1_vl_rfs.v:189]
	Parameter C_FAMILY bound to: virtex6 - type: string 
	Parameter C_DATA_WIDTH bound to: 2 - type: integer 
	Parameter C_REG_CONFIG bound to: 0 - type: integer 
INFO: [Synth 8-256] done synthesizing module 'axi_register_slice_v2_1_15_axic_register_slice__parameterized5' (72#1) [d:/ProgramEnvironment/vivado2017/system_aes/system_aes.srcs/sources_1/bd/design_1/ipshared/3ed1/hdl/axi_register_slice_v2_1_vl_rfs.v:189]
INFO: [Synth 8-638] synthesizing module 'axi_register_slice_v2_1_15_axic_register_slice__parameterized6' [d:/ProgramEnvironment/vivado2017/system_aes/system_aes.srcs/sources_1/bd/design_1/ipshared/3ed1/hdl/axi_register_slice_v2_1_vl_rfs.v:189]
	Parameter C_FAMILY bound to: virtex6 - type: string 
	Parameter C_DATA_WIDTH bound to: 34 - type: integer 
	Parameter C_REG_CONFIG bound to: 0 - type: integer 
INFO: [Synth 8-256] done synthesizing module 'axi_register_slice_v2_1_15_axic_register_slice__parameterized6' (72#1) [d:/ProgramEnvironment/vivado2017/system_aes/system_aes.srcs/sources_1/bd/design_1/ipshared/3ed1/hdl/axi_register_slice_v2_1_vl_rfs.v:189]
INFO: [Synth 8-638] synthesizing module 'axi_infrastructure_v1_1_0_axi2vector__parameterized0' [d:/ProgramEnvironment/vivado2017/system_aes/system_aes.srcs/sources_1/bd/design_1/ipshared/ec67/hdl/axi_infrastructure_v1_1_vl_rfs.v:60]
	Parameter C_AXI_PROTOCOL bound to: 2 - type: integer 
	Parameter C_AXI_ID_WIDTH bound to: 1 - type: integer 
	Parameter C_AXI_ADDR_WIDTH bound to: 32 - type: integer 
	Parameter C_AXI_DATA_WIDTH bound to: 32 - type: integer 
	Parameter C_AXI_SUPPORTS_USER_SIGNALS bound to: 0 - type: integer 
	Parameter C_AXI_SUPPORTS_REGION_SIGNALS bound to: 0 - type: integer 
	Parameter C_AXI_AWUSER_WIDTH bound to: 1 - type: integer 
	Parameter C_AXI_WUSER_WIDTH bound to: 1 - type: integer 
	Parameter C_AXI_BUSER_WIDTH bound to: 1 - type: integer 
	Parameter C_AXI_ARUSER_WIDTH bound to: 1 - type: integer 
	Parameter C_AXI_RUSER_WIDTH bound to: 1 - type: integer 
	Parameter C_AWPAYLOAD_WIDTH bound to: 35 - type: integer 
	Parameter C_WPAYLOAD_WIDTH bound to: 36 - type: integer 
	Parameter C_BPAYLOAD_WIDTH bound to: 2 - type: integer 
	Parameter C_ARPAYLOAD_WIDTH bound to: 35 - type: integer 
	Parameter C_RPAYLOAD_WIDTH bound to: 34 - type: integer 
	Parameter G_AXI_AWADDR_INDEX bound to: 0 - type: integer 
	Parameter G_AXI_AWADDR_WIDTH bound to: 32 - type: integer 
	Parameter G_AXI_AWPROT_INDEX bound to: 32 - type: integer 
	Parameter G_AXI_AWPROT_WIDTH bound to: 3 - type: integer 
	Parameter G_AXI_AWSIZE_INDEX bound to: 35 - type: integer 
	Parameter G_AXI_AWSIZE_WIDTH bound to: 0 - type: integer 
	Parameter G_AXI_AWBURST_INDEX bound to: 35 - type: integer 
	Parameter G_AXI_AWBURST_WIDTH bound to: 0 - type: integer 
	Parameter G_AXI_AWCACHE_INDEX bound to: 35 - type: integer 
	Parameter G_AXI_AWCACHE_WIDTH bound to: 0 - type: integer 
	Parameter G_AXI_AWLEN_INDEX bound to: 35 - type: integer 
	Parameter G_AXI_AWLEN_WIDTH bound to: 0 - type: integer 
	Parameter G_AXI_AWLOCK_INDEX bound to: 35 - type: integer 
	Parameter G_AXI_AWLOCK_WIDTH bound to: 0 - type: integer 
	Parameter G_AXI_AWID_INDEX bound to: 35 - type: integer 
	Parameter G_AXI_AWID_WIDTH bound to: 0 - type: integer 
	Parameter G_AXI_AWQOS_INDEX bound to: 35 - type: integer 
	Parameter G_AXI_AWQOS_WIDTH bound to: 0 - type: integer 
	Parameter G_AXI_AWREGION_INDEX bound to: 35 - type: integer 
	Parameter G_AXI_AWREGION_WIDTH bound to: 0 - type: integer 
	Parameter G_AXI_AWUSER_INDEX bound to: 35 - type: integer 
	Parameter G_AXI_AWUSER_WIDTH bound to: 0 - type: integer 
	Parameter G_AXI_AWPAYLOAD_WIDTH bound to: 35 - type: integer 
	Parameter G_AXI_ARADDR_INDEX bound to: 0 - type: integer 
	Parameter G_AXI_ARADDR_WIDTH bound to: 32 - type: integer 
	Parameter G_AXI_ARPROT_INDEX bound to: 32 - type: integer 
	Parameter G_AXI_ARPROT_WIDTH bound to: 3 - type: integer 
	Parameter G_AXI_ARSIZE_INDEX bound to: 35 - type: integer 
	Parameter G_AXI_ARSIZE_WIDTH bound to: 0 - type: integer 
	Parameter G_AXI_ARBURST_INDEX bound to: 35 - type: integer 
	Parameter G_AXI_ARBURST_WIDTH bound to: 0 - type: integer 
	Parameter G_AXI_ARCACHE_INDEX bound to: 35 - type: integer 
	Parameter G_AXI_ARCACHE_WIDTH bound to: 0 - type: integer 
	Parameter G_AXI_ARLEN_INDEX bound to: 35 - type: integer 
	Parameter G_AXI_ARLEN_WIDTH bound to: 0 - type: integer 
	Parameter G_AXI_ARLOCK_INDEX bound to: 35 - type: integer 
	Parameter G_AXI_ARLOCK_WIDTH bound to: 0 - type: integer 
	Parameter G_AXI_ARID_INDEX bound to: 35 - type: integer 
	Parameter G_AXI_ARID_WIDTH bound to: 0 - type: integer 
	Parameter G_AXI_ARQOS_INDEX bound to: 35 - type: integer 
	Parameter G_AXI_ARQOS_WIDTH bound to: 0 - type: integer 
	Parameter G_AXI_ARREGION_INDEX bound to: 35 - type: integer 
	Parameter G_AXI_ARREGION_WIDTH bound to: 0 - type: integer 
	Parameter G_AXI_ARUSER_INDEX bound to: 35 - type: integer 
	Parameter G_AXI_ARUSER_WIDTH bound to: 0 - type: integer 
	Parameter G_AXI_ARPAYLOAD_WIDTH bound to: 35 - type: integer 
	Parameter G_AXI_WDATA_INDEX bound to: 0 - type: integer 
	Parameter G_AXI_WDATA_WIDTH bound to: 32 - type: integer 
	Parameter G_AXI_WSTRB_INDEX bound to: 32 - type: integer 
	Parameter G_AXI_WSTRB_WIDTH bound to: 4 - type: integer 
	Parameter G_AXI_WLAST_INDEX bound to: 36 - type: integer 
	Parameter G_AXI_WLAST_WIDTH bound to: 0 - type: integer 
	Parameter G_AXI_WID_INDEX bound to: 36 - type: integer 
	Parameter G_AXI_WID_WIDTH bound to: 0 - type: integer 
	Parameter G_AXI_WUSER_INDEX bound to: 36 - type: integer 
	Parameter G_AXI_WUSER_WIDTH bound to: 0 - type: integer 
	Parameter G_AXI_WPAYLOAD_WIDTH bound to: 36 - type: integer 
	Parameter G_AXI_BRESP_INDEX bound to: 0 - type: integer 
	Parameter G_AXI_BRESP_WIDTH bound to: 2 - type: integer 
	Parameter G_AXI_BID_INDEX bound to: 2 - type: integer 
	Parameter G_AXI_BID_WIDTH bound to: 0 - type: integer 
	Parameter G_AXI_BUSER_INDEX bound to: 2 - type: integer 
	Parameter G_AXI_BUSER_WIDTH bound to: 0 - type: integer 
	Parameter G_AXI_BPAYLOAD_WIDTH bound to: 2 - type: integer 
	Parameter G_AXI_RDATA_INDEX bound to: 0 - type: integer 
	Parameter G_AXI_RDATA_WIDTH bound to: 32 - type: integer 
	Parameter G_AXI_RRESP_INDEX bound to: 32 - type: integer 
	Parameter G_AXI_RRESP_WIDTH bound to: 2 - type: integer 
	Parameter G_AXI_RLAST_INDEX bound to: 34 - type: integer 
	Parameter G_AXI_RLAST_WIDTH bound to: 0 - type: integer 
	Parameter G_AXI_RID_INDEX bound to: 34 - type: integer 
	Parameter G_AXI_RID_WIDTH bound to: 0 - type: integer 
	Parameter G_AXI_RUSER_INDEX bound to: 34 - type: integer 
	Parameter G_AXI_RUSER_WIDTH bound to: 0 - type: integer 
	Parameter G_AXI_RPAYLOAD_WIDTH bound to: 34 - type: integer 
INFO: [Synth 8-256] done synthesizing module 'axi_infrastructure_v1_1_0_axi2vector__parameterized0' (72#1) [d:/ProgramEnvironment/vivado2017/system_aes/system_aes.srcs/sources_1/bd/design_1/ipshared/ec67/hdl/axi_infrastructure_v1_1_vl_rfs.v:60]
INFO: [Synth 8-638] synthesizing module 'axi_infrastructure_v1_1_0_vector2axi__parameterized0' [d:/ProgramEnvironment/vivado2017/system_aes/system_aes.srcs/sources_1/bd/design_1/ipshared/ec67/hdl/axi_infrastructure_v1_1_vl_rfs.v:474]
	Parameter C_AXI_PROTOCOL bound to: 2 - type: integer 
	Parameter C_AXI_ID_WIDTH bound to: 1 - type: integer 
	Parameter C_AXI_ADDR_WIDTH bound to: 32 - type: integer 
	Parameter C_AXI_DATA_WIDTH bound to: 32 - type: integer 
	Parameter C_AXI_SUPPORTS_USER_SIGNALS bound to: 0 - type: integer 
	Parameter C_AXI_SUPPORTS_REGION_SIGNALS bound to: 0 - type: integer 
	Parameter C_AXI_AWUSER_WIDTH bound to: 1 - type: integer 
	Parameter C_AXI_WUSER_WIDTH bound to: 1 - type: integer 
	Parameter C_AXI_BUSER_WIDTH bound to: 1 - type: integer 
	Parameter C_AXI_ARUSER_WIDTH bound to: 1 - type: integer 
	Parameter C_AXI_RUSER_WIDTH bound to: 1 - type: integer 
	Parameter C_AWPAYLOAD_WIDTH bound to: 35 - type: integer 
	Parameter C_WPAYLOAD_WIDTH bound to: 36 - type: integer 
	Parameter C_BPAYLOAD_WIDTH bound to: 2 - type: integer 
	Parameter C_ARPAYLOAD_WIDTH bound to: 35 - type: integer 
	Parameter C_RPAYLOAD_WIDTH bound to: 34 - type: integer 
	Parameter G_AXI_AWADDR_INDEX bound to: 0 - type: integer 
	Parameter G_AXI_AWADDR_WIDTH bound to: 32 - type: integer 
	Parameter G_AXI_AWPROT_INDEX bound to: 32 - type: integer 
	Parameter G_AXI_AWPROT_WIDTH bound to: 3 - type: integer 
	Parameter G_AXI_AWSIZE_INDEX bound to: 35 - type: integer 
	Parameter G_AXI_AWSIZE_WIDTH bound to: 0 - type: integer 
	Parameter G_AXI_AWBURST_INDEX bound to: 35 - type: integer 
	Parameter G_AXI_AWBURST_WIDTH bound to: 0 - type: integer 
	Parameter G_AXI_AWCACHE_INDEX bound to: 35 - type: integer 
	Parameter G_AXI_AWCACHE_WIDTH bound to: 0 - type: integer 
	Parameter G_AXI_AWLEN_INDEX bound to: 35 - type: integer 
	Parameter G_AXI_AWLEN_WIDTH bound to: 0 - type: integer 
	Parameter G_AXI_AWLOCK_INDEX bound to: 35 - type: integer 
	Parameter G_AXI_AWLOCK_WIDTH bound to: 0 - type: integer 
	Parameter G_AXI_AWID_INDEX bound to: 35 - type: integer 
	Parameter G_AXI_AWID_WIDTH bound to: 0 - type: integer 
	Parameter G_AXI_AWQOS_INDEX bound to: 35 - type: integer 
	Parameter G_AXI_AWQOS_WIDTH bound to: 0 - type: integer 
	Parameter G_AXI_AWREGION_INDEX bound to: 35 - type: integer 
	Parameter G_AXI_AWREGION_WIDTH bound to: 0 - type: integer 
	Parameter G_AXI_AWUSER_INDEX bound to: 35 - type: integer 
	Parameter G_AXI_AWUSER_WIDTH bound to: 0 - type: integer 
	Parameter G_AXI_AWPAYLOAD_WIDTH bound to: 35 - type: integer 
	Parameter G_AXI_ARADDR_INDEX bound to: 0 - type: integer 
	Parameter G_AXI_ARADDR_WIDTH bound to: 32 - type: integer 
	Parameter G_AXI_ARPROT_INDEX bound to: 32 - type: integer 
	Parameter G_AXI_ARPROT_WIDTH bound to: 3 - type: integer 
	Parameter G_AXI_ARSIZE_INDEX bound to: 35 - type: integer 
	Parameter G_AXI_ARSIZE_WIDTH bound to: 0 - type: integer 
	Parameter G_AXI_ARBURST_INDEX bound to: 35 - type: integer 
	Parameter G_AXI_ARBURST_WIDTH bound to: 0 - type: integer 
	Parameter G_AXI_ARCACHE_INDEX bound to: 35 - type: integer 
	Parameter G_AXI_ARCACHE_WIDTH bound to: 0 - type: integer 
	Parameter G_AXI_ARLEN_INDEX bound to: 35 - type: integer 
	Parameter G_AXI_ARLEN_WIDTH bound to: 0 - type: integer 
	Parameter G_AXI_ARLOCK_INDEX bound to: 35 - type: integer 
	Parameter G_AXI_ARLOCK_WIDTH bound to: 0 - type: integer 
	Parameter G_AXI_ARID_INDEX bound to: 35 - type: integer 
	Parameter G_AXI_ARID_WIDTH bound to: 0 - type: integer 
	Parameter G_AXI_ARQOS_INDEX bound to: 35 - type: integer 
	Parameter G_AXI_ARQOS_WIDTH bound to: 0 - type: integer 
	Parameter G_AXI_ARREGION_INDEX bound to: 35 - type: integer 
	Parameter G_AXI_ARREGION_WIDTH bound to: 0 - type: integer 
	Parameter G_AXI_ARUSER_INDEX bound to: 35 - type: integer 
	Parameter G_AXI_ARUSER_WIDTH bound to: 0 - type: integer 
	Parameter G_AXI_ARPAYLOAD_WIDTH bound to: 35 - type: integer 
	Parameter G_AXI_WDATA_INDEX bound to: 0 - type: integer 
	Parameter G_AXI_WDATA_WIDTH bound to: 32 - type: integer 
	Parameter G_AXI_WSTRB_INDEX bound to: 32 - type: integer 
	Parameter G_AXI_WSTRB_WIDTH bound to: 4 - type: integer 
	Parameter G_AXI_WLAST_INDEX bound to: 36 - type: integer 
	Parameter G_AXI_WLAST_WIDTH bound to: 0 - type: integer 
	Parameter G_AXI_WID_INDEX bound to: 36 - type: integer 
	Parameter G_AXI_WID_WIDTH bound to: 0 - type: integer 
	Parameter G_AXI_WUSER_INDEX bound to: 36 - type: integer 
	Parameter G_AXI_WUSER_WIDTH bound to: 0 - type: integer 
	Parameter G_AXI_WPAYLOAD_WIDTH bound to: 36 - type: integer 
	Parameter G_AXI_BRESP_INDEX bound to: 0 - type: integer 
	Parameter G_AXI_BRESP_WIDTH bound to: 2 - type: integer 
	Parameter G_AXI_BID_INDEX bound to: 2 - type: integer 
	Parameter G_AXI_BID_WIDTH bound to: 0 - type: integer 
	Parameter G_AXI_BUSER_INDEX bound to: 2 - type: integer 
	Parameter G_AXI_BUSER_WIDTH bound to: 0 - type: integer 
	Parameter G_AXI_BPAYLOAD_WIDTH bound to: 2 - type: integer 
	Parameter G_AXI_RDATA_INDEX bound to: 0 - type: integer 
	Parameter G_AXI_RDATA_WIDTH bound to: 32 - type: integer 
	Parameter G_AXI_RRESP_INDEX bound to: 32 - type: integer 
	Parameter G_AXI_RRESP_WIDTH bound to: 2 - type: integer 
	Parameter G_AXI_RLAST_INDEX bound to: 34 - type: integer 
	Parameter G_AXI_RLAST_WIDTH bound to: 0 - type: integer 
	Parameter G_AXI_RID_INDEX bound to: 34 - type: integer 
	Parameter G_AXI_RID_WIDTH bound to: 0 - type: integer 
	Parameter G_AXI_RUSER_INDEX bound to: 34 - type: integer 
	Parameter G_AXI_RUSER_WIDTH bound to: 0 - type: integer 
	Parameter G_AXI_RPAYLOAD_WIDTH bound to: 34 - type: integer 
INFO: [Synth 8-256] done synthesizing module 'axi_infrastructure_v1_1_0_vector2axi__parameterized0' (72#1) [d:/ProgramEnvironment/vivado2017/system_aes/system_aes.srcs/sources_1/bd/design_1/ipshared/ec67/hdl/axi_infrastructure_v1_1_vl_rfs.v:474]
INFO: [Synth 8-256] done synthesizing module 'axi_register_slice_v2_1_15_axi_register_slice__parameterized0' (72#1) [d:/ProgramEnvironment/vivado2017/system_aes/system_aes.srcs/sources_1/bd/design_1/ipshared/3ed1/hdl/axi_register_slice_v2_1_vl_rfs.v:2300]
WARNING: [Synth 8-350] instance 'MI_REG' of module 'axi_register_slice_v2_1_15_axi_register_slice' requires 93 connections, but only 92 given [d:/ProgramEnvironment/vivado2017/system_aes/system_aes.srcs/sources_1/bd/design_1/ipshared/ff69/hdl/axi_protocol_converter_v2_1_vl_rfs.v:4650]
INFO: [Synth 8-256] done synthesizing module 'axi_protocol_converter_v2_1_15_b2s' (73#1) [d:/ProgramEnvironment/vivado2017/system_aes/system_aes.srcs/sources_1/bd/design_1/ipshared/ff69/hdl/axi_protocol_converter_v2_1_vl_rfs.v:4229]
INFO: [Synth 8-256] done synthesizing module 'axi_protocol_converter_v2_1_15_axi_protocol_converter' (74#1) [d:/ProgramEnvironment/vivado2017/system_aes/system_aes.srcs/sources_1/bd/design_1/ipshared/ff69/hdl/axi_protocol_converter_v2_1_vl_rfs.v:4811]
INFO: [Synth 8-256] done synthesizing module 'design_1_auto_pc_0' (75#1) [d:/ProgramEnvironment/vivado2017/system_aes/system_aes.srcs/sources_1/bd/design_1/ip/design_1_auto_pc_0/synth/design_1_auto_pc_0.v:58]
WARNING: [Synth 8-350] instance 'auto_pc' of module 'design_1_auto_pc_0' requires 56 connections, but only 53 given [D:/ProgramEnvironment/vivado2017/system_aes/system_aes.srcs/sources_1/bd/design_1/synth/design_1.v:2060]
INFO: [Synth 8-256] done synthesizing module 'm00_couplers_imp_1CA5Z32' (76#1) [D:/ProgramEnvironment/vivado2017/system_aes/system_aes.srcs/sources_1/bd/design_1/synth/design_1.v:1713]
INFO: [Synth 8-638] synthesizing module 'm01_couplers_imp_I4GRPB' [D:/ProgramEnvironment/vivado2017/system_aes/system_aes.srcs/sources_1/bd/design_1/synth/design_1.v:2116]
INFO: [Synth 8-256] done synthesizing module 'm01_couplers_imp_I4GRPB' (77#1) [D:/ProgramEnvironment/vivado2017/system_aes/system_aes.srcs/sources_1/bd/design_1/synth/design_1.v:2116]
INFO: [Synth 8-638] synthesizing module 's00_couplers_imp_O7FAN0' [D:/ProgramEnvironment/vivado2017/system_aes/system_aes.srcs/sources_1/bd/design_1/synth/design_1.v:2374]
INFO: [Synth 8-638] synthesizing module 'design_1_auto_pc_1' [d:/ProgramEnvironment/vivado2017/system_aes/system_aes.srcs/sources_1/bd/design_1/ip/design_1_auto_pc_1/synth/design_1_auto_pc_1.v:58]
INFO: [Synth 8-638] synthesizing module 'axi_protocol_converter_v2_1_15_axi_protocol_converter__parameterized0' [d:/ProgramEnvironment/vivado2017/system_aes/system_aes.srcs/sources_1/bd/design_1/ipshared/ff69/hdl/axi_protocol_converter_v2_1_vl_rfs.v:4811]
	Parameter C_FAMILY bound to: zynq - type: string 
	Parameter C_M_AXI_PROTOCOL bound to: 0 - type: integer 
	Parameter C_S_AXI_PROTOCOL bound to: 1 - type: integer 
	Parameter C_IGNORE_ID bound to: 0 - type: integer 
	Parameter C_AXI_ID_WIDTH bound to: 12 - type: integer 
	Parameter C_AXI_ADDR_WIDTH bound to: 32 - type: integer 
	Parameter C_AXI_DATA_WIDTH bound to: 32 - type: integer 
	Parameter C_AXI_SUPPORTS_WRITE bound to: 1 - type: integer 
	Parameter C_AXI_SUPPORTS_READ bound to: 1 - type: integer 
	Parameter C_AXI_SUPPORTS_USER_SIGNALS bound to: 0 - type: integer 
	Parameter C_AXI_AWUSER_WIDTH bound to: 1 - type: integer 
	Parameter C_AXI_ARUSER_WIDTH bound to: 1 - type: integer 
	Parameter C_AXI_WUSER_WIDTH bound to: 1 - type: integer 
	Parameter C_AXI_RUSER_WIDTH bound to: 1 - type: integer 
	Parameter C_AXI_BUSER_WIDTH bound to: 1 - type: integer 
	Parameter C_TRANSLATION_MODE bound to: 2 - type: integer 
	Parameter P_AXI4 bound to: 0 - type: integer 
	Parameter P_AXI3 bound to: 1 - type: integer 
	Parameter P_AXILITE bound to: 2 - type: integer 
	Parameter P_AXILITE_SIZE bound to: 3'b010 
	Parameter P_INCR bound to: 2'b01 
	Parameter P_DECERR bound to: 2'b11 
	Parameter P_SLVERR bound to: 2'b10 
	Parameter P_PROTECTION bound to: 1 - type: integer 
	Parameter P_CONVERSION bound to: 2 - type: integer 
INFO: [Synth 8-256] done synthesizing module 'axi_protocol_converter_v2_1_15_axi_protocol_converter__parameterized0' (77#1) [d:/ProgramEnvironment/vivado2017/system_aes/system_aes.srcs/sources_1/bd/design_1/ipshared/ff69/hdl/axi_protocol_converter_v2_1_vl_rfs.v:4811]
INFO: [Synth 8-256] done synthesizing module 'design_1_auto_pc_1' (78#1) [d:/ProgramEnvironment/vivado2017/system_aes/system_aes.srcs/sources_1/bd/design_1/ip/design_1_auto_pc_1/synth/design_1_auto_pc_1.v:58]
INFO: [Synth 8-638] synthesizing module 'design_1_auto_us_0' [d:/ProgramEnvironment/vivado2017/system_aes/system_aes.srcs/sources_1/bd/design_1/ip/design_1_auto_us_0/synth/design_1_auto_us_0.v:58]
INFO: [Synth 8-638] synthesizing module 'axi_dwidth_converter_v2_1_15_top__parameterized0' [d:/ProgramEnvironment/vivado2017/system_aes/system_aes.srcs/sources_1/bd/design_1/ipshared/1cdc/hdl/axi_dwidth_converter_v2_1_vlsyn_rfs.v:14462]
	Parameter C_FAMILY bound to: zynq - type: string 
	Parameter C_AXI_PROTOCOL bound to: 0 - type: integer 
	Parameter C_S_AXI_ID_WIDTH bound to: 12 - type: integer 
	Parameter C_SUPPORTS_ID bound to: 1 - type: integer 
	Parameter C_AXI_ADDR_WIDTH bound to: 32 - type: integer 
	Parameter C_S_AXI_DATA_WIDTH bound to: 32 - type: integer 
	Parameter C_M_AXI_DATA_WIDTH bound to: 128 - type: integer 
	Parameter C_AXI_SUPPORTS_WRITE bound to: 1 - type: integer 
	Parameter C_AXI_SUPPORTS_READ bound to: 1 - type: integer 
	Parameter C_FIFO_MODE bound to: 0 - type: integer 
	Parameter C_S_AXI_ACLK_RATIO bound to: 1 - type: integer 
	Parameter C_M_AXI_ACLK_RATIO bound to: 2 - type: integer 
	Parameter C_AXI_IS_ACLK_ASYNC bound to: 0 - type: integer 
	Parameter C_MAX_SPLIT_BEATS bound to: 16 - type: integer 
	Parameter C_PACKING_LEVEL bound to: 1 - type: integer 
	Parameter C_SYNCHRONIZER_STAGE bound to: 3 - type: integer 
	Parameter C_S_AXI_BYTES_LOG bound to: 2 - type: integer 
	Parameter C_M_AXI_BYTES_LOG bound to: 4 - type: integer 
	Parameter C_RATIO bound to: 0 - type: integer 
	Parameter C_RATIO_LOG bound to: 0 - type: integer 
	Parameter P_AXI4 bound to: 0 - type: integer 
	Parameter P_AXI3 bound to: 1 - type: integer 
	Parameter P_AXILITE bound to: 2 - type: integer 
	Parameter P_CONVERSION bound to: 2 - type: integer 
	Parameter P_MAX_SPLIT_BEATS bound to: 16 - type: integer 
INFO: [Synth 8-638] synthesizing module 'axi_dwidth_converter_v2_1_15_axi_upsizer' [d:/ProgramEnvironment/vivado2017/system_aes/system_aes.srcs/sources_1/bd/design_1/ipshared/1cdc/hdl/axi_dwidth_converter_v2_1_vlsyn_rfs.v:7038]
	Parameter C_FAMILY bound to: zynq - type: string 
	Parameter C_AXI_PROTOCOL bound to: 0 - type: integer 
	Parameter C_S_AXI_ID_WIDTH bound to: 12 - type: integer 
	Parameter C_SUPPORTS_ID bound to: 1 - type: integer 
	Parameter C_AXI_ADDR_WIDTH bound to: 32 - type: integer 
	Parameter C_S_AXI_DATA_WIDTH bound to: 32 - type: integer 
	Parameter C_M_AXI_DATA_WIDTH bound to: 128 - type: integer 
	Parameter C_AXI_SUPPORTS_WRITE bound to: 1 - type: integer 
	Parameter C_AXI_SUPPORTS_READ bound to: 1 - type: integer 
	Parameter C_FIFO_MODE bound to: 0 - type: integer 
	Parameter C_S_AXI_ACLK_RATIO bound to: 1 - type: integer 
	Parameter C_M_AXI_ACLK_RATIO bound to: 2 - type: integer 
	Parameter C_AXI_IS_ACLK_ASYNC bound to: 0 - type: integer 
	Parameter C_PACKING_LEVEL bound to: 1 - type: integer 
	Parameter C_SYNCHRONIZER_STAGE bound to: 3 - type: integer 
	Parameter C_S_AXI_BYTES_LOG bound to: 2 - type: integer 
	Parameter C_M_AXI_BYTES_LOG bound to: 4 - type: integer 
	Parameter C_RATIO bound to: 4 - type: integer 
	Parameter C_RATIO_LOG bound to: 2 - type: integer 
	Parameter P_BYPASS bound to: 0 - type: integer 
	Parameter P_LIGHTWT bound to: 7 - type: integer 
	Parameter P_FWD_REV bound to: 1 - type: integer 
	Parameter P_CONV_LIGHT_WT bound to: 0 - type: integer 
	Parameter P_AXI4 bound to: 0 - type: integer 
	Parameter C_FIFO_DEPTH_LOG bound to: 5 - type: integer 
	Parameter P_SI_LT_MI bound to: 1'b1 
	Parameter P_ACLK_RATIO bound to: 2 - type: integer 
	Parameter P_NO_FIFO bound to: 0 - type: integer 
	Parameter P_PKTFIFO bound to: 1 - type: integer 
	Parameter P_PKTFIFO_CLK bound to: 2 - type: integer 
	Parameter P_DATAFIFO bound to: 3 - type: integer 
	Parameter P_DATAFIFO_CLK bound to: 4 - type: integer 
	Parameter P_CLK_CONV bound to: 1'b0 
	Parameter C_M_AXI_AW_REGISTER bound to: 0 - type: integer 
	Parameter C_M_AXI_W_REGISTER bound to: 1 - type: integer 
	Parameter C_M_AXI_AR_REGISTER bound to: 0 - type: integer 
	Parameter C_S_AXI_R_REGISTER bound to: 0 - type: integer 
	Parameter C_M_AXI_R_REGISTER bound to: 1 - type: integer 
	Parameter P_RID_QUEUE bound to: 1 - type: integer 
INFO: [Synth 8-638] synthesizing module 'axi_dwidth_converter_v2_1_15_w_upsizer' [d:/ProgramEnvironment/vivado2017/system_aes/system_aes.srcs/sources_1/bd/design_1/ipshared/1cdc/hdl/axi_dwidth_converter_v2_1_vlsyn_rfs.v:5563]
	Parameter C_FAMILY bound to: rtl - type: string 
	Parameter C_S_AXI_DATA_WIDTH bound to: 32 - type: integer 
	Parameter C_M_AXI_DATA_WIDTH bound to: 128 - type: integer 
	Parameter C_M_AXI_REGISTER bound to: 1 - type: integer 
	Parameter C_PACKING_LEVEL bound to: 1 - type: integer 
	Parameter C_S_AXI_BYTES_LOG bound to: 2 - type: integer 
	Parameter C_M_AXI_BYTES_LOG bound to: 4 - type: integer 
	Parameter C_RATIO bound to: 4 - type: integer 
	Parameter C_RATIO_LOG bound to: 2 - type: integer 
	Parameter C_NEVER_PACK bound to: 0 - type: integer 
	Parameter C_DEFAULT_PACK bound to: 1 - type: integer 
	Parameter C_ALWAYS_PACK bound to: 2 - type: integer 
INFO: [Synth 8-256] done synthesizing module 'axi_dwidth_converter_v2_1_15_w_upsizer' (79#1) [d:/ProgramEnvironment/vivado2017/system_aes/system_aes.srcs/sources_1/bd/design_1/ipshared/1cdc/hdl/axi_dwidth_converter_v2_1_vlsyn_rfs.v:5563]
INFO: [Synth 8-638] synthesizing module 'axi_dwidth_converter_v2_1_15_a_upsizer' [d:/ProgramEnvironment/vivado2017/system_aes/system_aes.srcs/sources_1/bd/design_1/ipshared/1cdc/hdl/axi_dwidth_converter_v2_1_vlsyn_rfs.v:3603]
	Parameter C_FAMILY bound to: rtl - type: string 
	Parameter C_AXI_PROTOCOL bound to: 0 - type: integer 
	Parameter C_AXI_ID_WIDTH bound to: 12 - type: integer 
	Parameter C_SUPPORTS_ID bound to: 1 - type: integer 
	Parameter C_AXI_ADDR_WIDTH bound to: 32 - type: integer 
	Parameter C_S_AXI_DATA_WIDTH bound to: 32 - type: integer 
	Parameter C_M_AXI_DATA_WIDTH bound to: 128 - type: integer 
	Parameter C_M_AXI_REGISTER bound to: 0 - type: integer 
	Parameter C_AXI_CHANNEL bound to: 0 - type: integer 
	Parameter C_PACKING_LEVEL bound to: 1 - type: integer 
	Parameter C_FIFO_MODE bound to: 0 - type: integer 
	Parameter C_ID_QUEUE bound to: 1 - type: integer 
	Parameter C_S_AXI_BYTES_LOG bound to: 2 - type: integer 
	Parameter C_M_AXI_BYTES_LOG bound to: 4 - type: integer 
	Parameter C_S_AXI_NATIVE_SIZE bound to: 3'b010 
	Parameter C_M_AXI_NATIVE_SIZE bound to: 3'b100 
	Parameter C_DOUBLE_LEN bound to: 24'b000000000000000011111111 
	Parameter C_FIX_BURST bound to: 2'b00 
	Parameter C_INCR_BURST bound to: 2'b01 
	Parameter C_WRAP_BURST bound to: 2'b10 
	Parameter C_NEVER_PACK bound to: 0 - type: integer 
	Parameter C_DEFAULT_PACK bound to: 1 - type: integer 
	Parameter C_ALWAYS_PACK bound to: 2 - type: integer 
	Parameter C_FIFO_DEPTH_LOG bound to: 5 - type: integer 
	Parameter C_BURST_BYTES_LOG bound to: 6 - type: integer 
	Parameter C_SI_UNUSED_LOG bound to: 30 - type: integer 
	Parameter C_MI_UNUSED_LOG bound to: 28 - type: integer 
INFO: [Synth 8-638] synthesizing module 'generic_baseblocks_v2_1_0_command_fifo' [d:/ProgramEnvironment/vivado2017/system_aes/system_aes.srcs/sources_1/bd/design_1/ipshared/b752/hdl/generic_baseblocks_v2_1_vl_rfs.v:655]
	Parameter C_FAMILY bound to: rtl - type: string 
	Parameter C_ENABLE_S_VALID_CARRY bound to: 0 - type: integer 
	Parameter C_ENABLE_REGISTERED_OUTPUT bound to: 1 - type: integer 
	Parameter C_FIFO_DEPTH_LOG bound to: 5 - type: integer 
	Parameter C_FIFO_WIDTH bound to: 12 - type: integer 
INFO: [Synth 8-256] done synthesizing module 'generic_baseblocks_v2_1_0_command_fifo' (80#1) [d:/ProgramEnvironment/vivado2017/system_aes/system_aes.srcs/sources_1/bd/design_1/ipshared/b752/hdl/generic_baseblocks_v2_1_vl_rfs.v:655]
INFO: [Synth 8-638] synthesizing module 'generic_baseblocks_v2_1_0_command_fifo__parameterized0' [d:/ProgramEnvironment/vivado2017/system_aes/system_aes.srcs/sources_1/bd/design_1/ipshared/b752/hdl/generic_baseblocks_v2_1_vl_rfs.v:655]
	Parameter C_FAMILY bound to: rtl - type: string 
	Parameter C_ENABLE_S_VALID_CARRY bound to: 1 - type: integer 
	Parameter C_ENABLE_REGISTERED_OUTPUT bound to: 1 - type: integer 
	Parameter C_FIFO_DEPTH_LOG bound to: 5 - type: integer 
	Parameter C_FIFO_WIDTH bound to: 35 - type: integer 
INFO: [Synth 8-256] done synthesizing module 'generic_baseblocks_v2_1_0_command_fifo__parameterized0' (80#1) [d:/ProgramEnvironment/vivado2017/system_aes/system_aes.srcs/sources_1/bd/design_1/ipshared/b752/hdl/generic_baseblocks_v2_1_vl_rfs.v:655]
INFO: [Synth 8-256] done synthesizing module 'axi_dwidth_converter_v2_1_15_a_upsizer' (81#1) [d:/ProgramEnvironment/vivado2017/system_aes/system_aes.srcs/sources_1/bd/design_1/ipshared/1cdc/hdl/axi_dwidth_converter_v2_1_vlsyn_rfs.v:3603]
INFO: [Synth 8-638] synthesizing module 'axi_dwidth_converter_v2_1_15_r_upsizer' [d:/ProgramEnvironment/vivado2017/system_aes/system_aes.srcs/sources_1/bd/design_1/ipshared/1cdc/hdl/axi_dwidth_converter_v2_1_vlsyn_rfs.v:4653]
	Parameter C_FAMILY bound to: rtl - type: string 
	Parameter C_AXI_ID_WIDTH bound to: 12 - type: integer 
	Parameter C_S_AXI_DATA_WIDTH bound to: 32 - type: integer 
	Parameter C_M_AXI_DATA_WIDTH bound to: 128 - type: integer 
	Parameter C_S_AXI_REGISTER bound to: 0 - type: integer 
	Parameter C_PACKING_LEVEL bound to: 1 - type: integer 
	Parameter C_S_AXI_BYTES_LOG bound to: 2 - type: integer 
	Parameter C_M_AXI_BYTES_LOG bound to: 4 - type: integer 
	Parameter C_RATIO bound to: 4 - type: integer 
	Parameter C_RATIO_LOG bound to: 2 - type: integer 
	Parameter C_NEVER_PACK bound to: 0 - type: integer 
	Parameter C_DEFAULT_PACK bound to: 1 - type: integer 
	Parameter C_ALWAYS_PACK bound to: 2 - type: integer 
INFO: [Synth 8-256] done synthesizing module 'axi_dwidth_converter_v2_1_15_r_upsizer' (82#1) [d:/ProgramEnvironment/vivado2017/system_aes/system_aes.srcs/sources_1/bd/design_1/ipshared/1cdc/hdl/axi_dwidth_converter_v2_1_vlsyn_rfs.v:4653]
INFO: [Synth 8-638] synthesizing module 'axi_register_slice_v2_1_15_axi_register_slice__parameterized1' [d:/ProgramEnvironment/vivado2017/system_aes/system_aes.srcs/sources_1/bd/design_1/ipshared/3ed1/hdl/axi_register_slice_v2_1_vl_rfs.v:2300]
	Parameter C_FAMILY bound to: zynq - type: string 
	Parameter C_AXI_PROTOCOL bound to: 0 - type: integer 
	Parameter C_AXI_ID_WIDTH bound to: 1 - type: integer 
	Parameter C_AXI_ADDR_WIDTH bound to: 32 - type: integer 
	Parameter C_AXI_DATA_WIDTH bound to: 128 - type: integer 
	Parameter C_AXI_SUPPORTS_USER_SIGNALS bound to: 0 - type: integer 
	Parameter C_AXI_AWUSER_WIDTH bound to: 1 - type: integer 
	Parameter C_AXI_ARUSER_WIDTH bound to: 1 - type: integer 
	Parameter C_AXI_WUSER_WIDTH bound to: 1 - type: integer 
	Parameter C_AXI_RUSER_WIDTH bound to: 1 - type: integer 
	Parameter C_AXI_BUSER_WIDTH bound to: 1 - type: integer 
	Parameter C_REG_CONFIG_AW bound to: 7 - type: integer 
	Parameter C_REG_CONFIG_W bound to: 1 - type: integer 
	Parameter C_REG_CONFIG_B bound to: 7 - type: integer 
	Parameter C_REG_CONFIG_AR bound to: 7 - type: integer 
	Parameter C_REG_CONFIG_R bound to: 1 - type: integer 
	Parameter C_NUM_SLR_CROSSINGS bound to: 0 - type: integer 
	Parameter C_PIPELINES_MASTER_AW bound to: 0 - type: integer 
	Parameter C_PIPELINES_MASTER_W bound to: 0 - type: integer 
	Parameter C_PIPELINES_MASTER_B bound to: 0 - type: integer 
	Parameter C_PIPELINES_MASTER_AR bound to: 0 - type: integer 
	Parameter C_PIPELINES_MASTER_R bound to: 0 - type: integer 
	Parameter C_PIPELINES_SLAVE_AW bound to: 0 - type: integer 
	Parameter C_PIPELINES_SLAVE_W bound to: 0 - type: integer 
	Parameter C_PIPELINES_SLAVE_B bound to: 0 - type: integer 
	Parameter C_PIPELINES_SLAVE_AR bound to: 0 - type: integer 
	Parameter C_PIPELINES_SLAVE_R bound to: 0 - type: integer 
	Parameter C_PIPELINES_MIDDLE_AW bound to: 0 - type: integer 
	Parameter C_PIPELINES_MIDDLE_W bound to: 0 - type: integer 
	Parameter C_PIPELINES_MIDDLE_B bound to: 0 - type: integer 
	Parameter C_PIPELINES_MIDDLE_AR bound to: 0 - type: integer 
	Parameter C_PIPELINES_MIDDLE_R bound to: 0 - type: integer 
	Parameter C_AXI_SUPPORTS_REGION_SIGNALS bound to: 1 - type: integer 
	Parameter P_FORWARD bound to: 0 - type: integer 
	Parameter P_RESPONSE bound to: 1 - type: integer 
	Parameter G_AXI_AWADDR_INDEX bound to: 0 - type: integer 
	Parameter G_AXI_AWADDR_WIDTH bound to: 32 - type: integer 
	Parameter G_AXI_AWPROT_INDEX bound to: 32 - type: integer 
	Parameter G_AXI_AWPROT_WIDTH bound to: 3 - type: integer 
	Parameter G_AXI_AWSIZE_INDEX bound to: 35 - type: integer 
	Parameter G_AXI_AWSIZE_WIDTH bound to: 3 - type: integer 
	Parameter G_AXI_AWBURST_INDEX bound to: 38 - type: integer 
	Parameter G_AXI_AWBURST_WIDTH bound to: 2 - type: integer 
	Parameter G_AXI_AWCACHE_INDEX bound to: 40 - type: integer 
	Parameter G_AXI_AWCACHE_WIDTH bound to: 4 - type: integer 
	Parameter G_AXI_AWLEN_INDEX bound to: 44 - type: integer 
	Parameter G_AXI_AWLEN_WIDTH bound to: 8 - type: integer 
	Parameter G_AXI_AWLOCK_INDEX bound to: 52 - type: integer 
	Parameter G_AXI_AWLOCK_WIDTH bound to: 1 - type: integer 
	Parameter G_AXI_AWID_INDEX bound to: 53 - type: integer 
	Parameter G_AXI_AWID_WIDTH bound to: 1 - type: integer 
	Parameter G_AXI_AWQOS_INDEX bound to: 54 - type: integer 
	Parameter G_AXI_AWQOS_WIDTH bound to: 4 - type: integer 
	Parameter G_AXI_AWREGION_INDEX bound to: 58 - type: integer 
	Parameter G_AXI_AWREGION_WIDTH bound to: 4 - type: integer 
	Parameter G_AXI_AWUSER_INDEX bound to: 62 - type: integer 
	Parameter G_AXI_AWUSER_WIDTH bound to: 0 - type: integer 
	Parameter G_AXI_AWPAYLOAD_WIDTH bound to: 62 - type: integer 
	Parameter G_AXI_ARADDR_INDEX bound to: 0 - type: integer 
	Parameter G_AXI_ARADDR_WIDTH bound to: 32 - type: integer 
	Parameter G_AXI_ARPROT_INDEX bound to: 32 - type: integer 
	Parameter G_AXI_ARPROT_WIDTH bound to: 3 - type: integer 
	Parameter G_AXI_ARSIZE_INDEX bound to: 35 - type: integer 
	Parameter G_AXI_ARSIZE_WIDTH bound to: 3 - type: integer 
	Parameter G_AXI_ARBURST_INDEX bound to: 38 - type: integer 
	Parameter G_AXI_ARBURST_WIDTH bound to: 2 - type: integer 
	Parameter G_AXI_ARCACHE_INDEX bound to: 40 - type: integer 
	Parameter G_AXI_ARCACHE_WIDTH bound to: 4 - type: integer 
	Parameter G_AXI_ARLEN_INDEX bound to: 44 - type: integer 
	Parameter G_AXI_ARLEN_WIDTH bound to: 8 - type: integer 
	Parameter G_AXI_ARLOCK_INDEX bound to: 52 - type: integer 
	Parameter G_AXI_ARLOCK_WIDTH bound to: 1 - type: integer 
	Parameter G_AXI_ARID_INDEX bound to: 53 - type: integer 
	Parameter G_AXI_ARID_WIDTH bound to: 1 - type: integer 
	Parameter G_AXI_ARQOS_INDEX bound to: 54 - type: integer 
	Parameter G_AXI_ARQOS_WIDTH bound to: 4 - type: integer 
	Parameter G_AXI_ARREGION_INDEX bound to: 58 - type: integer 
	Parameter G_AXI_ARREGION_WIDTH bound to: 4 - type: integer 
	Parameter G_AXI_ARUSER_INDEX bound to: 62 - type: integer 
	Parameter G_AXI_ARUSER_WIDTH bound to: 0 - type: integer 
	Parameter G_AXI_ARPAYLOAD_WIDTH bound to: 62 - type: integer 
	Parameter G_AXI_WDATA_INDEX bound to: 0 - type: integer 
	Parameter G_AXI_WDATA_WIDTH bound to: 128 - type: integer 
	Parameter G_AXI_WSTRB_INDEX bound to: 128 - type: integer 
	Parameter G_AXI_WSTRB_WIDTH bound to: 16 - type: integer 
	Parameter G_AXI_WLAST_INDEX bound to: 144 - type: integer 
	Parameter G_AXI_WLAST_WIDTH bound to: 1 - type: integer 
	Parameter G_AXI_WID_INDEX bound to: 145 - type: integer 
	Parameter G_AXI_WID_WIDTH bound to: 0 - type: integer 
	Parameter G_AXI_WUSER_INDEX bound to: 145 - type: integer 
	Parameter G_AXI_WUSER_WIDTH bound to: 0 - type: integer 
	Parameter G_AXI_WPAYLOAD_WIDTH bound to: 145 - type: integer 
	Parameter G_AXI_BRESP_INDEX bound to: 0 - type: integer 
	Parameter G_AXI_BRESP_WIDTH bound to: 2 - type: integer 
	Parameter G_AXI_BID_INDEX bound to: 2 - type: integer 
	Parameter G_AXI_BID_WIDTH bound to: 1 - type: integer 
	Parameter G_AXI_BUSER_INDEX bound to: 3 - type: integer 
	Parameter G_AXI_BUSER_WIDTH bound to: 0 - type: integer 
	Parameter G_AXI_BPAYLOAD_WIDTH bound to: 3 - type: integer 
	Parameter G_AXI_RDATA_INDEX bound to: 0 - type: integer 
	Parameter G_AXI_RDATA_WIDTH bound to: 128 - type: integer 
	Parameter G_AXI_RRESP_INDEX bound to: 128 - type: integer 
	Parameter G_AXI_RRESP_WIDTH bound to: 2 - type: integer 
	Parameter G_AXI_RLAST_INDEX bound to: 130 - type: integer 
	Parameter G_AXI_RLAST_WIDTH bound to: 1 - type: integer 
	Parameter G_AXI_RID_INDEX bound to: 131 - type: integer 
	Parameter G_AXI_RID_WIDTH bound to: 1 - type: integer 
	Parameter G_AXI_RUSER_INDEX bound to: 132 - type: integer 
	Parameter G_AXI_RUSER_WIDTH bound to: 0 - type: integer 
	Parameter G_AXI_RPAYLOAD_WIDTH bound to: 132 - type: integer 
INFO: [Synth 8-638] synthesizing module 'axi_register_slice_v2_1_15_axic_register_slice__parameterized7' [d:/ProgramEnvironment/vivado2017/system_aes/system_aes.srcs/sources_1/bd/design_1/ipshared/3ed1/hdl/axi_register_slice_v2_1_vl_rfs.v:189]
	Parameter C_FAMILY bound to: zynq - type: string 
	Parameter C_DATA_WIDTH bound to: 62 - type: integer 
	Parameter C_REG_CONFIG bound to: 7 - type: integer 
INFO: [Synth 8-256] done synthesizing module 'axi_register_slice_v2_1_15_axic_register_slice__parameterized7' (82#1) [d:/ProgramEnvironment/vivado2017/system_aes/system_aes.srcs/sources_1/bd/design_1/ipshared/3ed1/hdl/axi_register_slice_v2_1_vl_rfs.v:189]
INFO: [Synth 8-638] synthesizing module 'axi_register_slice_v2_1_15_axic_register_slice__parameterized8' [d:/ProgramEnvironment/vivado2017/system_aes/system_aes.srcs/sources_1/bd/design_1/ipshared/3ed1/hdl/axi_register_slice_v2_1_vl_rfs.v:189]
	Parameter C_FAMILY bound to: zynq - type: string 
	Parameter C_DATA_WIDTH bound to: 145 - type: integer 
	Parameter C_REG_CONFIG bound to: 1 - type: integer 
INFO: [Synth 8-256] done synthesizing module 'axi_register_slice_v2_1_15_axic_register_slice__parameterized8' (82#1) [d:/ProgramEnvironment/vivado2017/system_aes/system_aes.srcs/sources_1/bd/design_1/ipshared/3ed1/hdl/axi_register_slice_v2_1_vl_rfs.v:189]
INFO: [Synth 8-638] synthesizing module 'axi_register_slice_v2_1_15_axic_register_slice__parameterized9' [d:/ProgramEnvironment/vivado2017/system_aes/system_aes.srcs/sources_1/bd/design_1/ipshared/3ed1/hdl/axi_register_slice_v2_1_vl_rfs.v:189]
	Parameter C_FAMILY bound to: zynq - type: string 
	Parameter C_DATA_WIDTH bound to: 3 - type: integer 
	Parameter C_REG_CONFIG bound to: 7 - type: integer 
INFO: [Synth 8-256] done synthesizing module 'axi_register_slice_v2_1_15_axic_register_slice__parameterized9' (82#1) [d:/ProgramEnvironment/vivado2017/system_aes/system_aes.srcs/sources_1/bd/design_1/ipshared/3ed1/hdl/axi_register_slice_v2_1_vl_rfs.v:189]
INFO: [Synth 8-638] synthesizing module 'axi_register_slice_v2_1_15_axic_register_slice__parameterized10' [d:/ProgramEnvironment/vivado2017/system_aes/system_aes.srcs/sources_1/bd/design_1/ipshared/3ed1/hdl/axi_register_slice_v2_1_vl_rfs.v:189]
	Parameter C_FAMILY bound to: zynq - type: string 
	Parameter C_DATA_WIDTH bound to: 132 - type: integer 
	Parameter C_REG_CONFIG bound to: 1 - type: integer 
INFO: [Synth 8-256] done synthesizing module 'axi_register_slice_v2_1_15_axic_register_slice__parameterized10' (82#1) [d:/ProgramEnvironment/vivado2017/system_aes/system_aes.srcs/sources_1/bd/design_1/ipshared/3ed1/hdl/axi_register_slice_v2_1_vl_rfs.v:189]
INFO: [Synth 8-638] synthesizing module 'axi_infrastructure_v1_1_0_axi2vector__parameterized1' [d:/ProgramEnvironment/vivado2017/system_aes/system_aes.srcs/sources_1/bd/design_1/ipshared/ec67/hdl/axi_infrastructure_v1_1_vl_rfs.v:60]
	Parameter C_AXI_PROTOCOL bound to: 0 - type: integer 
	Parameter C_AXI_ID_WIDTH bound to: 1 - type: integer 
	Parameter C_AXI_ADDR_WIDTH bound to: 32 - type: integer 
	Parameter C_AXI_DATA_WIDTH bound to: 128 - type: integer 
	Parameter C_AXI_SUPPORTS_USER_SIGNALS bound to: 0 - type: integer 
	Parameter C_AXI_SUPPORTS_REGION_SIGNALS bound to: 1 - type: integer 
	Parameter C_AXI_AWUSER_WIDTH bound to: 1 - type: integer 
	Parameter C_AXI_WUSER_WIDTH bound to: 1 - type: integer 
	Parameter C_AXI_BUSER_WIDTH bound to: 1 - type: integer 
	Parameter C_AXI_ARUSER_WIDTH bound to: 1 - type: integer 
	Parameter C_AXI_RUSER_WIDTH bound to: 1 - type: integer 
	Parameter C_AWPAYLOAD_WIDTH bound to: 62 - type: integer 
	Parameter C_WPAYLOAD_WIDTH bound to: 145 - type: integer 
	Parameter C_BPAYLOAD_WIDTH bound to: 3 - type: integer 
	Parameter C_ARPAYLOAD_WIDTH bound to: 62 - type: integer 
	Parameter C_RPAYLOAD_WIDTH bound to: 132 - type: integer 
	Parameter G_AXI_AWADDR_INDEX bound to: 0 - type: integer 
	Parameter G_AXI_AWADDR_WIDTH bound to: 32 - type: integer 
	Parameter G_AXI_AWPROT_INDEX bound to: 32 - type: integer 
	Parameter G_AXI_AWPROT_WIDTH bound to: 3 - type: integer 
	Parameter G_AXI_AWSIZE_INDEX bound to: 35 - type: integer 
	Parameter G_AXI_AWSIZE_WIDTH bound to: 3 - type: integer 
	Parameter G_AXI_AWBURST_INDEX bound to: 38 - type: integer 
	Parameter G_AXI_AWBURST_WIDTH bound to: 2 - type: integer 
	Parameter G_AXI_AWCACHE_INDEX bound to: 40 - type: integer 
	Parameter G_AXI_AWCACHE_WIDTH bound to: 4 - type: integer 
	Parameter G_AXI_AWLEN_INDEX bound to: 44 - type: integer 
	Parameter G_AXI_AWLEN_WIDTH bound to: 8 - type: integer 
	Parameter G_AXI_AWLOCK_INDEX bound to: 52 - type: integer 
	Parameter G_AXI_AWLOCK_WIDTH bound to: 1 - type: integer 
	Parameter G_AXI_AWID_INDEX bound to: 53 - type: integer 
	Parameter G_AXI_AWID_WIDTH bound to: 1 - type: integer 
	Parameter G_AXI_AWQOS_INDEX bound to: 54 - type: integer 
	Parameter G_AXI_AWQOS_WIDTH bound to: 4 - type: integer 
	Parameter G_AXI_AWREGION_INDEX bound to: 58 - type: integer 
	Parameter G_AXI_AWREGION_WIDTH bound to: 4 - type: integer 
	Parameter G_AXI_AWUSER_INDEX bound to: 62 - type: integer 
	Parameter G_AXI_AWUSER_WIDTH bound to: 0 - type: integer 
	Parameter G_AXI_AWPAYLOAD_WIDTH bound to: 62 - type: integer 
	Parameter G_AXI_ARADDR_INDEX bound to: 0 - type: integer 
	Parameter G_AXI_ARADDR_WIDTH bound to: 32 - type: integer 
	Parameter G_AXI_ARPROT_INDEX bound to: 32 - type: integer 
	Parameter G_AXI_ARPROT_WIDTH bound to: 3 - type: integer 
	Parameter G_AXI_ARSIZE_INDEX bound to: 35 - type: integer 
	Parameter G_AXI_ARSIZE_WIDTH bound to: 3 - type: integer 
	Parameter G_AXI_ARBURST_INDEX bound to: 38 - type: integer 
	Parameter G_AXI_ARBURST_WIDTH bound to: 2 - type: integer 
	Parameter G_AXI_ARCACHE_INDEX bound to: 40 - type: integer 
	Parameter G_AXI_ARCACHE_WIDTH bound to: 4 - type: integer 
	Parameter G_AXI_ARLEN_INDEX bound to: 44 - type: integer 
	Parameter G_AXI_ARLEN_WIDTH bound to: 8 - type: integer 
	Parameter G_AXI_ARLOCK_INDEX bound to: 52 - type: integer 
	Parameter G_AXI_ARLOCK_WIDTH bound to: 1 - type: integer 
	Parameter G_AXI_ARID_INDEX bound to: 53 - type: integer 
	Parameter G_AXI_ARID_WIDTH bound to: 1 - type: integer 
	Parameter G_AXI_ARQOS_INDEX bound to: 54 - type: integer 
	Parameter G_AXI_ARQOS_WIDTH bound to: 4 - type: integer 
	Parameter G_AXI_ARREGION_INDEX bound to: 58 - type: integer 
	Parameter G_AXI_ARREGION_WIDTH bound to: 4 - type: integer 
	Parameter G_AXI_ARUSER_INDEX bound to: 62 - type: integer 
	Parameter G_AXI_ARUSER_WIDTH bound to: 0 - type: integer 
	Parameter G_AXI_ARPAYLOAD_WIDTH bound to: 62 - type: integer 
	Parameter G_AXI_WDATA_INDEX bound to: 0 - type: integer 
	Parameter G_AXI_WDATA_WIDTH bound to: 128 - type: integer 
	Parameter G_AXI_WSTRB_INDEX bound to: 128 - type: integer 
	Parameter G_AXI_WSTRB_WIDTH bound to: 16 - type: integer 
	Parameter G_AXI_WLAST_INDEX bound to: 144 - type: integer 
	Parameter G_AXI_WLAST_WIDTH bound to: 1 - type: integer 
	Parameter G_AXI_WID_INDEX bound to: 145 - type: integer 
	Parameter G_AXI_WID_WIDTH bound to: 0 - type: integer 
	Parameter G_AXI_WUSER_INDEX bound to: 145 - type: integer 
	Parameter G_AXI_WUSER_WIDTH bound to: 0 - type: integer 
	Parameter G_AXI_WPAYLOAD_WIDTH bound to: 145 - type: integer 
	Parameter G_AXI_BRESP_INDEX bound to: 0 - type: integer 
	Parameter G_AXI_BRESP_WIDTH bound to: 2 - type: integer 
	Parameter G_AXI_BID_INDEX bound to: 2 - type: integer 
	Parameter G_AXI_BID_WIDTH bound to: 1 - type: integer 
	Parameter G_AXI_BUSER_INDEX bound to: 3 - type: integer 
	Parameter G_AXI_BUSER_WIDTH bound to: 0 - type: integer 
	Parameter G_AXI_BPAYLOAD_WIDTH bound to: 3 - type: integer 
	Parameter G_AXI_RDATA_INDEX bound to: 0 - type: integer 
	Parameter G_AXI_RDATA_WIDTH bound to: 128 - type: integer 
	Parameter G_AXI_RRESP_INDEX bound to: 128 - type: integer 
	Parameter G_AXI_RRESP_WIDTH bound to: 2 - type: integer 
	Parameter G_AXI_RLAST_INDEX bound to: 130 - type: integer 
	Parameter G_AXI_RLAST_WIDTH bound to: 1 - type: integer 
	Parameter G_AXI_RID_INDEX bound to: 131 - type: integer 
	Parameter G_AXI_RID_WIDTH bound to: 1 - type: integer 
	Parameter G_AXI_RUSER_INDEX bound to: 132 - type: integer 
	Parameter G_AXI_RUSER_WIDTH bound to: 0 - type: integer 
	Parameter G_AXI_RPAYLOAD_WIDTH bound to: 132 - type: integer 
INFO: [Synth 8-256] done synthesizing module 'axi_infrastructure_v1_1_0_axi2vector__parameterized1' (82#1) [d:/ProgramEnvironment/vivado2017/system_aes/system_aes.srcs/sources_1/bd/design_1/ipshared/ec67/hdl/axi_infrastructure_v1_1_vl_rfs.v:60]
INFO: [Synth 8-638] synthesizing module 'axi_infrastructure_v1_1_0_vector2axi__parameterized1' [d:/ProgramEnvironment/vivado2017/system_aes/system_aes.srcs/sources_1/bd/design_1/ipshared/ec67/hdl/axi_infrastructure_v1_1_vl_rfs.v:474]
	Parameter C_AXI_PROTOCOL bound to: 0 - type: integer 
	Parameter C_AXI_ID_WIDTH bound to: 1 - type: integer 
	Parameter C_AXI_ADDR_WIDTH bound to: 32 - type: integer 
	Parameter C_AXI_DATA_WIDTH bound to: 128 - type: integer 
	Parameter C_AXI_SUPPORTS_USER_SIGNALS bound to: 0 - type: integer 
	Parameter C_AXI_SUPPORTS_REGION_SIGNALS bound to: 1 - type: integer 
	Parameter C_AXI_AWUSER_WIDTH bound to: 1 - type: integer 
	Parameter C_AXI_WUSER_WIDTH bound to: 1 - type: integer 
	Parameter C_AXI_BUSER_WIDTH bound to: 1 - type: integer 
	Parameter C_AXI_ARUSER_WIDTH bound to: 1 - type: integer 
	Parameter C_AXI_RUSER_WIDTH bound to: 1 - type: integer 
	Parameter C_AWPAYLOAD_WIDTH bound to: 62 - type: integer 
	Parameter C_WPAYLOAD_WIDTH bound to: 145 - type: integer 
	Parameter C_BPAYLOAD_WIDTH bound to: 3 - type: integer 
	Parameter C_ARPAYLOAD_WIDTH bound to: 62 - type: integer 
	Parameter C_RPAYLOAD_WIDTH bound to: 132 - type: integer 
	Parameter G_AXI_AWADDR_INDEX bound to: 0 - type: integer 
	Parameter G_AXI_AWADDR_WIDTH bound to: 32 - type: integer 
	Parameter G_AXI_AWPROT_INDEX bound to: 32 - type: integer 
	Parameter G_AXI_AWPROT_WIDTH bound to: 3 - type: integer 
	Parameter G_AXI_AWSIZE_INDEX bound to: 35 - type: integer 
	Parameter G_AXI_AWSIZE_WIDTH bound to: 3 - type: integer 
	Parameter G_AXI_AWBURST_INDEX bound to: 38 - type: integer 
	Parameter G_AXI_AWBURST_WIDTH bound to: 2 - type: integer 
	Parameter G_AXI_AWCACHE_INDEX bound to: 40 - type: integer 
	Parameter G_AXI_AWCACHE_WIDTH bound to: 4 - type: integer 
	Parameter G_AXI_AWLEN_INDEX bound to: 44 - type: integer 
	Parameter G_AXI_AWLEN_WIDTH bound to: 8 - type: integer 
	Parameter G_AXI_AWLOCK_INDEX bound to: 52 - type: integer 
	Parameter G_AXI_AWLOCK_WIDTH bound to: 1 - type: integer 
	Parameter G_AXI_AWID_INDEX bound to: 53 - type: integer 
	Parameter G_AXI_AWID_WIDTH bound to: 1 - type: integer 
	Parameter G_AXI_AWQOS_INDEX bound to: 54 - type: integer 
	Parameter G_AXI_AWQOS_WIDTH bound to: 4 - type: integer 
	Parameter G_AXI_AWREGION_INDEX bound to: 58 - type: integer 
	Parameter G_AXI_AWREGION_WIDTH bound to: 4 - type: integer 
	Parameter G_AXI_AWUSER_INDEX bound to: 62 - type: integer 
	Parameter G_AXI_AWUSER_WIDTH bound to: 0 - type: integer 
	Parameter G_AXI_AWPAYLOAD_WIDTH bound to: 62 - type: integer 
	Parameter G_AXI_ARADDR_INDEX bound to: 0 - type: integer 
	Parameter G_AXI_ARADDR_WIDTH bound to: 32 - type: integer 
	Parameter G_AXI_ARPROT_INDEX bound to: 32 - type: integer 
	Parameter G_AXI_ARPROT_WIDTH bound to: 3 - type: integer 
	Parameter G_AXI_ARSIZE_INDEX bound to: 35 - type: integer 
	Parameter G_AXI_ARSIZE_WIDTH bound to: 3 - type: integer 
	Parameter G_AXI_ARBURST_INDEX bound to: 38 - type: integer 
	Parameter G_AXI_ARBURST_WIDTH bound to: 2 - type: integer 
	Parameter G_AXI_ARCACHE_INDEX bound to: 40 - type: integer 
	Parameter G_AXI_ARCACHE_WIDTH bound to: 4 - type: integer 
	Parameter G_AXI_ARLEN_INDEX bound to: 44 - type: integer 
	Parameter G_AXI_ARLEN_WIDTH bound to: 8 - type: integer 
	Parameter G_AXI_ARLOCK_INDEX bound to: 52 - type: integer 
	Parameter G_AXI_ARLOCK_WIDTH bound to: 1 - type: integer 
	Parameter G_AXI_ARID_INDEX bound to: 53 - type: integer 
	Parameter G_AXI_ARID_WIDTH bound to: 1 - type: integer 
	Parameter G_AXI_ARQOS_INDEX bound to: 54 - type: integer 
	Parameter G_AXI_ARQOS_WIDTH bound to: 4 - type: integer 
	Parameter G_AXI_ARREGION_INDEX bound to: 58 - type: integer 
	Parameter G_AXI_ARREGION_WIDTH bound to: 4 - type: integer 
	Parameter G_AXI_ARUSER_INDEX bound to: 62 - type: integer 
	Parameter G_AXI_ARUSER_WIDTH bound to: 0 - type: integer 
	Parameter G_AXI_ARPAYLOAD_WIDTH bound to: 62 - type: integer 
	Parameter G_AXI_WDATA_INDEX bound to: 0 - type: integer 
	Parameter G_AXI_WDATA_WIDTH bound to: 128 - type: integer 
	Parameter G_AXI_WSTRB_INDEX bound to: 128 - type: integer 
	Parameter G_AXI_WSTRB_WIDTH bound to: 16 - type: integer 
	Parameter G_AXI_WLAST_INDEX bound to: 144 - type: integer 
	Parameter G_AXI_WLAST_WIDTH bound to: 1 - type: integer 
	Parameter G_AXI_WID_INDEX bound to: 145 - type: integer 
	Parameter G_AXI_WID_WIDTH bound to: 0 - type: integer 
	Parameter G_AXI_WUSER_INDEX bound to: 145 - type: integer 
	Parameter G_AXI_WUSER_WIDTH bound to: 0 - type: integer 
	Parameter G_AXI_WPAYLOAD_WIDTH bound to: 145 - type: integer 
	Parameter G_AXI_BRESP_INDEX bound to: 0 - type: integer 
	Parameter G_AXI_BRESP_WIDTH bound to: 2 - type: integer 
	Parameter G_AXI_BID_INDEX bound to: 2 - type: integer 
	Parameter G_AXI_BID_WIDTH bound to: 1 - type: integer 
	Parameter G_AXI_BUSER_INDEX bound to: 3 - type: integer 
	Parameter G_AXI_BUSER_WIDTH bound to: 0 - type: integer 
	Parameter G_AXI_BPAYLOAD_WIDTH bound to: 3 - type: integer 
	Parameter G_AXI_RDATA_INDEX bound to: 0 - type: integer 
	Parameter G_AXI_RDATA_WIDTH bound to: 128 - type: integer 
	Parameter G_AXI_RRESP_INDEX bound to: 128 - type: integer 
	Parameter G_AXI_RRESP_WIDTH bound to: 2 - type: integer 
	Parameter G_AXI_RLAST_INDEX bound to: 130 - type: integer 
	Parameter G_AXI_RLAST_WIDTH bound to: 1 - type: integer 
	Parameter G_AXI_RID_INDEX bound to: 131 - type: integer 
	Parameter G_AXI_RID_WIDTH bound to: 1 - type: integer 
	Parameter G_AXI_RUSER_INDEX bound to: 132 - type: integer 
	Parameter G_AXI_RUSER_WIDTH bound to: 0 - type: integer 
	Parameter G_AXI_RPAYLOAD_WIDTH bound to: 132 - type: integer 
INFO: [Synth 8-256] done synthesizing module 'axi_infrastructure_v1_1_0_vector2axi__parameterized1' (82#1) [d:/ProgramEnvironment/vivado2017/system_aes/system_aes.srcs/sources_1/bd/design_1/ipshared/ec67/hdl/axi_infrastructure_v1_1_vl_rfs.v:474]
INFO: [Synth 8-256] done synthesizing module 'axi_register_slice_v2_1_15_axi_register_slice__parameterized1' (82#1) [d:/ProgramEnvironment/vivado2017/system_aes/system_aes.srcs/sources_1/bd/design_1/ipshared/3ed1/hdl/axi_register_slice_v2_1_vl_rfs.v:2300]
WARNING: [Synth 8-350] instance 'mi_register_slice_inst' of module 'axi_register_slice_v2_1_15_axi_register_slice' requires 93 connections, but only 92 given [d:/ProgramEnvironment/vivado2017/system_aes/system_aes.srcs/sources_1/bd/design_1/ipshared/1cdc/hdl/axi_dwidth_converter_v2_1_vlsyn_rfs.v:8475]
INFO: [Synth 8-638] synthesizing module 'axi_dwidth_converter_v2_1_15_a_upsizer__parameterized0' [d:/ProgramEnvironment/vivado2017/system_aes/system_aes.srcs/sources_1/bd/design_1/ipshared/1cdc/hdl/axi_dwidth_converter_v2_1_vlsyn_rfs.v:3603]
	Parameter C_FAMILY bound to: rtl - type: string 
	Parameter C_AXI_PROTOCOL bound to: 0 - type: integer 
	Parameter C_AXI_ID_WIDTH bound to: 12 - type: integer 
	Parameter C_SUPPORTS_ID bound to: 1 - type: integer 
	Parameter C_AXI_ADDR_WIDTH bound to: 32 - type: integer 
	Parameter C_S_AXI_DATA_WIDTH bound to: 32 - type: integer 
	Parameter C_M_AXI_DATA_WIDTH bound to: 128 - type: integer 
	Parameter C_M_AXI_REGISTER bound to: 0 - type: integer 
	Parameter C_AXI_CHANNEL bound to: 1 - type: integer 
	Parameter C_PACKING_LEVEL bound to: 1 - type: integer 
	Parameter C_FIFO_MODE bound to: 0 - type: integer 
	Parameter C_ID_QUEUE bound to: 1 - type: integer 
	Parameter C_S_AXI_BYTES_LOG bound to: 2 - type: integer 
	Parameter C_M_AXI_BYTES_LOG bound to: 4 - type: integer 
	Parameter C_S_AXI_NATIVE_SIZE bound to: 3'b010 
	Parameter C_M_AXI_NATIVE_SIZE bound to: 3'b100 
	Parameter C_DOUBLE_LEN bound to: 24'b000000000000000011111111 
	Parameter C_FIX_BURST bound to: 2'b00 
	Parameter C_INCR_BURST bound to: 2'b01 
	Parameter C_WRAP_BURST bound to: 2'b10 
	Parameter C_NEVER_PACK bound to: 0 - type: integer 
	Parameter C_DEFAULT_PACK bound to: 1 - type: integer 
	Parameter C_ALWAYS_PACK bound to: 2 - type: integer 
	Parameter C_FIFO_DEPTH_LOG bound to: 5 - type: integer 
	Parameter C_BURST_BYTES_LOG bound to: 6 - type: integer 
	Parameter C_SI_UNUSED_LOG bound to: 30 - type: integer 
	Parameter C_MI_UNUSED_LOG bound to: 28 - type: integer 
INFO: [Synth 8-256] done synthesizing module 'axi_dwidth_converter_v2_1_15_a_upsizer__parameterized0' (82#1) [d:/ProgramEnvironment/vivado2017/system_aes/system_aes.srcs/sources_1/bd/design_1/ipshared/1cdc/hdl/axi_dwidth_converter_v2_1_vlsyn_rfs.v:3603]
INFO: [Synth 8-638] synthesizing module 'axi_register_slice_v2_1_15_axi_register_slice__parameterized2' [d:/ProgramEnvironment/vivado2017/system_aes/system_aes.srcs/sources_1/bd/design_1/ipshared/3ed1/hdl/axi_register_slice_v2_1_vl_rfs.v:2300]
	Parameter C_FAMILY bound to: zynq - type: string 
	Parameter C_AXI_PROTOCOL bound to: 0 - type: integer 
	Parameter C_AXI_ID_WIDTH bound to: 12 - type: integer 
	Parameter C_AXI_ADDR_WIDTH bound to: 32 - type: integer 
	Parameter C_AXI_DATA_WIDTH bound to: 32 - type: integer 
	Parameter C_AXI_SUPPORTS_USER_SIGNALS bound to: 0 - type: integer 
	Parameter C_AXI_AWUSER_WIDTH bound to: 1 - type: integer 
	Parameter C_AXI_ARUSER_WIDTH bound to: 1 - type: integer 
	Parameter C_AXI_WUSER_WIDTH bound to: 1 - type: integer 
	Parameter C_AXI_RUSER_WIDTH bound to: 1 - type: integer 
	Parameter C_AXI_BUSER_WIDTH bound to: 1 - type: integer 
	Parameter C_REG_CONFIG_AW bound to: 7 - type: integer 
	Parameter C_REG_CONFIG_W bound to: 1 - type: integer 
	Parameter C_REG_CONFIG_B bound to: 7 - type: integer 
	Parameter C_REG_CONFIG_AR bound to: 7 - type: integer 
	Parameter C_REG_CONFIG_R bound to: 1 - type: integer 
	Parameter C_NUM_SLR_CROSSINGS bound to: 0 - type: integer 
	Parameter C_PIPELINES_MASTER_AW bound to: 0 - type: integer 
	Parameter C_PIPELINES_MASTER_W bound to: 0 - type: integer 
	Parameter C_PIPELINES_MASTER_B bound to: 0 - type: integer 
	Parameter C_PIPELINES_MASTER_AR bound to: 0 - type: integer 
	Parameter C_PIPELINES_MASTER_R bound to: 0 - type: integer 
	Parameter C_PIPELINES_SLAVE_AW bound to: 0 - type: integer 
	Parameter C_PIPELINES_SLAVE_W bound to: 0 - type: integer 
	Parameter C_PIPELINES_SLAVE_B bound to: 0 - type: integer 
	Parameter C_PIPELINES_SLAVE_AR bound to: 0 - type: integer 
	Parameter C_PIPELINES_SLAVE_R bound to: 0 - type: integer 
	Parameter C_PIPELINES_MIDDLE_AW bound to: 0 - type: integer 
	Parameter C_PIPELINES_MIDDLE_W bound to: 0 - type: integer 
	Parameter C_PIPELINES_MIDDLE_B bound to: 0 - type: integer 
	Parameter C_PIPELINES_MIDDLE_AR bound to: 0 - type: integer 
	Parameter C_PIPELINES_MIDDLE_R bound to: 0 - type: integer 
	Parameter C_AXI_SUPPORTS_REGION_SIGNALS bound to: 1 - type: integer 
	Parameter P_FORWARD bound to: 0 - type: integer 
	Parameter P_RESPONSE bound to: 1 - type: integer 
	Parameter G_AXI_AWADDR_INDEX bound to: 0 - type: integer 
	Parameter G_AXI_AWADDR_WIDTH bound to: 32 - type: integer 
	Parameter G_AXI_AWPROT_INDEX bound to: 32 - type: integer 
	Parameter G_AXI_AWPROT_WIDTH bound to: 3 - type: integer 
	Parameter G_AXI_AWSIZE_INDEX bound to: 35 - type: integer 
	Parameter G_AXI_AWSIZE_WIDTH bound to: 3 - type: integer 
	Parameter G_AXI_AWBURST_INDEX bound to: 38 - type: integer 
	Parameter G_AXI_AWBURST_WIDTH bound to: 2 - type: integer 
	Parameter G_AXI_AWCACHE_INDEX bound to: 40 - type: integer 
	Parameter G_AXI_AWCACHE_WIDTH bound to: 4 - type: integer 
	Parameter G_AXI_AWLEN_INDEX bound to: 44 - type: integer 
	Parameter G_AXI_AWLEN_WIDTH bound to: 8 - type: integer 
	Parameter G_AXI_AWLOCK_INDEX bound to: 52 - type: integer 
	Parameter G_AXI_AWLOCK_WIDTH bound to: 1 - type: integer 
	Parameter G_AXI_AWID_INDEX bound to: 53 - type: integer 
	Parameter G_AXI_AWID_WIDTH bound to: 12 - type: integer 
	Parameter G_AXI_AWQOS_INDEX bound to: 65 - type: integer 
	Parameter G_AXI_AWQOS_WIDTH bound to: 4 - type: integer 
	Parameter G_AXI_AWREGION_INDEX bound to: 69 - type: integer 
	Parameter G_AXI_AWREGION_WIDTH bound to: 4 - type: integer 
	Parameter G_AXI_AWUSER_INDEX bound to: 73 - type: integer 
	Parameter G_AXI_AWUSER_WIDTH bound to: 0 - type: integer 
	Parameter G_AXI_AWPAYLOAD_WIDTH bound to: 73 - type: integer 
	Parameter G_AXI_ARADDR_INDEX bound to: 0 - type: integer 
	Parameter G_AXI_ARADDR_WIDTH bound to: 32 - type: integer 
	Parameter G_AXI_ARPROT_INDEX bound to: 32 - type: integer 
	Parameter G_AXI_ARPROT_WIDTH bound to: 3 - type: integer 
	Parameter G_AXI_ARSIZE_INDEX bound to: 35 - type: integer 
	Parameter G_AXI_ARSIZE_WIDTH bound to: 3 - type: integer 
	Parameter G_AXI_ARBURST_INDEX bound to: 38 - type: integer 
	Parameter G_AXI_ARBURST_WIDTH bound to: 2 - type: integer 
	Parameter G_AXI_ARCACHE_INDEX bound to: 40 - type: integer 
	Parameter G_AXI_ARCACHE_WIDTH bound to: 4 - type: integer 
	Parameter G_AXI_ARLEN_INDEX bound to: 44 - type: integer 
	Parameter G_AXI_ARLEN_WIDTH bound to: 8 - type: integer 
	Parameter G_AXI_ARLOCK_INDEX bound to: 52 - type: integer 
	Parameter G_AXI_ARLOCK_WIDTH bound to: 1 - type: integer 
	Parameter G_AXI_ARID_INDEX bound to: 53 - type: integer 
	Parameter G_AXI_ARID_WIDTH bound to: 12 - type: integer 
	Parameter G_AXI_ARQOS_INDEX bound to: 65 - type: integer 
	Parameter G_AXI_ARQOS_WIDTH bound to: 4 - type: integer 
	Parameter G_AXI_ARREGION_INDEX bound to: 69 - type: integer 
	Parameter G_AXI_ARREGION_WIDTH bound to: 4 - type: integer 
	Parameter G_AXI_ARUSER_INDEX bound to: 73 - type: integer 
	Parameter G_AXI_ARUSER_WIDTH bound to: 0 - type: integer 
	Parameter G_AXI_ARPAYLOAD_WIDTH bound to: 73 - type: integer 
	Parameter G_AXI_WDATA_INDEX bound to: 0 - type: integer 
	Parameter G_AXI_WDATA_WIDTH bound to: 32 - type: integer 
	Parameter G_AXI_WSTRB_INDEX bound to: 32 - type: integer 
	Parameter G_AXI_WSTRB_WIDTH bound to: 4 - type: integer 
	Parameter G_AXI_WLAST_INDEX bound to: 36 - type: integer 
	Parameter G_AXI_WLAST_WIDTH bound to: 1 - type: integer 
	Parameter G_AXI_WID_INDEX bound to: 37 - type: integer 
	Parameter G_AXI_WID_WIDTH bound to: 0 - type: integer 
	Parameter G_AXI_WUSER_INDEX bound to: 37 - type: integer 
	Parameter G_AXI_WUSER_WIDTH bound to: 0 - type: integer 
	Parameter G_AXI_WPAYLOAD_WIDTH bound to: 37 - type: integer 
	Parameter G_AXI_BRESP_INDEX bound to: 0 - type: integer 
	Parameter G_AXI_BRESP_WIDTH bound to: 2 - type: integer 
	Parameter G_AXI_BID_INDEX bound to: 2 - type: integer 
	Parameter G_AXI_BID_WIDTH bound to: 12 - type: integer 
	Parameter G_AXI_BUSER_INDEX bound to: 14 - type: integer 
	Parameter G_AXI_BUSER_WIDTH bound to: 0 - type: integer 
	Parameter G_AXI_BPAYLOAD_WIDTH bound to: 14 - type: integer 
	Parameter G_AXI_RDATA_INDEX bound to: 0 - type: integer 
	Parameter G_AXI_RDATA_WIDTH bound to: 32 - type: integer 
	Parameter G_AXI_RRESP_INDEX bound to: 32 - type: integer 
	Parameter G_AXI_RRESP_WIDTH bound to: 2 - type: integer 
	Parameter G_AXI_RLAST_INDEX bound to: 34 - type: integer 
	Parameter G_AXI_RLAST_WIDTH bound to: 1 - type: integer 
	Parameter G_AXI_RID_INDEX bound to: 35 - type: integer 
	Parameter G_AXI_RID_WIDTH bound to: 12 - type: integer 
	Parameter G_AXI_RUSER_INDEX bound to: 47 - type: integer 
	Parameter G_AXI_RUSER_WIDTH bound to: 0 - type: integer 
	Parameter G_AXI_RPAYLOAD_WIDTH bound to: 47 - type: integer 
INFO: [Synth 8-638] synthesizing module 'axi_register_slice_v2_1_15_axic_register_slice__parameterized11' [d:/ProgramEnvironment/vivado2017/system_aes/system_aes.srcs/sources_1/bd/design_1/ipshared/3ed1/hdl/axi_register_slice_v2_1_vl_rfs.v:189]
	Parameter C_FAMILY bound to: zynq - type: string 
	Parameter C_DATA_WIDTH bound to: 73 - type: integer 
	Parameter C_REG_CONFIG bound to: 7 - type: integer 
INFO: [Synth 8-256] done synthesizing module 'axi_register_slice_v2_1_15_axic_register_slice__parameterized11' (82#1) [d:/ProgramEnvironment/vivado2017/system_aes/system_aes.srcs/sources_1/bd/design_1/ipshared/3ed1/hdl/axi_register_slice_v2_1_vl_rfs.v:189]
INFO: [Synth 8-638] synthesizing module 'axi_register_slice_v2_1_15_axic_register_slice__parameterized12' [d:/ProgramEnvironment/vivado2017/system_aes/system_aes.srcs/sources_1/bd/design_1/ipshared/3ed1/hdl/axi_register_slice_v2_1_vl_rfs.v:189]
	Parameter C_FAMILY bound to: zynq - type: string 
	Parameter C_DATA_WIDTH bound to: 37 - type: integer 
	Parameter C_REG_CONFIG bound to: 1 - type: integer 
INFO: [Synth 8-256] done synthesizing module 'axi_register_slice_v2_1_15_axic_register_slice__parameterized12' (82#1) [d:/ProgramEnvironment/vivado2017/system_aes/system_aes.srcs/sources_1/bd/design_1/ipshared/3ed1/hdl/axi_register_slice_v2_1_vl_rfs.v:189]
INFO: [Synth 8-638] synthesizing module 'axi_register_slice_v2_1_15_axic_register_slice__parameterized13' [d:/ProgramEnvironment/vivado2017/system_aes/system_aes.srcs/sources_1/bd/design_1/ipshared/3ed1/hdl/axi_register_slice_v2_1_vl_rfs.v:189]
	Parameter C_FAMILY bound to: zynq - type: string 
	Parameter C_DATA_WIDTH bound to: 14 - type: integer 
	Parameter C_REG_CONFIG bound to: 7 - type: integer 
INFO: [Synth 8-256] done synthesizing module 'axi_register_slice_v2_1_15_axic_register_slice__parameterized13' (82#1) [d:/ProgramEnvironment/vivado2017/system_aes/system_aes.srcs/sources_1/bd/design_1/ipshared/3ed1/hdl/axi_register_slice_v2_1_vl_rfs.v:189]
INFO: [Synth 8-638] synthesizing module 'axi_register_slice_v2_1_15_axic_register_slice__parameterized14' [d:/ProgramEnvironment/vivado2017/system_aes/system_aes.srcs/sources_1/bd/design_1/ipshared/3ed1/hdl/axi_register_slice_v2_1_vl_rfs.v:189]
	Parameter C_FAMILY bound to: zynq - type: string 
	Parameter C_DATA_WIDTH bound to: 47 - type: integer 
	Parameter C_REG_CONFIG bound to: 1 - type: integer 
INFO: [Synth 8-256] done synthesizing module 'axi_register_slice_v2_1_15_axic_register_slice__parameterized14' (82#1) [d:/ProgramEnvironment/vivado2017/system_aes/system_aes.srcs/sources_1/bd/design_1/ipshared/3ed1/hdl/axi_register_slice_v2_1_vl_rfs.v:189]
INFO: [Synth 8-638] synthesizing module 'axi_infrastructure_v1_1_0_axi2vector__parameterized2' [d:/ProgramEnvironment/vivado2017/system_aes/system_aes.srcs/sources_1/bd/design_1/ipshared/ec67/hdl/axi_infrastructure_v1_1_vl_rfs.v:60]
	Parameter C_AXI_PROTOCOL bound to: 0 - type: integer 
	Parameter C_AXI_ID_WIDTH bound to: 12 - type: integer 
	Parameter C_AXI_ADDR_WIDTH bound to: 32 - type: integer 
	Parameter C_AXI_DATA_WIDTH bound to: 32 - type: integer 
	Parameter C_AXI_SUPPORTS_USER_SIGNALS bound to: 0 - type: integer 
	Parameter C_AXI_SUPPORTS_REGION_SIGNALS bound to: 1 - type: integer 
	Parameter C_AXI_AWUSER_WIDTH bound to: 1 - type: integer 
	Parameter C_AXI_WUSER_WIDTH bound to: 1 - type: integer 
	Parameter C_AXI_BUSER_WIDTH bound to: 1 - type: integer 
	Parameter C_AXI_ARUSER_WIDTH bound to: 1 - type: integer 
	Parameter C_AXI_RUSER_WIDTH bound to: 1 - type: integer 
	Parameter C_AWPAYLOAD_WIDTH bound to: 73 - type: integer 
	Parameter C_WPAYLOAD_WIDTH bound to: 37 - type: integer 
	Parameter C_BPAYLOAD_WIDTH bound to: 14 - type: integer 
	Parameter C_ARPAYLOAD_WIDTH bound to: 73 - type: integer 
	Parameter C_RPAYLOAD_WIDTH bound to: 47 - type: integer 
	Parameter G_AXI_AWADDR_INDEX bound to: 0 - type: integer 
	Parameter G_AXI_AWADDR_WIDTH bound to: 32 - type: integer 
	Parameter G_AXI_AWPROT_INDEX bound to: 32 - type: integer 
	Parameter G_AXI_AWPROT_WIDTH bound to: 3 - type: integer 
	Parameter G_AXI_AWSIZE_INDEX bound to: 35 - type: integer 
	Parameter G_AXI_AWSIZE_WIDTH bound to: 3 - type: integer 
	Parameter G_AXI_AWBURST_INDEX bound to: 38 - type: integer 
	Parameter G_AXI_AWBURST_WIDTH bound to: 2 - type: integer 
	Parameter G_AXI_AWCACHE_INDEX bound to: 40 - type: integer 
	Parameter G_AXI_AWCACHE_WIDTH bound to: 4 - type: integer 
	Parameter G_AXI_AWLEN_INDEX bound to: 44 - type: integer 
	Parameter G_AXI_AWLEN_WIDTH bound to: 8 - type: integer 
	Parameter G_AXI_AWLOCK_INDEX bound to: 52 - type: integer 
	Parameter G_AXI_AWLOCK_WIDTH bound to: 1 - type: integer 
	Parameter G_AXI_AWID_INDEX bound to: 53 - type: integer 
	Parameter G_AXI_AWID_WIDTH bound to: 12 - type: integer 
	Parameter G_AXI_AWQOS_INDEX bound to: 65 - type: integer 
	Parameter G_AXI_AWQOS_WIDTH bound to: 4 - type: integer 
	Parameter G_AXI_AWREGION_INDEX bound to: 69 - type: integer 
	Parameter G_AXI_AWREGION_WIDTH bound to: 4 - type: integer 
	Parameter G_AXI_AWUSER_INDEX bound to: 73 - type: integer 
	Parameter G_AXI_AWUSER_WIDTH bound to: 0 - type: integer 
	Parameter G_AXI_AWPAYLOAD_WIDTH bound to: 73 - type: integer 
	Parameter G_AXI_ARADDR_INDEX bound to: 0 - type: integer 
	Parameter G_AXI_ARADDR_WIDTH bound to: 32 - type: integer 
	Parameter G_AXI_ARPROT_INDEX bound to: 32 - type: integer 
	Parameter G_AXI_ARPROT_WIDTH bound to: 3 - type: integer 
	Parameter G_AXI_ARSIZE_INDEX bound to: 35 - type: integer 
	Parameter G_AXI_ARSIZE_WIDTH bound to: 3 - type: integer 
	Parameter G_AXI_ARBURST_INDEX bound to: 38 - type: integer 
	Parameter G_AXI_ARBURST_WIDTH bound to: 2 - type: integer 
	Parameter G_AXI_ARCACHE_INDEX bound to: 40 - type: integer 
	Parameter G_AXI_ARCACHE_WIDTH bound to: 4 - type: integer 
	Parameter G_AXI_ARLEN_INDEX bound to: 44 - type: integer 
	Parameter G_AXI_ARLEN_WIDTH bound to: 8 - type: integer 
	Parameter G_AXI_ARLOCK_INDEX bound to: 52 - type: integer 
	Parameter G_AXI_ARLOCK_WIDTH bound to: 1 - type: integer 
	Parameter G_AXI_ARID_INDEX bound to: 53 - type: integer 
	Parameter G_AXI_ARID_WIDTH bound to: 12 - type: integer 
	Parameter G_AXI_ARQOS_INDEX bound to: 65 - type: integer 
	Parameter G_AXI_ARQOS_WIDTH bound to: 4 - type: integer 
	Parameter G_AXI_ARREGION_INDEX bound to: 69 - type: integer 
	Parameter G_AXI_ARREGION_WIDTH bound to: 4 - type: integer 
	Parameter G_AXI_ARUSER_INDEX bound to: 73 - type: integer 
	Parameter G_AXI_ARUSER_WIDTH bound to: 0 - type: integer 
	Parameter G_AXI_ARPAYLOAD_WIDTH bound to: 73 - type: integer 
	Parameter G_AXI_WDATA_INDEX bound to: 0 - type: integer 
	Parameter G_AXI_WDATA_WIDTH bound to: 32 - type: integer 
	Parameter G_AXI_WSTRB_INDEX bound to: 32 - type: integer 
	Parameter G_AXI_WSTRB_WIDTH bound to: 4 - type: integer 
	Parameter G_AXI_WLAST_INDEX bound to: 36 - type: integer 
	Parameter G_AXI_WLAST_WIDTH bound to: 1 - type: integer 
	Parameter G_AXI_WID_INDEX bound to: 37 - type: integer 
	Parameter G_AXI_WID_WIDTH bound to: 0 - type: integer 
	Parameter G_AXI_WUSER_INDEX bound to: 37 - type: integer 
	Parameter G_AXI_WUSER_WIDTH bound to: 0 - type: integer 
	Parameter G_AXI_WPAYLOAD_WIDTH bound to: 37 - type: integer 
	Parameter G_AXI_BRESP_INDEX bound to: 0 - type: integer 
	Parameter G_AXI_BRESP_WIDTH bound to: 2 - type: integer 
	Parameter G_AXI_BID_INDEX bound to: 2 - type: integer 
	Parameter G_AXI_BID_WIDTH bound to: 12 - type: integer 
	Parameter G_AXI_BUSER_INDEX bound to: 14 - type: integer 
	Parameter G_AXI_BUSER_WIDTH bound to: 0 - type: integer 
	Parameter G_AXI_BPAYLOAD_WIDTH bound to: 14 - type: integer 
	Parameter G_AXI_RDATA_INDEX bound to: 0 - type: integer 
	Parameter G_AXI_RDATA_WIDTH bound to: 32 - type: integer 
	Parameter G_AXI_RRESP_INDEX bound to: 32 - type: integer 
	Parameter G_AXI_RRESP_WIDTH bound to: 2 - type: integer 
	Parameter G_AXI_RLAST_INDEX bound to: 34 - type: integer 
	Parameter G_AXI_RLAST_WIDTH bound to: 1 - type: integer 
	Parameter G_AXI_RID_INDEX bound to: 35 - type: integer 
	Parameter G_AXI_RID_WIDTH bound to: 12 - type: integer 
	Parameter G_AXI_RUSER_INDEX bound to: 47 - type: integer 
	Parameter G_AXI_RUSER_WIDTH bound to: 0 - type: integer 
	Parameter G_AXI_RPAYLOAD_WIDTH bound to: 47 - type: integer 
INFO: [Synth 8-256] done synthesizing module 'axi_infrastructure_v1_1_0_axi2vector__parameterized2' (82#1) [d:/ProgramEnvironment/vivado2017/system_aes/system_aes.srcs/sources_1/bd/design_1/ipshared/ec67/hdl/axi_infrastructure_v1_1_vl_rfs.v:60]
INFO: [Synth 8-638] synthesizing module 'axi_infrastructure_v1_1_0_vector2axi__parameterized2' [d:/ProgramEnvironment/vivado2017/system_aes/system_aes.srcs/sources_1/bd/design_1/ipshared/ec67/hdl/axi_infrastructure_v1_1_vl_rfs.v:474]
	Parameter C_AXI_PROTOCOL bound to: 0 - type: integer 
	Parameter C_AXI_ID_WIDTH bound to: 12 - type: integer 
	Parameter C_AXI_ADDR_WIDTH bound to: 32 - type: integer 
	Parameter C_AXI_DATA_WIDTH bound to: 32 - type: integer 
	Parameter C_AXI_SUPPORTS_USER_SIGNALS bound to: 0 - type: integer 
	Parameter C_AXI_SUPPORTS_REGION_SIGNALS bound to: 1 - type: integer 
	Parameter C_AXI_AWUSER_WIDTH bound to: 1 - type: integer 
	Parameter C_AXI_WUSER_WIDTH bound to: 1 - type: integer 
	Parameter C_AXI_BUSER_WIDTH bound to: 1 - type: integer 
	Parameter C_AXI_ARUSER_WIDTH bound to: 1 - type: integer 
	Parameter C_AXI_RUSER_WIDTH bound to: 1 - type: integer 
	Parameter C_AWPAYLOAD_WIDTH bound to: 73 - type: integer 
	Parameter C_WPAYLOAD_WIDTH bound to: 37 - type: integer 
	Parameter C_BPAYLOAD_WIDTH bound to: 14 - type: integer 
	Parameter C_ARPAYLOAD_WIDTH bound to: 73 - type: integer 
	Parameter C_RPAYLOAD_WIDTH bound to: 47 - type: integer 
	Parameter G_AXI_AWADDR_INDEX bound to: 0 - type: integer 
	Parameter G_AXI_AWADDR_WIDTH bound to: 32 - type: integer 
	Parameter G_AXI_AWPROT_INDEX bound to: 32 - type: integer 
	Parameter G_AXI_AWPROT_WIDTH bound to: 3 - type: integer 
	Parameter G_AXI_AWSIZE_INDEX bound to: 35 - type: integer 
	Parameter G_AXI_AWSIZE_WIDTH bound to: 3 - type: integer 
	Parameter G_AXI_AWBURST_INDEX bound to: 38 - type: integer 
	Parameter G_AXI_AWBURST_WIDTH bound to: 2 - type: integer 
	Parameter G_AXI_AWCACHE_INDEX bound to: 40 - type: integer 
	Parameter G_AXI_AWCACHE_WIDTH bound to: 4 - type: integer 
	Parameter G_AXI_AWLEN_INDEX bound to: 44 - type: integer 
	Parameter G_AXI_AWLEN_WIDTH bound to: 8 - type: integer 
	Parameter G_AXI_AWLOCK_INDEX bound to: 52 - type: integer 
	Parameter G_AXI_AWLOCK_WIDTH bound to: 1 - type: integer 
	Parameter G_AXI_AWID_INDEX bound to: 53 - type: integer 
	Parameter G_AXI_AWID_WIDTH bound to: 12 - type: integer 
	Parameter G_AXI_AWQOS_INDEX bound to: 65 - type: integer 
	Parameter G_AXI_AWQOS_WIDTH bound to: 4 - type: integer 
	Parameter G_AXI_AWREGION_INDEX bound to: 69 - type: integer 
	Parameter G_AXI_AWREGION_WIDTH bound to: 4 - type: integer 
	Parameter G_AXI_AWUSER_INDEX bound to: 73 - type: integer 
	Parameter G_AXI_AWUSER_WIDTH bound to: 0 - type: integer 
	Parameter G_AXI_AWPAYLOAD_WIDTH bound to: 73 - type: integer 
	Parameter G_AXI_ARADDR_INDEX bound to: 0 - type: integer 
	Parameter G_AXI_ARADDR_WIDTH bound to: 32 - type: integer 
	Parameter G_AXI_ARPROT_INDEX bound to: 32 - type: integer 
	Parameter G_AXI_ARPROT_WIDTH bound to: 3 - type: integer 
	Parameter G_AXI_ARSIZE_INDEX bound to: 35 - type: integer 
	Parameter G_AXI_ARSIZE_WIDTH bound to: 3 - type: integer 
	Parameter G_AXI_ARBURST_INDEX bound to: 38 - type: integer 
	Parameter G_AXI_ARBURST_WIDTH bound to: 2 - type: integer 
	Parameter G_AXI_ARCACHE_INDEX bound to: 40 - type: integer 
	Parameter G_AXI_ARCACHE_WIDTH bound to: 4 - type: integer 
	Parameter G_AXI_ARLEN_INDEX bound to: 44 - type: integer 
	Parameter G_AXI_ARLEN_WIDTH bound to: 8 - type: integer 
	Parameter G_AXI_ARLOCK_INDEX bound to: 52 - type: integer 
	Parameter G_AXI_ARLOCK_WIDTH bound to: 1 - type: integer 
	Parameter G_AXI_ARID_INDEX bound to: 53 - type: integer 
	Parameter G_AXI_ARID_WIDTH bound to: 12 - type: integer 
	Parameter G_AXI_ARQOS_INDEX bound to: 65 - type: integer 
	Parameter G_AXI_ARQOS_WIDTH bound to: 4 - type: integer 
	Parameter G_AXI_ARREGION_INDEX bound to: 69 - type: integer 
	Parameter G_AXI_ARREGION_WIDTH bound to: 4 - type: integer 
	Parameter G_AXI_ARUSER_INDEX bound to: 73 - type: integer 
	Parameter G_AXI_ARUSER_WIDTH bound to: 0 - type: integer 
	Parameter G_AXI_ARPAYLOAD_WIDTH bound to: 73 - type: integer 
	Parameter G_AXI_WDATA_INDEX bound to: 0 - type: integer 
	Parameter G_AXI_WDATA_WIDTH bound to: 32 - type: integer 
	Parameter G_AXI_WSTRB_INDEX bound to: 32 - type: integer 
	Parameter G_AXI_WSTRB_WIDTH bound to: 4 - type: integer 
	Parameter G_AXI_WLAST_INDEX bound to: 36 - type: integer 
	Parameter G_AXI_WLAST_WIDTH bound to: 1 - type: integer 
	Parameter G_AXI_WID_INDEX bound to: 37 - type: integer 
	Parameter G_AXI_WID_WIDTH bound to: 0 - type: integer 
	Parameter G_AXI_WUSER_INDEX bound to: 37 - type: integer 
	Parameter G_AXI_WUSER_WIDTH bound to: 0 - type: integer 
	Parameter G_AXI_WPAYLOAD_WIDTH bound to: 37 - type: integer 
	Parameter G_AXI_BRESP_INDEX bound to: 0 - type: integer 
	Parameter G_AXI_BRESP_WIDTH bound to: 2 - type: integer 
	Parameter G_AXI_BID_INDEX bound to: 2 - type: integer 
	Parameter G_AXI_BID_WIDTH bound to: 12 - type: integer 
	Parameter G_AXI_BUSER_INDEX bound to: 14 - type: integer 
	Parameter G_AXI_BUSER_WIDTH bound to: 0 - type: integer 
	Parameter G_AXI_BPAYLOAD_WIDTH bound to: 14 - type: integer 
	Parameter G_AXI_RDATA_INDEX bound to: 0 - type: integer 
	Parameter G_AXI_RDATA_WIDTH bound to: 32 - type: integer 
	Parameter G_AXI_RRESP_INDEX bound to: 32 - type: integer 
	Parameter G_AXI_RRESP_WIDTH bound to: 2 - type: integer 
	Parameter G_AXI_RLAST_INDEX bound to: 34 - type: integer 
	Parameter G_AXI_RLAST_WIDTH bound to: 1 - type: integer 
	Parameter G_AXI_RID_INDEX bound to: 35 - type: integer 
	Parameter G_AXI_RID_WIDTH bound to: 12 - type: integer 
	Parameter G_AXI_RUSER_INDEX bound to: 47 - type: integer 
	Parameter G_AXI_RUSER_WIDTH bound to: 0 - type: integer 
	Parameter G_AXI_RPAYLOAD_WIDTH bound to: 47 - type: integer 
INFO: [Synth 8-256] done synthesizing module 'axi_infrastructure_v1_1_0_vector2axi__parameterized2' (82#1) [d:/ProgramEnvironment/vivado2017/system_aes/system_aes.srcs/sources_1/bd/design_1/ipshared/ec67/hdl/axi_infrastructure_v1_1_vl_rfs.v:474]
INFO: [Synth 8-256] done synthesizing module 'axi_register_slice_v2_1_15_axi_register_slice__parameterized2' (82#1) [d:/ProgramEnvironment/vivado2017/system_aes/system_aes.srcs/sources_1/bd/design_1/ipshared/3ed1/hdl/axi_register_slice_v2_1_vl_rfs.v:2300]
WARNING: [Synth 8-350] instance 'si_register_slice_inst' of module 'axi_register_slice_v2_1_15_axi_register_slice' requires 93 connections, but only 92 given [d:/ProgramEnvironment/vivado2017/system_aes/system_aes.srcs/sources_1/bd/design_1/ipshared/1cdc/hdl/axi_dwidth_converter_v2_1_vlsyn_rfs.v:7379]
INFO: [Synth 8-256] done synthesizing module 'axi_dwidth_converter_v2_1_15_axi_upsizer' (83#1) [d:/ProgramEnvironment/vivado2017/system_aes/system_aes.srcs/sources_1/bd/design_1/ipshared/1cdc/hdl/axi_dwidth_converter_v2_1_vlsyn_rfs.v:7038]
INFO: [Synth 8-256] done synthesizing module 'axi_dwidth_converter_v2_1_15_top__parameterized0' (83#1) [d:/ProgramEnvironment/vivado2017/system_aes/system_aes.srcs/sources_1/bd/design_1/ipshared/1cdc/hdl/axi_dwidth_converter_v2_1_vlsyn_rfs.v:14462]
INFO: [Synth 8-256] done synthesizing module 'design_1_auto_us_0' (84#1) [d:/ProgramEnvironment/vivado2017/system_aes/system_aes.srcs/sources_1/bd/design_1/ip/design_1_auto_us_0/synth/design_1_auto_us_0.v:58]
WARNING: [Synth 8-350] instance 'auto_us' of module 'design_1_auto_us_0' requires 76 connections, but only 74 given [D:/ProgramEnvironment/vivado2017/system_aes/system_aes.srcs/sources_1/bd/design_1/synth/design_1.v:2792]
INFO: [Synth 8-256] done synthesizing module 's00_couplers_imp_O7FAN0' (85#1) [D:/ProgramEnvironment/vivado2017/system_aes/system_aes.srcs/sources_1/bd/design_1/synth/design_1.v:2374]
INFO: [Synth 8-638] synthesizing module 's01_couplers_imp_1F69D31' [D:/ProgramEnvironment/vivado2017/system_aes/system_aes.srcs/sources_1/bd/design_1/synth/design_1.v:2869]
INFO: [Synth 8-256] done synthesizing module 's01_couplers_imp_1F69D31' (86#1) [D:/ProgramEnvironment/vivado2017/system_aes/system_aes.srcs/sources_1/bd/design_1/synth/design_1.v:2869]
INFO: [Synth 8-638] synthesizing module 'design_1_xbar_0' [d:/ProgramEnvironment/vivado2017/system_aes/system_aes.srcs/sources_1/bd/design_1/ip/design_1_xbar_0/synth/design_1_xbar_0.v:59]
INFO: [Synth 8-638] synthesizing module 'axi_crossbar_v2_1_16_axi_crossbar' [d:/ProgramEnvironment/vivado2017/system_aes/system_aes.srcs/sources_1/bd/design_1/ipshared/c631/hdl/axi_crossbar_v2_1_vl_rfs.v:4882]
	Parameter C_FAMILY bound to: zynq - type: string 
	Parameter C_NUM_SLAVE_SLOTS bound to: 2 - type: integer 
	Parameter C_NUM_MASTER_SLOTS bound to: 2 - type: integer 
	Parameter C_AXI_ID_WIDTH bound to: 2 - type: integer 
	Parameter C_AXI_ADDR_WIDTH bound to: 32 - type: integer 
	Parameter C_AXI_DATA_WIDTH bound to: 128 - type: integer 
	Parameter C_AXI_PROTOCOL bound to: 0 - type: integer 
	Parameter C_NUM_ADDR_RANGES bound to: 1 - type: integer 
	Parameter C_M_AXI_BASE_ADDR bound to: 128'b00000000000000000000000000000000010000000000000000000000000000000000000000000000000000000000000001000000000000010000000000000000 
	Parameter C_M_AXI_ADDR_WIDTH bound to: 64'b0000000000000000000000000001000000000000000000000000000000010000 
	Parameter C_S_AXI_BASE_ID bound to: 64'b0000000000000000000000000000001000000000000000000000000000000000 
	Parameter C_S_AXI_THREAD_ID_WIDTH bound to: 64'b0000000000000000000000000000000100000000000000000000000000000000 
	Parameter C_AXI_SUPPORTS_USER_SIGNALS bound to: 1 - type: integer 
	Parameter C_AXI_AWUSER_WIDTH bound to: 1 - type: integer 
	Parameter C_AXI_ARUSER_WIDTH bound to: 1 - type: integer 
	Parameter C_AXI_WUSER_WIDTH bound to: 1 - type: integer 
	Parameter C_AXI_RUSER_WIDTH bound to: 1 - type: integer 
	Parameter C_AXI_BUSER_WIDTH bound to: 1 - type: integer 
	Parameter C_M_AXI_WRITE_CONNECTIVITY bound to: 64'b0000000000000000000000000000001100000000000000000000000000000011 
	Parameter C_M_AXI_READ_CONNECTIVITY bound to: 64'b0000000000000000000000000000001100000000000000000000000000000011 
	Parameter C_R_REGISTER bound to: 0 - type: integer 
	Parameter C_S_AXI_SINGLE_THREAD bound to: 64'b0000000000000000000000000000000000000000000000000000000000000000 
	Parameter C_S_AXI_WRITE_ACCEPTANCE bound to: 64'b0000000000000000000000000000001000000000000000000000000000001000 
	Parameter C_S_AXI_READ_ACCEPTANCE bound to: 64'b0000000000000000000000000000001000000000000000000000000000001000 
	Parameter C_M_AXI_WRITE_ISSUING bound to: 64'b0000000000000000000000000000100000000000000000000000000000001000 
	Parameter C_M_AXI_READ_ISSUING bound to: 64'b0000000000000000000000000000100000000000000000000000000000001000 
	Parameter C_S_AXI_ARB_PRIORITY bound to: 64'b0000000000000000000000000000000000000000000000000000000000000000 
	Parameter C_M_AXI_SECURE bound to: 64'b0000000000000000000000000000000000000000000000000000000000000000 
	Parameter C_CONNECTIVITY_MODE bound to: 1 - type: integer 
	Parameter P_ONES bound to: 65'b11111111111111111111111111111111111111111111111111111111111111111 
	Parameter P_S_AXI_BASE_ID bound to: 128'b00000000000000000000000000000000000000000000000000000000000000100000000000000000000000000000000000000000000000000000000000000000 
	Parameter P_S_AXI_HIGH_ID bound to: 128'b00000000000000000000000000000000000000000000000000000000000000110000000000000000000000000000000000000000000000000000000000000000 
	Parameter P_AXI4 bound to: 0 - type: integer 
	Parameter P_AXI3 bound to: 1 - type: integer 
	Parameter P_AXILITE bound to: 2 - type: integer 
	Parameter P_AXILITE_SIZE bound to: 3'b010 
	Parameter P_INCR bound to: 2'b01 
	Parameter P_M_AXI_SUPPORTS_WRITE bound to: 2'b11 
	Parameter P_M_AXI_SUPPORTS_READ bound to: 2'b11 
	Parameter P_S_AXI_SUPPORTS_WRITE bound to: 2'b11 
	Parameter P_S_AXI_SUPPORTS_READ bound to: 2'b11 
	Parameter C_DEBUG bound to: 1 - type: integer 
	Parameter P_RANGE_CHECK bound to: 1 - type: integer 
	Parameter P_ADDR_DECODE bound to: 1 - type: integer 
	Parameter P_M_AXI_ERR_MODE bound to: 64'b0000000000000000000000000000000000000000000000000000000000000000 
	Parameter P_LEN bound to: 8 - type: integer 
	Parameter P_LOCK bound to: 1 - type: integer 
	Parameter P_FAMILY bound to: zynq - type: string 
INFO: [Synth 8-638] synthesizing module 'axi_crossbar_v2_1_16_crossbar' [d:/ProgramEnvironment/vivado2017/system_aes/system_aes.srcs/sources_1/bd/design_1/ipshared/c631/hdl/axi_crossbar_v2_1_vl_rfs.v:2239]
	Parameter C_FAMILY bound to: zynq - type: string 
	Parameter C_NUM_SLAVE_SLOTS bound to: 2 - type: integer 
	Parameter C_NUM_MASTER_SLOTS bound to: 2 - type: integer 
	Parameter C_NUM_ADDR_RANGES bound to: 1 - type: integer 
	Parameter C_AXI_ID_WIDTH bound to: 2 - type: integer 
	Parameter C_AXI_ADDR_WIDTH bound to: 32 - type: integer 
	Parameter C_AXI_DATA_WIDTH bound to: 128 - type: integer 
	Parameter C_AXI_PROTOCOL bound to: 0 - type: integer 
	Parameter C_M_AXI_BASE_ADDR bound to: 128'b00000000000000000000000000000000010000000000000000000000000000000000000000000000000000000000000001000000000000010000000000000000 
	Parameter C_M_AXI_HIGH_ADDR bound to: 128'b00000000000000000000000000000000010000000000000011111111111111110000000000000000000000000000000001000000000000011111111111111111 
	Parameter C_S_AXI_BASE_ID bound to: 128'b00000000000000000000000000000000000000000000000000000000000000100000000000000000000000000000000000000000000000000000000000000000 
	Parameter C_S_AXI_HIGH_ID bound to: 128'b00000000000000000000000000000000000000000000000000000000000000110000000000000000000000000000000000000000000000000000000000000000 
	Parameter C_S_AXI_THREAD_ID_WIDTH bound to: 64'b0000000000000000000000000000000100000000000000000000000000000000 
	Parameter C_AXI_SUPPORTS_USER_SIGNALS bound to: 1 - type: integer 
	Parameter C_AXI_AWUSER_WIDTH bound to: 1 - type: integer 
	Parameter C_AXI_ARUSER_WIDTH bound to: 1 - type: integer 
	Parameter C_AXI_WUSER_WIDTH bound to: 1 - type: integer 
	Parameter C_AXI_RUSER_WIDTH bound to: 1 - type: integer 
	Parameter C_AXI_BUSER_WIDTH bound to: 1 - type: integer 
	Parameter C_S_AXI_SUPPORTS_WRITE bound to: 2'b11 
	Parameter C_S_AXI_SUPPORTS_READ bound to: 2'b11 
	Parameter C_M_AXI_SUPPORTS_WRITE bound to: 2'b11 
	Parameter C_M_AXI_SUPPORTS_READ bound to: 2'b11 
	Parameter C_M_AXI_WRITE_CONNECTIVITY bound to: 64'b0000000000000000000000000000001100000000000000000000000000000011 
	Parameter C_M_AXI_READ_CONNECTIVITY bound to: 64'b0000000000000000000000000000001100000000000000000000000000000011 
	Parameter C_S_AXI_SINGLE_THREAD bound to: 64'b0000000000000000000000000000000000000000000000000000000000000000 
	Parameter C_S_AXI_WRITE_ACCEPTANCE bound to: 64'b0000000000000000000000000000001000000000000000000000000000001000 
	Parameter C_S_AXI_READ_ACCEPTANCE bound to: 64'b0000000000000000000000000000001000000000000000000000000000001000 
	Parameter C_M_AXI_WRITE_ISSUING bound to: 64'b0000000000000000000000000000100000000000000000000000000000001000 
	Parameter C_M_AXI_READ_ISSUING bound to: 64'b0000000000000000000000000000100000000000000000000000000000001000 
	Parameter C_S_AXI_ARB_PRIORITY bound to: 64'b0000000000000000000000000000000000000000000000000000000000000000 
	Parameter C_M_AXI_SECURE bound to: 64'b0000000000000000000000000000000000000000000000000000000000000000 
	Parameter C_M_AXI_ERR_MODE bound to: 64'b0000000000000000000000000000000000000000000000000000000000000000 
	Parameter C_RANGE_CHECK bound to: 1 - type: integer 
	Parameter C_ADDR_DECODE bound to: 1 - type: integer 
	Parameter C_W_ISSUE_WIDTH bound to: 96'b000000000000000000000000000000000000000000000000000000000000001100000000000000000000000000000011 
	Parameter C_R_ISSUE_WIDTH bound to: 96'b000000000000000000000000000000000000000000000000000000000000001100000000000000000000000000000011 
	Parameter C_W_ACCEPT_WIDTH bound to: 64'b0000000000000000000000000000000100000000000000000000000000000011 
	Parameter C_R_ACCEPT_WIDTH bound to: 64'b0000000000000000000000000000000100000000000000000000000000000011 
	Parameter C_DEBUG bound to: 1 - type: integer 
	Parameter P_AXI4 bound to: 0 - type: integer 
	Parameter P_AXI3 bound to: 1 - type: integer 
	Parameter P_AXILITE bound to: 2 - type: integer 
	Parameter P_WRITE bound to: 0 - type: integer 
	Parameter P_READ bound to: 1 - type: integer 
	Parameter P_NUM_MASTER_SLOTS_LOG bound to: 1 - type: integer 
	Parameter P_NUM_SLAVE_SLOTS_LOG bound to: 1 - type: integer 
	Parameter P_AXI_WID_WIDTH bound to: 1 - type: integer 
	Parameter P_ST_AWMESG_WIDTH bound to: 11 - type: integer 
	Parameter P_AA_AWMESG_WIDTH bound to: 65 - type: integer 
	Parameter P_ST_ARMESG_WIDTH bound to: 11 - type: integer 
	Parameter P_AA_ARMESG_WIDTH bound to: 65 - type: integer 
	Parameter P_ST_BMESG_WIDTH bound to: 3 - type: integer 
	Parameter P_ST_RMESG_WIDTH bound to: 131 - type: integer 
	Parameter P_WR_WMESG_WIDTH bound to: 146 - type: integer 
	Parameter P_BYPASS bound to: 0 - type: integer 
	Parameter P_FWD_REV bound to: 1 - type: integer 
	Parameter P_SIMPLE bound to: 7 - type: integer 
	Parameter P_M_AXI_SUPPORTS_READ bound to: 3'b111 
	Parameter P_M_AXI_SUPPORTS_WRITE bound to: 3'b111 
	Parameter P_M_AXI_WRITE_CONNECTIVITY bound to: 96'b111111111111111111111111111111110000000000000000000000000000001100000000000000000000000000000011 
	Parameter P_M_AXI_READ_CONNECTIVITY bound to: 96'b111111111111111111111111111111110000000000000000000000000000001100000000000000000000000000000011 
	Parameter P_S_AXI_WRITE_CONNECTIVITY bound to: 64'b1111111111111111111111111111111111111111111111111111111111111111 
	Parameter P_S_AXI_READ_CONNECTIVITY bound to: 64'b1111111111111111111111111111111111111111111111111111111111111111 
	Parameter P_M_AXI_READ_ISSUING bound to: 96'b000000000000000000000000000000010000000000000000000000000000100000000000000000000000000000001000 
	Parameter P_M_AXI_WRITE_ISSUING bound to: 96'b000000000000000000000000000000010000000000000000000000000000100000000000000000000000000000001000 
	Parameter P_DECERR bound to: 2'b11 
INFO: [Synth 8-638] synthesizing module 'axi_crossbar_v2_1_16_si_transactor' [d:/ProgramEnvironment/vivado2017/system_aes/system_aes.srcs/sources_1/bd/design_1/ipshared/c631/hdl/axi_crossbar_v2_1_vl_rfs.v:3798]
	Parameter C_FAMILY bound to: zynq - type: string 
	Parameter C_SI bound to: 0 - type: integer 
	Parameter C_DIR bound to: 1 - type: integer 
	Parameter C_NUM_ADDR_RANGES bound to: 1 - type: integer 
	Parameter C_NUM_M bound to: 2 - type: integer 
	Parameter C_NUM_M_LOG bound to: 1 - type: integer 
	Parameter C_ACCEPTANCE bound to: 8 - type: integer 
	Parameter C_ACCEPTANCE_LOG bound to: 3 - type: integer 
	Parameter C_ID_WIDTH bound to: 2 - type: integer 
	Parameter C_THREAD_ID_WIDTH bound to: 0 - type: integer 
	Parameter C_ADDR_WIDTH bound to: 32 - type: integer 
	Parameter C_AMESG_WIDTH bound to: 11 - type: integer 
	Parameter C_RMESG_WIDTH bound to: 131 - type: integer 
	Parameter C_BASE_ID bound to: 2'b00 
	Parameter C_HIGH_ID bound to: 2'b00 
	Parameter C_BASE_ADDR bound to: 128'b00000000000000000000000000000000010000000000000000000000000000000000000000000000000000000000000001000000000000010000000000000000 
	Parameter C_HIGH_ADDR bound to: 128'b00000000000000000000000000000000010000000000000011111111111111110000000000000000000000000000000001000000000000011111111111111111 
	Parameter C_SINGLE_THREAD bound to: 0 - type: integer 
	Parameter C_TARGET_QUAL bound to: 2'b11 
	Parameter C_M_AXI_SECURE bound to: 64'b0000000000000000000000000000000000000000000000000000000000000000 
	Parameter C_RANGE_CHECK bound to: 1 - type: integer 
	Parameter C_ADDR_DECODE bound to: 1 - type: integer 
	Parameter C_ERR_MODE bound to: 64'b0000000000000000000000000000000000000000000000000000000000000000 
	Parameter C_DEBUG bound to: 1 - type: integer 
	Parameter P_WRITE bound to: 0 - type: integer 
	Parameter P_READ bound to: 1 - type: integer 
	Parameter P_RMUX_MESG_WIDTH bound to: 134 - type: integer 
	Parameter P_AXILITE_ERRMODE bound to: 1 - type: integer 
	Parameter P_NONSECURE_BIT bound to: 1 - type: integer 
	Parameter P_NUM_M_LOG_M1 bound to: 1 - type: integer 
	Parameter P_M_AXILITE bound to: 2'b00 
	Parameter P_FIXED bound to: 2'b00 
	Parameter P_NUM_M_DE_LOG bound to: 2 - type: integer 
	Parameter P_THREAD_ID_WIDTH_M1 bound to: 1 - type: integer 
	Parameter P_NUM_ID_VAL bound to: 1 - type: integer 
	Parameter P_NUM_THREADS bound to: 1 - type: integer 
	Parameter P_M_SECURE_MASK bound to: 2'b00 
INFO: [Synth 8-638] synthesizing module 'axi_crossbar_v2_1_16_addr_decoder' [d:/ProgramEnvironment/vivado2017/system_aes/system_aes.srcs/sources_1/bd/design_1/ipshared/c631/hdl/axi_crossbar_v2_1_vl_rfs.v:794]
	Parameter C_FAMILY bound to: zynq - type: string 
	Parameter C_NUM_TARGETS bound to: 2 - type: integer 
	Parameter C_NUM_TARGETS_LOG bound to: 1 - type: integer 
	Parameter C_NUM_RANGES bound to: 1 - type: integer 
	Parameter C_ADDR_WIDTH bound to: 32 - type: integer 
	Parameter C_TARGET_ENC bound to: 1 - type: integer 
	Parameter C_TARGET_HOT bound to: 1 - type: integer 
	Parameter C_REGION_ENC bound to: 1 - type: integer 
	Parameter C_BASE_ADDR bound to: 128'b00000000000000000000000000000000010000000000000000000000000000000000000000000000000000000000000001000000000000010000000000000000 
	Parameter C_HIGH_ADDR bound to: 128'b00000000000000000000000000000000010000000000000011111111111111110000000000000000000000000000000001000000000000011111111111111111 
	Parameter C_TARGET_QUAL bound to: 3'b011 
	Parameter C_RESOLUTION bound to: 2 - type: integer 
	Parameter C_COMPARATOR_THRESHOLD bound to: 6 - type: integer 
INFO: [Synth 8-638] synthesizing module 'generic_baseblocks_v2_1_0_comparator_static' [d:/ProgramEnvironment/vivado2017/system_aes/system_aes.srcs/sources_1/bd/design_1/ipshared/b752/hdl/generic_baseblocks_v2_1_vl_rfs.v:2133]
	Parameter C_FAMILY bound to: rtl - type: string 
	Parameter C_VALUE bound to: 30'b010000000000000100000000000000 
	Parameter C_DATA_WIDTH bound to: 30 - type: integer 
	Parameter C_BITS_PER_LUT bound to: 6 - type: integer 
	Parameter C_NUM_LUT bound to: 5 - type: integer 
	Parameter C_FIX_DATA_WIDTH bound to: 30 - type: integer 
INFO: [Synth 8-638] synthesizing module 'generic_baseblocks_v2_1_0_carry_and' [d:/ProgramEnvironment/vivado2017/system_aes/system_aes.srcs/sources_1/bd/design_1/ipshared/b752/hdl/generic_baseblocks_v2_1_vl_rfs.v:62]
	Parameter C_FAMILY bound to: rtl - type: string 
INFO: [Synth 8-256] done synthesizing module 'generic_baseblocks_v2_1_0_carry_and' (87#1) [d:/ProgramEnvironment/vivado2017/system_aes/system_aes.srcs/sources_1/bd/design_1/ipshared/b752/hdl/generic_baseblocks_v2_1_vl_rfs.v:62]
INFO: [Synth 8-256] done synthesizing module 'generic_baseblocks_v2_1_0_comparator_static' (88#1) [d:/ProgramEnvironment/vivado2017/system_aes/system_aes.srcs/sources_1/bd/design_1/ipshared/b752/hdl/generic_baseblocks_v2_1_vl_rfs.v:2133]
INFO: [Synth 8-638] synthesizing module 'generic_baseblocks_v2_1_0_comparator_static__parameterized0' [d:/ProgramEnvironment/vivado2017/system_aes/system_aes.srcs/sources_1/bd/design_1/ipshared/b752/hdl/generic_baseblocks_v2_1_vl_rfs.v:2133]
	Parameter C_FAMILY bound to: rtl - type: string 
	Parameter C_VALUE bound to: 30'b010000000000000000000000000000 
	Parameter C_DATA_WIDTH bound to: 30 - type: integer 
	Parameter C_BITS_PER_LUT bound to: 6 - type: integer 
	Parameter C_NUM_LUT bound to: 5 - type: integer 
	Parameter C_FIX_DATA_WIDTH bound to: 30 - type: integer 
INFO: [Synth 8-256] done synthesizing module 'generic_baseblocks_v2_1_0_comparator_static__parameterized0' (88#1) [d:/ProgramEnvironment/vivado2017/system_aes/system_aes.srcs/sources_1/bd/design_1/ipshared/b752/hdl/generic_baseblocks_v2_1_vl_rfs.v:2133]
INFO: [Synth 8-256] done synthesizing module 'axi_crossbar_v2_1_16_addr_decoder' (89#1) [d:/ProgramEnvironment/vivado2017/system_aes/system_aes.srcs/sources_1/bd/design_1/ipshared/c631/hdl/axi_crossbar_v2_1_vl_rfs.v:794]
INFO: [Synth 8-638] synthesizing module 'axi_data_fifo_v2_1_14_axic_srl_fifo' [d:/ProgramEnvironment/vivado2017/system_aes/system_aes.srcs/sources_1/bd/design_1/ipshared/9909/hdl/axi_data_fifo_v2_1_vl_rfs.v:698]
	Parameter C_FAMILY bound to: zynq - type: string 
	Parameter C_FIFO_WIDTH bound to: 8 - type: integer 
	Parameter C_MAX_CTRL_FANOUT bound to: 33 - type: integer 
	Parameter C_FIFO_DEPTH_LOG bound to: 4 - type: integer 
	Parameter C_USE_FULL bound to: 0 - type: integer 
	Parameter P_FIFO_DEPTH_LOG bound to: 4 - type: integer 
	Parameter P_EMPTY bound to: 4'b1111 
	Parameter P_ALMOSTEMPTY bound to: 4'b0000 
	Parameter P_ALMOSTFULL_TEMP bound to: 5'b11110 
	Parameter P_ALMOSTFULL bound to: 4'b1110 
	Parameter P_NUM_REPS bound to: 1 - type: integer 
INFO: [Synth 8-638] synthesizing module 'axi_data_fifo_v2_1_14_ndeep_srl' [d:/ProgramEnvironment/vivado2017/system_aes/system_aes.srcs/sources_1/bd/design_1/ipshared/9909/hdl/axi_data_fifo_v2_1_vl_rfs.v:1135]
	Parameter C_FAMILY bound to: zynq - type: string 
	Parameter C_A_WIDTH bound to: 4 - type: integer 
	Parameter P_SRLASIZE bound to: 5 - type: integer 
	Parameter P_SRLDEPTH bound to: 32 - type: integer 
	Parameter P_NUMSRLS bound to: 1 - type: integer 
	Parameter P_SHIFT_DEPTH bound to: 16 - type: integer 
INFO: [Synth 8-638] synthesizing module 'SRLC32E' [D:/xilinx-vivado2017/Vivado/2017.4/scripts/rt/data/unisim_comp.v:50855]
	Parameter INIT bound to: 32'b00000000000000000000000000000000 
	Parameter IS_CLK_INVERTED bound to: 1'b0 
INFO: [Synth 8-256] done synthesizing module 'SRLC32E' (90#1) [D:/xilinx-vivado2017/Vivado/2017.4/scripts/rt/data/unisim_comp.v:50855]
INFO: [Synth 8-256] done synthesizing module 'axi_data_fifo_v2_1_14_ndeep_srl' (91#1) [d:/ProgramEnvironment/vivado2017/system_aes/system_aes.srcs/sources_1/bd/design_1/ipshared/9909/hdl/axi_data_fifo_v2_1_vl_rfs.v:1135]
WARNING: [Synth 8-6014] Unused sequential element areset_d1_reg was removed.  [d:/ProgramEnvironment/vivado2017/system_aes/system_aes.srcs/sources_1/bd/design_1/ipshared/9909/hdl/axi_data_fifo_v2_1_vl_rfs.v:750]
WARNING: [Synth 8-6014] Unused sequential element S_READY_i_reg was removed.  [d:/ProgramEnvironment/vivado2017/system_aes/system_aes.srcs/sources_1/bd/design_1/ipshared/9909/hdl/axi_data_fifo_v2_1_vl_rfs.v:789]
INFO: [Synth 8-256] done synthesizing module 'axi_data_fifo_v2_1_14_axic_srl_fifo' (92#1) [d:/ProgramEnvironment/vivado2017/system_aes/system_aes.srcs/sources_1/bd/design_1/ipshared/9909/hdl/axi_data_fifo_v2_1_vl_rfs.v:698]
INFO: [Synth 8-638] synthesizing module 'generic_baseblocks_v2_1_0_mux_enc' [d:/ProgramEnvironment/vivado2017/system_aes/system_aes.srcs/sources_1/bd/design_1/ipshared/b752/hdl/generic_baseblocks_v2_1_vl_rfs.v:2452]
	Parameter C_FAMILY bound to: zynq - type: string 
	Parameter C_RATIO bound to: 3 - type: integer 
	Parameter C_SEL_WIDTH bound to: 2 - type: integer 
	Parameter C_DATA_WIDTH bound to: 134 - type: integer 
INFO: [Synth 8-256] done synthesizing module 'generic_baseblocks_v2_1_0_mux_enc' (93#1) [d:/ProgramEnvironment/vivado2017/system_aes/system_aes.srcs/sources_1/bd/design_1/ipshared/b752/hdl/generic_baseblocks_v2_1_vl_rfs.v:2452]
WARNING: [Synth 8-6014] Unused sequential element gen_single_thread.debug_r_beat_cnt_i_reg was removed.  [d:/ProgramEnvironment/vivado2017/system_aes/system_aes.srcs/sources_1/bd/design_1/ipshared/c631/hdl/axi_crossbar_v2_1_vl_rfs.v:4190]
WARNING: [Synth 8-6014] Unused sequential element gen_single_thread.active_id_reg was removed.  [d:/ProgramEnvironment/vivado2017/system_aes/system_aes.srcs/sources_1/bd/design_1/ipshared/c631/hdl/axi_crossbar_v2_1_vl_rfs.v:4148]
INFO: [Synth 8-256] done synthesizing module 'axi_crossbar_v2_1_16_si_transactor' (94#1) [d:/ProgramEnvironment/vivado2017/system_aes/system_aes.srcs/sources_1/bd/design_1/ipshared/c631/hdl/axi_crossbar_v2_1_vl_rfs.v:3798]
INFO: [Synth 8-638] synthesizing module 'axi_crossbar_v2_1_16_si_transactor__parameterized0' [d:/ProgramEnvironment/vivado2017/system_aes/system_aes.srcs/sources_1/bd/design_1/ipshared/c631/hdl/axi_crossbar_v2_1_vl_rfs.v:3798]
	Parameter C_FAMILY bound to: zynq - type: string 
	Parameter C_SI bound to: 0 - type: integer 
	Parameter C_DIR bound to: 0 - type: integer 
	Parameter C_NUM_ADDR_RANGES bound to: 1 - type: integer 
	Parameter C_NUM_M bound to: 2 - type: integer 
	Parameter C_NUM_M_LOG bound to: 1 - type: integer 
	Parameter C_ACCEPTANCE bound to: 8 - type: integer 
	Parameter C_ACCEPTANCE_LOG bound to: 3 - type: integer 
	Parameter C_ID_WIDTH bound to: 2 - type: integer 
	Parameter C_THREAD_ID_WIDTH bound to: 0 - type: integer 
	Parameter C_ADDR_WIDTH bound to: 32 - type: integer 
	Parameter C_AMESG_WIDTH bound to: 11 - type: integer 
	Parameter C_RMESG_WIDTH bound to: 3 - type: integer 
	Parameter C_BASE_ID bound to: 2'b00 
	Parameter C_HIGH_ID bound to: 2'b00 
	Parameter C_BASE_ADDR bound to: 128'b00000000000000000000000000000000010000000000000000000000000000000000000000000000000000000000000001000000000000010000000000000000 
	Parameter C_HIGH_ADDR bound to: 128'b00000000000000000000000000000000010000000000000011111111111111110000000000000000000000000000000001000000000000011111111111111111 
	Parameter C_SINGLE_THREAD bound to: 0 - type: integer 
	Parameter C_TARGET_QUAL bound to: 2'b11 
	Parameter C_M_AXI_SECURE bound to: 64'b0000000000000000000000000000000000000000000000000000000000000000 
	Parameter C_RANGE_CHECK bound to: 1 - type: integer 
	Parameter C_ADDR_DECODE bound to: 1 - type: integer 
	Parameter C_ERR_MODE bound to: 64'b0000000000000000000000000000000000000000000000000000000000000000 
	Parameter C_DEBUG bound to: 1 - type: integer 
	Parameter P_WRITE bound to: 0 - type: integer 
	Parameter P_READ bound to: 1 - type: integer 
	Parameter P_RMUX_MESG_WIDTH bound to: 6 - type: integer 
	Parameter P_AXILITE_ERRMODE bound to: 1 - type: integer 
	Parameter P_NONSECURE_BIT bound to: 1 - type: integer 
	Parameter P_NUM_M_LOG_M1 bound to: 1 - type: integer 
	Parameter P_M_AXILITE bound to: 2'b00 
	Parameter P_FIXED bound to: 2'b00 
	Parameter P_NUM_M_DE_LOG bound to: 2 - type: integer 
	Parameter P_THREAD_ID_WIDTH_M1 bound to: 1 - type: integer 
	Parameter P_NUM_ID_VAL bound to: 1 - type: integer 
	Parameter P_NUM_THREADS bound to: 1 - type: integer 
	Parameter P_M_SECURE_MASK bound to: 2'b00 
INFO: [Synth 8-638] synthesizing module 'generic_baseblocks_v2_1_0_mux_enc__parameterized0' [d:/ProgramEnvironment/vivado2017/system_aes/system_aes.srcs/sources_1/bd/design_1/ipshared/b752/hdl/generic_baseblocks_v2_1_vl_rfs.v:2452]
	Parameter C_FAMILY bound to: zynq - type: string 
	Parameter C_RATIO bound to: 3 - type: integer 
	Parameter C_SEL_WIDTH bound to: 2 - type: integer 
	Parameter C_DATA_WIDTH bound to: 6 - type: integer 
INFO: [Synth 8-256] done synthesizing module 'generic_baseblocks_v2_1_0_mux_enc__parameterized0' (94#1) [d:/ProgramEnvironment/vivado2017/system_aes/system_aes.srcs/sources_1/bd/design_1/ipshared/b752/hdl/generic_baseblocks_v2_1_vl_rfs.v:2452]
WARNING: [Synth 8-6014] Unused sequential element gen_single_thread.debug_r_beat_cnt_i_reg was removed.  [d:/ProgramEnvironment/vivado2017/system_aes/system_aes.srcs/sources_1/bd/design_1/ipshared/c631/hdl/axi_crossbar_v2_1_vl_rfs.v:4190]
WARNING: [Synth 8-6014] Unused sequential element gen_single_thread.active_id_reg was removed.  [d:/ProgramEnvironment/vivado2017/system_aes/system_aes.srcs/sources_1/bd/design_1/ipshared/c631/hdl/axi_crossbar_v2_1_vl_rfs.v:4148]
INFO: [Synth 8-256] done synthesizing module 'axi_crossbar_v2_1_16_si_transactor__parameterized0' (94#1) [d:/ProgramEnvironment/vivado2017/system_aes/system_aes.srcs/sources_1/bd/design_1/ipshared/c631/hdl/axi_crossbar_v2_1_vl_rfs.v:3798]
INFO: [Synth 8-638] synthesizing module 'axi_crossbar_v2_1_16_splitter' [d:/ProgramEnvironment/vivado2017/system_aes/system_aes.srcs/sources_1/bd/design_1/ipshared/c631/hdl/axi_crossbar_v2_1_vl_rfs.v:4459]
	Parameter C_NUM_M bound to: 2 - type: integer 
INFO: [Synth 8-256] done synthesizing module 'axi_crossbar_v2_1_16_splitter' (95#1) [d:/ProgramEnvironment/vivado2017/system_aes/system_aes.srcs/sources_1/bd/design_1/ipshared/c631/hdl/axi_crossbar_v2_1_vl_rfs.v:4459]
INFO: [Synth 8-638] synthesizing module 'axi_crossbar_v2_1_16_wdata_router' [d:/ProgramEnvironment/vivado2017/system_aes/system_aes.srcs/sources_1/bd/design_1/ipshared/c631/hdl/axi_crossbar_v2_1_vl_rfs.v:4734]
	Parameter C_FAMILY bound to: zynq - type: string 
	Parameter C_WMESG_WIDTH bound to: 146 - type: integer 
	Parameter C_NUM_MASTER_SLOTS bound to: 3 - type: integer 
	Parameter C_SELECT_WIDTH bound to: 2 - type: integer 
	Parameter C_FIFO_DEPTH_LOG bound to: 3 - type: integer 
	Parameter P_FIFO_DEPTH_LOG bound to: 3 - type: integer 
INFO: [Synth 8-638] synthesizing module 'axi_data_fifo_v2_1_14_axic_reg_srl_fifo' [d:/ProgramEnvironment/vivado2017/system_aes/system_aes.srcs/sources_1/bd/design_1/ipshared/9909/hdl/axi_data_fifo_v2_1_vl_rfs.v:889]
	Parameter C_FAMILY bound to: zynq - type: string 
	Parameter C_FIFO_WIDTH bound to: 2 - type: integer 
	Parameter C_MAX_CTRL_FANOUT bound to: 33 - type: integer 
	Parameter C_FIFO_DEPTH_LOG bound to: 3 - type: integer 
	Parameter C_USE_FULL bound to: 1 - type: integer 
	Parameter P_FIFO_DEPTH_LOG bound to: 3 - type: integer 
	Parameter P_EMPTY bound to: 3'b111 
	Parameter P_ALMOSTEMPTY bound to: 3'b000 
	Parameter P_ALMOSTFULL_TEMP bound to: 4'b1110 
	Parameter P_ALMOSTFULL bound to: 3'b110 
	Parameter P_NUM_REPS bound to: 1 - type: integer 
	Parameter ZERO bound to: 2'b10 
	Parameter ONE bound to: 2'b11 
	Parameter TWO bound to: 2'b01 
INFO: [Synth 8-638] synthesizing module 'axi_data_fifo_v2_1_14_ndeep_srl__parameterized0' [d:/ProgramEnvironment/vivado2017/system_aes/system_aes.srcs/sources_1/bd/design_1/ipshared/9909/hdl/axi_data_fifo_v2_1_vl_rfs.v:1135]
	Parameter C_FAMILY bound to: zynq - type: string 
	Parameter C_A_WIDTH bound to: 3 - type: integer 
	Parameter P_SRLASIZE bound to: 5 - type: integer 
	Parameter P_SRLDEPTH bound to: 32 - type: integer 
	Parameter P_NUMSRLS bound to: 1 - type: integer 
	Parameter P_SHIFT_DEPTH bound to: 8 - type: integer 
INFO: [Synth 8-256] done synthesizing module 'axi_data_fifo_v2_1_14_ndeep_srl__parameterized0' (95#1) [d:/ProgramEnvironment/vivado2017/system_aes/system_aes.srcs/sources_1/bd/design_1/ipshared/9909/hdl/axi_data_fifo_v2_1_vl_rfs.v:1135]
INFO: [Synth 8-155] case statement is not full and has no default [d:/ProgramEnvironment/vivado2017/system_aes/system_aes.srcs/sources_1/bd/design_1/ipshared/9909/hdl/axi_data_fifo_v2_1_vl_rfs.v:986]
INFO: [Synth 8-256] done synthesizing module 'axi_data_fifo_v2_1_14_axic_reg_srl_fifo' (96#1) [d:/ProgramEnvironment/vivado2017/system_aes/system_aes.srcs/sources_1/bd/design_1/ipshared/9909/hdl/axi_data_fifo_v2_1_vl_rfs.v:889]
INFO: [Synth 8-256] done synthesizing module 'axi_crossbar_v2_1_16_wdata_router' (97#1) [d:/ProgramEnvironment/vivado2017/system_aes/system_aes.srcs/sources_1/bd/design_1/ipshared/c631/hdl/axi_crossbar_v2_1_vl_rfs.v:4734]
INFO: [Synth 8-638] synthesizing module 'axi_crossbar_v2_1_16_si_transactor__parameterized1' [d:/ProgramEnvironment/vivado2017/system_aes/system_aes.srcs/sources_1/bd/design_1/ipshared/c631/hdl/axi_crossbar_v2_1_vl_rfs.v:3798]
	Parameter C_FAMILY bound to: zynq - type: string 
	Parameter C_SI bound to: 1 - type: integer 
	Parameter C_DIR bound to: 1 - type: integer 
	Parameter C_NUM_ADDR_RANGES bound to: 1 - type: integer 
	Parameter C_NUM_M bound to: 2 - type: integer 
	Parameter C_NUM_M_LOG bound to: 1 - type: integer 
	Parameter C_ACCEPTANCE bound to: 2 - type: integer 
	Parameter C_ACCEPTANCE_LOG bound to: 1 - type: integer 
	Parameter C_ID_WIDTH bound to: 2 - type: integer 
	Parameter C_THREAD_ID_WIDTH bound to: 1 - type: integer 
	Parameter C_ADDR_WIDTH bound to: 32 - type: integer 
	Parameter C_AMESG_WIDTH bound to: 11 - type: integer 
	Parameter C_RMESG_WIDTH bound to: 131 - type: integer 
	Parameter C_BASE_ID bound to: 2'b10 
	Parameter C_HIGH_ID bound to: 2'b11 
	Parameter C_BASE_ADDR bound to: 128'b00000000000000000000000000000000010000000000000000000000000000000000000000000000000000000000000001000000000000010000000000000000 
	Parameter C_HIGH_ADDR bound to: 128'b00000000000000000000000000000000010000000000000011111111111111110000000000000000000000000000000001000000000000011111111111111111 
	Parameter C_SINGLE_THREAD bound to: 0 - type: integer 
	Parameter C_TARGET_QUAL bound to: 2'b11 
	Parameter C_M_AXI_SECURE bound to: 64'b0000000000000000000000000000000000000000000000000000000000000000 
	Parameter C_RANGE_CHECK bound to: 1 - type: integer 
	Parameter C_ADDR_DECODE bound to: 1 - type: integer 
	Parameter C_ERR_MODE bound to: 64'b0000000000000000000000000000000000000000000000000000000000000000 
	Parameter C_DEBUG bound to: 1 - type: integer 
	Parameter P_WRITE bound to: 0 - type: integer 
	Parameter P_READ bound to: 1 - type: integer 
	Parameter P_RMUX_MESG_WIDTH bound to: 134 - type: integer 
	Parameter P_AXILITE_ERRMODE bound to: 1 - type: integer 
	Parameter P_NONSECURE_BIT bound to: 1 - type: integer 
	Parameter P_NUM_M_LOG_M1 bound to: 1 - type: integer 
	Parameter P_M_AXILITE bound to: 2'b00 
	Parameter P_FIXED bound to: 2'b00 
	Parameter P_NUM_M_DE_LOG bound to: 2 - type: integer 
	Parameter P_THREAD_ID_WIDTH_M1 bound to: 1 - type: integer 
	Parameter P_NUM_ID_VAL bound to: 2 - type: integer 
	Parameter P_NUM_THREADS bound to: 2 - type: integer 
	Parameter P_M_SECURE_MASK bound to: 2'b00 
INFO: [Synth 8-638] synthesizing module 'axi_data_fifo_v2_1_14_axic_srl_fifo__parameterized0' [d:/ProgramEnvironment/vivado2017/system_aes/system_aes.srcs/sources_1/bd/design_1/ipshared/9909/hdl/axi_data_fifo_v2_1_vl_rfs.v:698]
	Parameter C_FAMILY bound to: zynq - type: string 
	Parameter C_FIFO_WIDTH bound to: 8 - type: integer 
	Parameter C_MAX_CTRL_FANOUT bound to: 33 - type: integer 
	Parameter C_FIFO_DEPTH_LOG bound to: 2 - type: integer 
	Parameter C_USE_FULL bound to: 0 - type: integer 
	Parameter P_FIFO_DEPTH_LOG bound to: 2 - type: integer 
	Parameter P_EMPTY bound to: 2'b11 
	Parameter P_ALMOSTEMPTY bound to: 2'b00 
	Parameter P_ALMOSTFULL_TEMP bound to: 3'b110 
	Parameter P_ALMOSTFULL bound to: 2'b10 
	Parameter P_NUM_REPS bound to: 1 - type: integer 
INFO: [Synth 8-638] synthesizing module 'axi_data_fifo_v2_1_14_ndeep_srl__parameterized1' [d:/ProgramEnvironment/vivado2017/system_aes/system_aes.srcs/sources_1/bd/design_1/ipshared/9909/hdl/axi_data_fifo_v2_1_vl_rfs.v:1135]
	Parameter C_FAMILY bound to: zynq - type: string 
	Parameter C_A_WIDTH bound to: 2 - type: integer 
	Parameter P_SRLASIZE bound to: 5 - type: integer 
	Parameter P_SRLDEPTH bound to: 32 - type: integer 
	Parameter P_NUMSRLS bound to: 1 - type: integer 
	Parameter P_SHIFT_DEPTH bound to: 4 - type: integer 
INFO: [Synth 8-256] done synthesizing module 'axi_data_fifo_v2_1_14_ndeep_srl__parameterized1' (97#1) [d:/ProgramEnvironment/vivado2017/system_aes/system_aes.srcs/sources_1/bd/design_1/ipshared/9909/hdl/axi_data_fifo_v2_1_vl_rfs.v:1135]
WARNING: [Synth 8-6014] Unused sequential element areset_d1_reg was removed.  [d:/ProgramEnvironment/vivado2017/system_aes/system_aes.srcs/sources_1/bd/design_1/ipshared/9909/hdl/axi_data_fifo_v2_1_vl_rfs.v:750]
WARNING: [Synth 8-6014] Unused sequential element S_READY_i_reg was removed.  [d:/ProgramEnvironment/vivado2017/system_aes/system_aes.srcs/sources_1/bd/design_1/ipshared/9909/hdl/axi_data_fifo_v2_1_vl_rfs.v:789]
INFO: [Synth 8-256] done synthesizing module 'axi_data_fifo_v2_1_14_axic_srl_fifo__parameterized0' (97#1) [d:/ProgramEnvironment/vivado2017/system_aes/system_aes.srcs/sources_1/bd/design_1/ipshared/9909/hdl/axi_data_fifo_v2_1_vl_rfs.v:698]
INFO: [Synth 8-638] synthesizing module 'axi_crossbar_v2_1_16_arbiter_resp' [d:/ProgramEnvironment/vivado2017/system_aes/system_aes.srcs/sources_1/bd/design_1/ipshared/c631/hdl/axi_crossbar_v2_1_vl_rfs.v:1025]
	Parameter C_FAMILY bound to: zynq - type: string 
	Parameter C_NUM_S bound to: 3 - type: integer 
	Parameter C_NUM_S_LOG bound to: 2 - type: integer 
	Parameter C_GRANT_ENC bound to: 1 - type: integer 
	Parameter C_GRANT_HOT bound to: 0 - type: integer 
INFO: [Synth 8-256] done synthesizing module 'axi_crossbar_v2_1_16_arbiter_resp' (98#1) [d:/ProgramEnvironment/vivado2017/system_aes/system_aes.srcs/sources_1/bd/design_1/ipshared/c631/hdl/axi_crossbar_v2_1_vl_rfs.v:1025]
WARNING: [Synth 8-6014] Unused sequential element gen_multi_thread.debug_r_beat_cnt_i_reg was removed.  [d:/ProgramEnvironment/vivado2017/system_aes/system_aes.srcs/sources_1/bd/design_1/ipshared/c631/hdl/axi_crossbar_v2_1_vl_rfs.v:4344]
WARNING: [Synth 8-6014] Unused sequential element gen_multi_thread.debug_r_beat_cnt_i_reg was removed.  [d:/ProgramEnvironment/vivado2017/system_aes/system_aes.srcs/sources_1/bd/design_1/ipshared/c631/hdl/axi_crossbar_v2_1_vl_rfs.v:4344]
INFO: [Synth 8-256] done synthesizing module 'axi_crossbar_v2_1_16_si_transactor__parameterized1' (98#1) [d:/ProgramEnvironment/vivado2017/system_aes/system_aes.srcs/sources_1/bd/design_1/ipshared/c631/hdl/axi_crossbar_v2_1_vl_rfs.v:3798]
INFO: [Synth 8-638] synthesizing module 'axi_crossbar_v2_1_16_si_transactor__parameterized2' [d:/ProgramEnvironment/vivado2017/system_aes/system_aes.srcs/sources_1/bd/design_1/ipshared/c631/hdl/axi_crossbar_v2_1_vl_rfs.v:3798]
	Parameter C_FAMILY bound to: zynq - type: string 
	Parameter C_SI bound to: 1 - type: integer 
	Parameter C_DIR bound to: 0 - type: integer 
	Parameter C_NUM_ADDR_RANGES bound to: 1 - type: integer 
	Parameter C_NUM_M bound to: 2 - type: integer 
	Parameter C_NUM_M_LOG bound to: 1 - type: integer 
	Parameter C_ACCEPTANCE bound to: 2 - type: integer 
	Parameter C_ACCEPTANCE_LOG bound to: 1 - type: integer 
	Parameter C_ID_WIDTH bound to: 2 - type: integer 
	Parameter C_THREAD_ID_WIDTH bound to: 1 - type: integer 
	Parameter C_ADDR_WIDTH bound to: 32 - type: integer 
	Parameter C_AMESG_WIDTH bound to: 11 - type: integer 
	Parameter C_RMESG_WIDTH bound to: 3 - type: integer 
	Parameter C_BASE_ID bound to: 2'b10 
	Parameter C_HIGH_ID bound to: 2'b11 
	Parameter C_BASE_ADDR bound to: 128'b00000000000000000000000000000000010000000000000000000000000000000000000000000000000000000000000001000000000000010000000000000000 
	Parameter C_HIGH_ADDR bound to: 128'b00000000000000000000000000000000010000000000000011111111111111110000000000000000000000000000000001000000000000011111111111111111 
	Parameter C_SINGLE_THREAD bound to: 0 - type: integer 
	Parameter C_TARGET_QUAL bound to: 2'b11 
	Parameter C_M_AXI_SECURE bound to: 64'b0000000000000000000000000000000000000000000000000000000000000000 
	Parameter C_RANGE_CHECK bound to: 1 - type: integer 
	Parameter C_ADDR_DECODE bound to: 1 - type: integer 
	Parameter C_ERR_MODE bound to: 64'b0000000000000000000000000000000000000000000000000000000000000000 
	Parameter C_DEBUG bound to: 1 - type: integer 
	Parameter P_WRITE bound to: 0 - type: integer 
	Parameter P_READ bound to: 1 - type: integer 
	Parameter P_RMUX_MESG_WIDTH bound to: 6 - type: integer 
	Parameter P_AXILITE_ERRMODE bound to: 1 - type: integer 
	Parameter P_NONSECURE_BIT bound to: 1 - type: integer 
	Parameter P_NUM_M_LOG_M1 bound to: 1 - type: integer 
	Parameter P_M_AXILITE bound to: 2'b00 
	Parameter P_FIXED bound to: 2'b00 
	Parameter P_NUM_M_DE_LOG bound to: 2 - type: integer 
	Parameter P_THREAD_ID_WIDTH_M1 bound to: 1 - type: integer 
	Parameter P_NUM_ID_VAL bound to: 2 - type: integer 
	Parameter P_NUM_THREADS bound to: 2 - type: integer 
	Parameter P_M_SECURE_MASK bound to: 2'b00 
WARNING: [Synth 8-6014] Unused sequential element gen_multi_thread.debug_r_beat_cnt_i_reg was removed.  [d:/ProgramEnvironment/vivado2017/system_aes/system_aes.srcs/sources_1/bd/design_1/ipshared/c631/hdl/axi_crossbar_v2_1_vl_rfs.v:4344]
WARNING: [Synth 8-6014] Unused sequential element gen_multi_thread.debug_r_beat_cnt_i_reg was removed.  [d:/ProgramEnvironment/vivado2017/system_aes/system_aes.srcs/sources_1/bd/design_1/ipshared/c631/hdl/axi_crossbar_v2_1_vl_rfs.v:4344]
INFO: [Synth 8-256] done synthesizing module 'axi_crossbar_v2_1_16_si_transactor__parameterized2' (98#1) [d:/ProgramEnvironment/vivado2017/system_aes/system_aes.srcs/sources_1/bd/design_1/ipshared/c631/hdl/axi_crossbar_v2_1_vl_rfs.v:3798]
INFO: [Synth 8-638] synthesizing module 'axi_crossbar_v2_1_16_wdata_router__parameterized0' [d:/ProgramEnvironment/vivado2017/system_aes/system_aes.srcs/sources_1/bd/design_1/ipshared/c631/hdl/axi_crossbar_v2_1_vl_rfs.v:4734]
	Parameter C_FAMILY bound to: zynq - type: string 
	Parameter C_WMESG_WIDTH bound to: 146 - type: integer 
	Parameter C_NUM_MASTER_SLOTS bound to: 3 - type: integer 
	Parameter C_SELECT_WIDTH bound to: 2 - type: integer 
	Parameter C_FIFO_DEPTH_LOG bound to: 1 - type: integer 
	Parameter P_FIFO_DEPTH_LOG bound to: 1 - type: integer 
INFO: [Synth 8-638] synthesizing module 'axi_data_fifo_v2_1_14_axic_reg_srl_fifo__parameterized0' [d:/ProgramEnvironment/vivado2017/system_aes/system_aes.srcs/sources_1/bd/design_1/ipshared/9909/hdl/axi_data_fifo_v2_1_vl_rfs.v:889]
	Parameter C_FAMILY bound to: zynq - type: string 
	Parameter C_FIFO_WIDTH bound to: 2 - type: integer 
	Parameter C_MAX_CTRL_FANOUT bound to: 33 - type: integer 
	Parameter C_FIFO_DEPTH_LOG bound to: 1 - type: integer 
	Parameter C_USE_FULL bound to: 1 - type: integer 
	Parameter P_FIFO_DEPTH_LOG bound to: 2 - type: integer 
	Parameter P_EMPTY bound to: 2'b11 
	Parameter P_ALMOSTEMPTY bound to: 2'b00 
	Parameter P_ALMOSTFULL_TEMP bound to: 3'b110 
	Parameter P_ALMOSTFULL bound to: 2'b10 
	Parameter P_NUM_REPS bound to: 1 - type: integer 
	Parameter ZERO bound to: 2'b10 
	Parameter ONE bound to: 2'b11 
	Parameter TWO bound to: 2'b01 
INFO: [Synth 8-155] case statement is not full and has no default [d:/ProgramEnvironment/vivado2017/system_aes/system_aes.srcs/sources_1/bd/design_1/ipshared/9909/hdl/axi_data_fifo_v2_1_vl_rfs.v:986]
INFO: [Synth 8-256] done synthesizing module 'axi_data_fifo_v2_1_14_axic_reg_srl_fifo__parameterized0' (98#1) [d:/ProgramEnvironment/vivado2017/system_aes/system_aes.srcs/sources_1/bd/design_1/ipshared/9909/hdl/axi_data_fifo_v2_1_vl_rfs.v:889]
INFO: [Synth 8-256] done synthesizing module 'axi_crossbar_v2_1_16_wdata_router__parameterized0' (98#1) [d:/ProgramEnvironment/vivado2017/system_aes/system_aes.srcs/sources_1/bd/design_1/ipshared/c631/hdl/axi_crossbar_v2_1_vl_rfs.v:4734]
INFO: [Synth 8-638] synthesizing module 'axi_crossbar_v2_1_16_addr_decoder__parameterized0' [d:/ProgramEnvironment/vivado2017/system_aes/system_aes.srcs/sources_1/bd/design_1/ipshared/c631/hdl/axi_crossbar_v2_1_vl_rfs.v:794]
	Parameter C_FAMILY bound to: zynq - type: string 
	Parameter C_NUM_TARGETS bound to: 2 - type: integer 
	Parameter C_NUM_TARGETS_LOG bound to: 1 - type: integer 
	Parameter C_NUM_RANGES bound to: 1 - type: integer 
	Parameter C_ADDR_WIDTH bound to: 2 - type: integer 
	Parameter C_TARGET_ENC bound to: 1 - type: integer 
	Parameter C_TARGET_HOT bound to: 1 - type: integer 
	Parameter C_REGION_ENC bound to: 0 - type: integer 
	Parameter C_BASE_ADDR bound to: 128'b00000000000000000000000000000000000000000000000000000000000000100000000000000000000000000000000000000000000000000000000000000000 
	Parameter C_HIGH_ADDR bound to: 128'b00000000000000000000000000000000000000000000000000000000000000110000000000000000000000000000000000000000000000000000000000000000 
	Parameter C_TARGET_QUAL bound to: 3'b011 
	Parameter C_RESOLUTION bound to: 0 - type: integer 
	Parameter C_COMPARATOR_THRESHOLD bound to: 6 - type: integer 
INFO: [Synth 8-256] done synthesizing module 'axi_crossbar_v2_1_16_addr_decoder__parameterized0' (98#1) [d:/ProgramEnvironment/vivado2017/system_aes/system_aes.srcs/sources_1/bd/design_1/ipshared/c631/hdl/axi_crossbar_v2_1_vl_rfs.v:794]
INFO: [Synth 8-638] synthesizing module 'axi_data_fifo_v2_1_14_axic_srl_fifo__parameterized1' [d:/ProgramEnvironment/vivado2017/system_aes/system_aes.srcs/sources_1/bd/design_1/ipshared/9909/hdl/axi_data_fifo_v2_1_vl_rfs.v:698]
	Parameter C_FAMILY bound to: zynq - type: string 
	Parameter C_FIFO_WIDTH bound to: 8 - type: integer 
	Parameter C_MAX_CTRL_FANOUT bound to: 33 - type: integer 
	Parameter C_FIFO_DEPTH_LOG bound to: 3 - type: integer 
	Parameter C_USE_FULL bound to: 0 - type: integer 
	Parameter P_FIFO_DEPTH_LOG bound to: 3 - type: integer 
	Parameter P_EMPTY bound to: 3'b111 
	Parameter P_ALMOSTEMPTY bound to: 3'b000 
	Parameter P_ALMOSTFULL_TEMP bound to: 4'b1110 
	Parameter P_ALMOSTFULL bound to: 3'b110 
	Parameter P_NUM_REPS bound to: 1 - type: integer 
WARNING: [Synth 8-6014] Unused sequential element areset_d1_reg was removed.  [d:/ProgramEnvironment/vivado2017/system_aes/system_aes.srcs/sources_1/bd/design_1/ipshared/9909/hdl/axi_data_fifo_v2_1_vl_rfs.v:750]
WARNING: [Synth 8-6014] Unused sequential element S_READY_i_reg was removed.  [d:/ProgramEnvironment/vivado2017/system_aes/system_aes.srcs/sources_1/bd/design_1/ipshared/9909/hdl/axi_data_fifo_v2_1_vl_rfs.v:789]
INFO: [Synth 8-256] done synthesizing module 'axi_data_fifo_v2_1_14_axic_srl_fifo__parameterized1' (98#1) [d:/ProgramEnvironment/vivado2017/system_aes/system_aes.srcs/sources_1/bd/design_1/ipshared/9909/hdl/axi_data_fifo_v2_1_vl_rfs.v:698]
INFO: [Synth 8-638] synthesizing module 'axi_crossbar_v2_1_16_wdata_mux' [d:/ProgramEnvironment/vivado2017/system_aes/system_aes.srcs/sources_1/bd/design_1/ipshared/c631/hdl/axi_crossbar_v2_1_vl_rfs.v:4559]
	Parameter C_FAMILY bound to: zynq - type: string 
	Parameter C_WMESG_WIDTH bound to: 146 - type: integer 
	Parameter C_NUM_SLAVE_SLOTS bound to: 2 - type: integer 
	Parameter C_SELECT_WIDTH bound to: 1 - type: integer 
	Parameter C_FIFO_DEPTH_LOG bound to: 3 - type: integer 
	Parameter P_FIFO_DEPTH_LOG bound to: 3 - type: integer 
INFO: [Synth 8-638] synthesizing module 'axi_data_fifo_v2_1_14_axic_reg_srl_fifo__parameterized1' [d:/ProgramEnvironment/vivado2017/system_aes/system_aes.srcs/sources_1/bd/design_1/ipshared/9909/hdl/axi_data_fifo_v2_1_vl_rfs.v:889]
	Parameter C_FAMILY bound to: zynq - type: string 
	Parameter C_FIFO_WIDTH bound to: 1 - type: integer 
	Parameter C_MAX_CTRL_FANOUT bound to: 33 - type: integer 
	Parameter C_FIFO_DEPTH_LOG bound to: 3 - type: integer 
	Parameter C_USE_FULL bound to: 0 - type: integer 
	Parameter P_FIFO_DEPTH_LOG bound to: 3 - type: integer 
	Parameter P_EMPTY bound to: 3'b111 
	Parameter P_ALMOSTEMPTY bound to: 3'b000 
	Parameter P_ALMOSTFULL_TEMP bound to: 4'b1110 
	Parameter P_ALMOSTFULL bound to: 3'b110 
	Parameter P_NUM_REPS bound to: 1 - type: integer 
	Parameter ZERO bound to: 2'b10 
	Parameter ONE bound to: 2'b11 
	Parameter TWO bound to: 2'b01 
INFO: [Synth 8-155] case statement is not full and has no default [d:/ProgramEnvironment/vivado2017/system_aes/system_aes.srcs/sources_1/bd/design_1/ipshared/9909/hdl/axi_data_fifo_v2_1_vl_rfs.v:986]
WARNING: [Synth 8-6014] Unused sequential element s_ready_i_reg was removed.  [d:/ProgramEnvironment/vivado2017/system_aes/system_aes.srcs/sources_1/bd/design_1/ipshared/9909/hdl/axi_data_fifo_v2_1_vl_rfs.v:1038]
INFO: [Synth 8-256] done synthesizing module 'axi_data_fifo_v2_1_14_axic_reg_srl_fifo__parameterized1' (98#1) [d:/ProgramEnvironment/vivado2017/system_aes/system_aes.srcs/sources_1/bd/design_1/ipshared/9909/hdl/axi_data_fifo_v2_1_vl_rfs.v:889]
INFO: [Synth 8-638] synthesizing module 'generic_baseblocks_v2_1_0_mux_enc__parameterized1' [d:/ProgramEnvironment/vivado2017/system_aes/system_aes.srcs/sources_1/bd/design_1/ipshared/b752/hdl/generic_baseblocks_v2_1_vl_rfs.v:2452]
	Parameter C_FAMILY bound to: rtl - type: string 
	Parameter C_RATIO bound to: 2 - type: integer 
	Parameter C_SEL_WIDTH bound to: 1 - type: integer 
	Parameter C_DATA_WIDTH bound to: 146 - type: integer 
INFO: [Synth 8-256] done synthesizing module 'generic_baseblocks_v2_1_0_mux_enc__parameterized1' (98#1) [d:/ProgramEnvironment/vivado2017/system_aes/system_aes.srcs/sources_1/bd/design_1/ipshared/b752/hdl/generic_baseblocks_v2_1_vl_rfs.v:2452]
INFO: [Synth 8-256] done synthesizing module 'axi_crossbar_v2_1_16_wdata_mux' (99#1) [d:/ProgramEnvironment/vivado2017/system_aes/system_aes.srcs/sources_1/bd/design_1/ipshared/c631/hdl/axi_crossbar_v2_1_vl_rfs.v:4559]
INFO: [Synth 8-638] synthesizing module 'axi_register_slice_v2_1_15_axi_register_slice__parameterized3' [d:/ProgramEnvironment/vivado2017/system_aes/system_aes.srcs/sources_1/bd/design_1/ipshared/3ed1/hdl/axi_register_slice_v2_1_vl_rfs.v:2300]
	Parameter C_FAMILY bound to: zynq - type: string 
	Parameter C_AXI_PROTOCOL bound to: 0 - type: integer 
	Parameter C_AXI_ID_WIDTH bound to: 2 - type: integer 
	Parameter C_AXI_ADDR_WIDTH bound to: 1 - type: integer 
	Parameter C_AXI_DATA_WIDTH bound to: 128 - type: integer 
	Parameter C_AXI_SUPPORTS_USER_SIGNALS bound to: 1 - type: integer 
	Parameter C_AXI_AWUSER_WIDTH bound to: 1 - type: integer 
	Parameter C_AXI_ARUSER_WIDTH bound to: 1 - type: integer 
	Parameter C_AXI_WUSER_WIDTH bound to: 1 - type: integer 
	Parameter C_AXI_RUSER_WIDTH bound to: 1 - type: integer 
	Parameter C_AXI_BUSER_WIDTH bound to: 1 - type: integer 
	Parameter C_REG_CONFIG_AW bound to: 0 - type: integer 
	Parameter C_REG_CONFIG_W bound to: 0 - type: integer 
	Parameter C_REG_CONFIG_B bound to: 7 - type: integer 
	Parameter C_REG_CONFIG_AR bound to: 0 - type: integer 
	Parameter C_REG_CONFIG_R bound to: 1 - type: integer 
	Parameter C_NUM_SLR_CROSSINGS bound to: 0 - type: integer 
	Parameter C_PIPELINES_MASTER_AW bound to: 0 - type: integer 
	Parameter C_PIPELINES_MASTER_W bound to: 0 - type: integer 
	Parameter C_PIPELINES_MASTER_B bound to: 0 - type: integer 
	Parameter C_PIPELINES_MASTER_AR bound to: 0 - type: integer 
	Parameter C_PIPELINES_MASTER_R bound to: 0 - type: integer 
	Parameter C_PIPELINES_SLAVE_AW bound to: 0 - type: integer 
	Parameter C_PIPELINES_SLAVE_W bound to: 0 - type: integer 
	Parameter C_PIPELINES_SLAVE_B bound to: 0 - type: integer 
	Parameter C_PIPELINES_SLAVE_AR bound to: 0 - type: integer 
	Parameter C_PIPELINES_SLAVE_R bound to: 0 - type: integer 
	Parameter C_PIPELINES_MIDDLE_AW bound to: 0 - type: integer 
	Parameter C_PIPELINES_MIDDLE_W bound to: 0 - type: integer 
	Parameter C_PIPELINES_MIDDLE_B bound to: 0 - type: integer 
	Parameter C_PIPELINES_MIDDLE_AR bound to: 0 - type: integer 
	Parameter C_PIPELINES_MIDDLE_R bound to: 0 - type: integer 
	Parameter C_AXI_SUPPORTS_REGION_SIGNALS bound to: 1 - type: integer 
	Parameter P_FORWARD bound to: 0 - type: integer 
	Parameter P_RESPONSE bound to: 1 - type: integer 
	Parameter G_AXI_AWADDR_INDEX bound to: 0 - type: integer 
	Parameter G_AXI_AWADDR_WIDTH bound to: 1 - type: integer 
	Parameter G_AXI_AWPROT_INDEX bound to: 1 - type: integer 
	Parameter G_AXI_AWPROT_WIDTH bound to: 3 - type: integer 
	Parameter G_AXI_AWSIZE_INDEX bound to: 4 - type: integer 
	Parameter G_AXI_AWSIZE_WIDTH bound to: 3 - type: integer 
	Parameter G_AXI_AWBURST_INDEX bound to: 7 - type: integer 
	Parameter G_AXI_AWBURST_WIDTH bound to: 2 - type: integer 
	Parameter G_AXI_AWCACHE_INDEX bound to: 9 - type: integer 
	Parameter G_AXI_AWCACHE_WIDTH bound to: 4 - type: integer 
	Parameter G_AXI_AWLEN_INDEX bound to: 13 - type: integer 
	Parameter G_AXI_AWLEN_WIDTH bound to: 8 - type: integer 
	Parameter G_AXI_AWLOCK_INDEX bound to: 21 - type: integer 
	Parameter G_AXI_AWLOCK_WIDTH bound to: 1 - type: integer 
	Parameter G_AXI_AWID_INDEX bound to: 22 - type: integer 
	Parameter G_AXI_AWID_WIDTH bound to: 2 - type: integer 
	Parameter G_AXI_AWQOS_INDEX bound to: 24 - type: integer 
	Parameter G_AXI_AWQOS_WIDTH bound to: 4 - type: integer 
	Parameter G_AXI_AWREGION_INDEX bound to: 28 - type: integer 
	Parameter G_AXI_AWREGION_WIDTH bound to: 4 - type: integer 
	Parameter G_AXI_AWUSER_INDEX bound to: 32 - type: integer 
	Parameter G_AXI_AWUSER_WIDTH bound to: 1 - type: integer 
	Parameter G_AXI_AWPAYLOAD_WIDTH bound to: 33 - type: integer 
	Parameter G_AXI_ARADDR_INDEX bound to: 0 - type: integer 
	Parameter G_AXI_ARADDR_WIDTH bound to: 1 - type: integer 
	Parameter G_AXI_ARPROT_INDEX bound to: 1 - type: integer 
	Parameter G_AXI_ARPROT_WIDTH bound to: 3 - type: integer 
	Parameter G_AXI_ARSIZE_INDEX bound to: 4 - type: integer 
	Parameter G_AXI_ARSIZE_WIDTH bound to: 3 - type: integer 
	Parameter G_AXI_ARBURST_INDEX bound to: 7 - type: integer 
	Parameter G_AXI_ARBURST_WIDTH bound to: 2 - type: integer 
	Parameter G_AXI_ARCACHE_INDEX bound to: 9 - type: integer 
	Parameter G_AXI_ARCACHE_WIDTH bound to: 4 - type: integer 
	Parameter G_AXI_ARLEN_INDEX bound to: 13 - type: integer 
	Parameter G_AXI_ARLEN_WIDTH bound to: 8 - type: integer 
	Parameter G_AXI_ARLOCK_INDEX bound to: 21 - type: integer 
	Parameter G_AXI_ARLOCK_WIDTH bound to: 1 - type: integer 
	Parameter G_AXI_ARID_INDEX bound to: 22 - type: integer 
	Parameter G_AXI_ARID_WIDTH bound to: 2 - type: integer 
	Parameter G_AXI_ARQOS_INDEX bound to: 24 - type: integer 
	Parameter G_AXI_ARQOS_WIDTH bound to: 4 - type: integer 
	Parameter G_AXI_ARREGION_INDEX bound to: 28 - type: integer 
	Parameter G_AXI_ARREGION_WIDTH bound to: 4 - type: integer 
	Parameter G_AXI_ARUSER_INDEX bound to: 32 - type: integer 
	Parameter G_AXI_ARUSER_WIDTH bound to: 1 - type: integer 
	Parameter G_AXI_ARPAYLOAD_WIDTH bound to: 33 - type: integer 
	Parameter G_AXI_WDATA_INDEX bound to: 0 - type: integer 
	Parameter G_AXI_WDATA_WIDTH bound to: 128 - type: integer 
	Parameter G_AXI_WSTRB_INDEX bound to: 128 - type: integer 
	Parameter G_AXI_WSTRB_WIDTH bound to: 16 - type: integer 
	Parameter G_AXI_WLAST_INDEX bound to: 144 - type: integer 
	Parameter G_AXI_WLAST_WIDTH bound to: 1 - type: integer 
	Parameter G_AXI_WID_INDEX bound to: 145 - type: integer 
	Parameter G_AXI_WID_WIDTH bound to: 0 - type: integer 
	Parameter G_AXI_WUSER_INDEX bound to: 145 - type: integer 
	Parameter G_AXI_WUSER_WIDTH bound to: 1 - type: integer 
	Parameter G_AXI_WPAYLOAD_WIDTH bound to: 146 - type: integer 
	Parameter G_AXI_BRESP_INDEX bound to: 0 - type: integer 
	Parameter G_AXI_BRESP_WIDTH bound to: 2 - type: integer 
	Parameter G_AXI_BID_INDEX bound to: 2 - type: integer 
	Parameter G_AXI_BID_WIDTH bound to: 2 - type: integer 
	Parameter G_AXI_BUSER_INDEX bound to: 4 - type: integer 
	Parameter G_AXI_BUSER_WIDTH bound to: 1 - type: integer 
	Parameter G_AXI_BPAYLOAD_WIDTH bound to: 5 - type: integer 
	Parameter G_AXI_RDATA_INDEX bound to: 0 - type: integer 
	Parameter G_AXI_RDATA_WIDTH bound to: 128 - type: integer 
	Parameter G_AXI_RRESP_INDEX bound to: 128 - type: integer 
	Parameter G_AXI_RRESP_WIDTH bound to: 2 - type: integer 
	Parameter G_AXI_RLAST_INDEX bound to: 130 - type: integer 
	Parameter G_AXI_RLAST_WIDTH bound to: 1 - type: integer 
	Parameter G_AXI_RID_INDEX bound to: 131 - type: integer 
	Parameter G_AXI_RID_WIDTH bound to: 2 - type: integer 
	Parameter G_AXI_RUSER_INDEX bound to: 133 - type: integer 
	Parameter G_AXI_RUSER_WIDTH bound to: 1 - type: integer 
	Parameter G_AXI_RPAYLOAD_WIDTH bound to: 134 - type: integer 
INFO: [Synth 8-638] synthesizing module 'axi_register_slice_v2_1_15_axic_register_slice__parameterized15' [d:/ProgramEnvironment/vivado2017/system_aes/system_aes.srcs/sources_1/bd/design_1/ipshared/3ed1/hdl/axi_register_slice_v2_1_vl_rfs.v:189]
	Parameter C_FAMILY bound to: zynq - type: string 
	Parameter C_DATA_WIDTH bound to: 33 - type: integer 
	Parameter C_REG_CONFIG bound to: 0 - type: integer 
INFO: [Synth 8-256] done synthesizing module 'axi_register_slice_v2_1_15_axic_register_slice__parameterized15' (99#1) [d:/ProgramEnvironment/vivado2017/system_aes/system_aes.srcs/sources_1/bd/design_1/ipshared/3ed1/hdl/axi_register_slice_v2_1_vl_rfs.v:189]
INFO: [Synth 8-638] synthesizing module 'axi_register_slice_v2_1_15_axic_register_slice__parameterized16' [d:/ProgramEnvironment/vivado2017/system_aes/system_aes.srcs/sources_1/bd/design_1/ipshared/3ed1/hdl/axi_register_slice_v2_1_vl_rfs.v:189]
	Parameter C_FAMILY bound to: zynq - type: string 
	Parameter C_DATA_WIDTH bound to: 146 - type: integer 
	Parameter C_REG_CONFIG bound to: 0 - type: integer 
INFO: [Synth 8-256] done synthesizing module 'axi_register_slice_v2_1_15_axic_register_slice__parameterized16' (99#1) [d:/ProgramEnvironment/vivado2017/system_aes/system_aes.srcs/sources_1/bd/design_1/ipshared/3ed1/hdl/axi_register_slice_v2_1_vl_rfs.v:189]
INFO: [Synth 8-638] synthesizing module 'axi_register_slice_v2_1_15_axic_register_slice__parameterized17' [d:/ProgramEnvironment/vivado2017/system_aes/system_aes.srcs/sources_1/bd/design_1/ipshared/3ed1/hdl/axi_register_slice_v2_1_vl_rfs.v:189]
	Parameter C_FAMILY bound to: zynq - type: string 
	Parameter C_DATA_WIDTH bound to: 5 - type: integer 
	Parameter C_REG_CONFIG bound to: 7 - type: integer 
INFO: [Synth 8-256] done synthesizing module 'axi_register_slice_v2_1_15_axic_register_slice__parameterized17' (99#1) [d:/ProgramEnvironment/vivado2017/system_aes/system_aes.srcs/sources_1/bd/design_1/ipshared/3ed1/hdl/axi_register_slice_v2_1_vl_rfs.v:189]
INFO: [Synth 8-638] synthesizing module 'axi_register_slice_v2_1_15_axic_register_slice__parameterized18' [d:/ProgramEnvironment/vivado2017/system_aes/system_aes.srcs/sources_1/bd/design_1/ipshared/3ed1/hdl/axi_register_slice_v2_1_vl_rfs.v:189]
	Parameter C_FAMILY bound to: zynq - type: string 
	Parameter C_DATA_WIDTH bound to: 134 - type: integer 
	Parameter C_REG_CONFIG bound to: 1 - type: integer 
INFO: [Synth 8-256] done synthesizing module 'axi_register_slice_v2_1_15_axic_register_slice__parameterized18' (99#1) [d:/ProgramEnvironment/vivado2017/system_aes/system_aes.srcs/sources_1/bd/design_1/ipshared/3ed1/hdl/axi_register_slice_v2_1_vl_rfs.v:189]
INFO: [Synth 8-638] synthesizing module 'axi_infrastructure_v1_1_0_axi2vector__parameterized3' [d:/ProgramEnvironment/vivado2017/system_aes/system_aes.srcs/sources_1/bd/design_1/ipshared/ec67/hdl/axi_infrastructure_v1_1_vl_rfs.v:60]
	Parameter C_AXI_PROTOCOL bound to: 0 - type: integer 
	Parameter C_AXI_ID_WIDTH bound to: 2 - type: integer 
	Parameter C_AXI_ADDR_WIDTH bound to: 1 - type: integer 
	Parameter C_AXI_DATA_WIDTH bound to: 128 - type: integer 
	Parameter C_AXI_SUPPORTS_USER_SIGNALS bound to: 1 - type: integer 
	Parameter C_AXI_SUPPORTS_REGION_SIGNALS bound to: 1 - type: integer 
	Parameter C_AXI_AWUSER_WIDTH bound to: 1 - type: integer 
	Parameter C_AXI_WUSER_WIDTH bound to: 1 - type: integer 
	Parameter C_AXI_BUSER_WIDTH bound to: 1 - type: integer 
	Parameter C_AXI_ARUSER_WIDTH bound to: 1 - type: integer 
	Parameter C_AXI_RUSER_WIDTH bound to: 1 - type: integer 
	Parameter C_AWPAYLOAD_WIDTH bound to: 33 - type: integer 
	Parameter C_WPAYLOAD_WIDTH bound to: 146 - type: integer 
	Parameter C_BPAYLOAD_WIDTH bound to: 5 - type: integer 
	Parameter C_ARPAYLOAD_WIDTH bound to: 33 - type: integer 
	Parameter C_RPAYLOAD_WIDTH bound to: 134 - type: integer 
	Parameter G_AXI_AWADDR_INDEX bound to: 0 - type: integer 
	Parameter G_AXI_AWADDR_WIDTH bound to: 1 - type: integer 
	Parameter G_AXI_AWPROT_INDEX bound to: 1 - type: integer 
	Parameter G_AXI_AWPROT_WIDTH bound to: 3 - type: integer 
	Parameter G_AXI_AWSIZE_INDEX bound to: 4 - type: integer 
	Parameter G_AXI_AWSIZE_WIDTH bound to: 3 - type: integer 
	Parameter G_AXI_AWBURST_INDEX bound to: 7 - type: integer 
	Parameter G_AXI_AWBURST_WIDTH bound to: 2 - type: integer 
	Parameter G_AXI_AWCACHE_INDEX bound to: 9 - type: integer 
	Parameter G_AXI_AWCACHE_WIDTH bound to: 4 - type: integer 
	Parameter G_AXI_AWLEN_INDEX bound to: 13 - type: integer 
	Parameter G_AXI_AWLEN_WIDTH bound to: 8 - type: integer 
	Parameter G_AXI_AWLOCK_INDEX bound to: 21 - type: integer 
	Parameter G_AXI_AWLOCK_WIDTH bound to: 1 - type: integer 
	Parameter G_AXI_AWID_INDEX bound to: 22 - type: integer 
	Parameter G_AXI_AWID_WIDTH bound to: 2 - type: integer 
	Parameter G_AXI_AWQOS_INDEX bound to: 24 - type: integer 
	Parameter G_AXI_AWQOS_WIDTH bound to: 4 - type: integer 
	Parameter G_AXI_AWREGION_INDEX bound to: 28 - type: integer 
	Parameter G_AXI_AWREGION_WIDTH bound to: 4 - type: integer 
	Parameter G_AXI_AWUSER_INDEX bound to: 32 - type: integer 
	Parameter G_AXI_AWUSER_WIDTH bound to: 1 - type: integer 
	Parameter G_AXI_AWPAYLOAD_WIDTH bound to: 33 - type: integer 
	Parameter G_AXI_ARADDR_INDEX bound to: 0 - type: integer 
	Parameter G_AXI_ARADDR_WIDTH bound to: 1 - type: integer 
	Parameter G_AXI_ARPROT_INDEX bound to: 1 - type: integer 
	Parameter G_AXI_ARPROT_WIDTH bound to: 3 - type: integer 
	Parameter G_AXI_ARSIZE_INDEX bound to: 4 - type: integer 
	Parameter G_AXI_ARSIZE_WIDTH bound to: 3 - type: integer 
	Parameter G_AXI_ARBURST_INDEX bound to: 7 - type: integer 
	Parameter G_AXI_ARBURST_WIDTH bound to: 2 - type: integer 
	Parameter G_AXI_ARCACHE_INDEX bound to: 9 - type: integer 
	Parameter G_AXI_ARCACHE_WIDTH bound to: 4 - type: integer 
	Parameter G_AXI_ARLEN_INDEX bound to: 13 - type: integer 
	Parameter G_AXI_ARLEN_WIDTH bound to: 8 - type: integer 
	Parameter G_AXI_ARLOCK_INDEX bound to: 21 - type: integer 
	Parameter G_AXI_ARLOCK_WIDTH bound to: 1 - type: integer 
	Parameter G_AXI_ARID_INDEX bound to: 22 - type: integer 
	Parameter G_AXI_ARID_WIDTH bound to: 2 - type: integer 
	Parameter G_AXI_ARQOS_INDEX bound to: 24 - type: integer 
	Parameter G_AXI_ARQOS_WIDTH bound to: 4 - type: integer 
	Parameter G_AXI_ARREGION_INDEX bound to: 28 - type: integer 
	Parameter G_AXI_ARREGION_WIDTH bound to: 4 - type: integer 
	Parameter G_AXI_ARUSER_INDEX bound to: 32 - type: integer 
	Parameter G_AXI_ARUSER_WIDTH bound to: 1 - type: integer 
	Parameter G_AXI_ARPAYLOAD_WIDTH bound to: 33 - type: integer 
	Parameter G_AXI_WDATA_INDEX bound to: 0 - type: integer 
	Parameter G_AXI_WDATA_WIDTH bound to: 128 - type: integer 
	Parameter G_AXI_WSTRB_INDEX bound to: 128 - type: integer 
	Parameter G_AXI_WSTRB_WIDTH bound to: 16 - type: integer 
	Parameter G_AXI_WLAST_INDEX bound to: 144 - type: integer 
	Parameter G_AXI_WLAST_WIDTH bound to: 1 - type: integer 
	Parameter G_AXI_WID_INDEX bound to: 145 - type: integer 
	Parameter G_AXI_WID_WIDTH bound to: 0 - type: integer 
	Parameter G_AXI_WUSER_INDEX bound to: 145 - type: integer 
	Parameter G_AXI_WUSER_WIDTH bound to: 1 - type: integer 
	Parameter G_AXI_WPAYLOAD_WIDTH bound to: 146 - type: integer 
	Parameter G_AXI_BRESP_INDEX bound to: 0 - type: integer 
	Parameter G_AXI_BRESP_WIDTH bound to: 2 - type: integer 
	Parameter G_AXI_BID_INDEX bound to: 2 - type: integer 
	Parameter G_AXI_BID_WIDTH bound to: 2 - type: integer 
	Parameter G_AXI_BUSER_INDEX bound to: 4 - type: integer 
	Parameter G_AXI_BUSER_WIDTH bound to: 1 - type: integer 
	Parameter G_AXI_BPAYLOAD_WIDTH bound to: 5 - type: integer 
	Parameter G_AXI_RDATA_INDEX bound to: 0 - type: integer 
	Parameter G_AXI_RDATA_WIDTH bound to: 128 - type: integer 
	Parameter G_AXI_RRESP_INDEX bound to: 128 - type: integer 
	Parameter G_AXI_RRESP_WIDTH bound to: 2 - type: integer 
	Parameter G_AXI_RLAST_INDEX bound to: 130 - type: integer 
	Parameter G_AXI_RLAST_WIDTH bound to: 1 - type: integer 
	Parameter G_AXI_RID_INDEX bound to: 131 - type: integer 
	Parameter G_AXI_RID_WIDTH bound to: 2 - type: integer 
	Parameter G_AXI_RUSER_INDEX bound to: 133 - type: integer 
	Parameter G_AXI_RUSER_WIDTH bound to: 1 - type: integer 
	Parameter G_AXI_RPAYLOAD_WIDTH bound to: 134 - type: integer 
INFO: [Synth 8-256] done synthesizing module 'axi_infrastructure_v1_1_0_axi2vector__parameterized3' (99#1) [d:/ProgramEnvironment/vivado2017/system_aes/system_aes.srcs/sources_1/bd/design_1/ipshared/ec67/hdl/axi_infrastructure_v1_1_vl_rfs.v:60]
INFO: [Synth 8-638] synthesizing module 'axi_infrastructure_v1_1_0_vector2axi__parameterized3' [d:/ProgramEnvironment/vivado2017/system_aes/system_aes.srcs/sources_1/bd/design_1/ipshared/ec67/hdl/axi_infrastructure_v1_1_vl_rfs.v:474]
	Parameter C_AXI_PROTOCOL bound to: 0 - type: integer 
	Parameter C_AXI_ID_WIDTH bound to: 2 - type: integer 
	Parameter C_AXI_ADDR_WIDTH bound to: 1 - type: integer 
	Parameter C_AXI_DATA_WIDTH bound to: 128 - type: integer 
	Parameter C_AXI_SUPPORTS_USER_SIGNALS bound to: 1 - type: integer 
	Parameter C_AXI_SUPPORTS_REGION_SIGNALS bound to: 1 - type: integer 
	Parameter C_AXI_AWUSER_WIDTH bound to: 1 - type: integer 
	Parameter C_AXI_WUSER_WIDTH bound to: 1 - type: integer 
	Parameter C_AXI_BUSER_WIDTH bound to: 1 - type: integer 
	Parameter C_AXI_ARUSER_WIDTH bound to: 1 - type: integer 
	Parameter C_AXI_RUSER_WIDTH bound to: 1 - type: integer 
	Parameter C_AWPAYLOAD_WIDTH bound to: 33 - type: integer 
	Parameter C_WPAYLOAD_WIDTH bound to: 146 - type: integer 
	Parameter C_BPAYLOAD_WIDTH bound to: 5 - type: integer 
	Parameter C_ARPAYLOAD_WIDTH bound to: 33 - type: integer 
	Parameter C_RPAYLOAD_WIDTH bound to: 134 - type: integer 
	Parameter G_AXI_AWADDR_INDEX bound to: 0 - type: integer 
	Parameter G_AXI_AWADDR_WIDTH bound to: 1 - type: integer 
	Parameter G_AXI_AWPROT_INDEX bound to: 1 - type: integer 
	Parameter G_AXI_AWPROT_WIDTH bound to: 3 - type: integer 
	Parameter G_AXI_AWSIZE_INDEX bound to: 4 - type: integer 
	Parameter G_AXI_AWSIZE_WIDTH bound to: 3 - type: integer 
	Parameter G_AXI_AWBURST_INDEX bound to: 7 - type: integer 
	Parameter G_AXI_AWBURST_WIDTH bound to: 2 - type: integer 
	Parameter G_AXI_AWCACHE_INDEX bound to: 9 - type: integer 
	Parameter G_AXI_AWCACHE_WIDTH bound to: 4 - type: integer 
	Parameter G_AXI_AWLEN_INDEX bound to: 13 - type: integer 
	Parameter G_AXI_AWLEN_WIDTH bound to: 8 - type: integer 
	Parameter G_AXI_AWLOCK_INDEX bound to: 21 - type: integer 
	Parameter G_AXI_AWLOCK_WIDTH bound to: 1 - type: integer 
	Parameter G_AXI_AWID_INDEX bound to: 22 - type: integer 
	Parameter G_AXI_AWID_WIDTH bound to: 2 - type: integer 
	Parameter G_AXI_AWQOS_INDEX bound to: 24 - type: integer 
	Parameter G_AXI_AWQOS_WIDTH bound to: 4 - type: integer 
	Parameter G_AXI_AWREGION_INDEX bound to: 28 - type: integer 
	Parameter G_AXI_AWREGION_WIDTH bound to: 4 - type: integer 
	Parameter G_AXI_AWUSER_INDEX bound to: 32 - type: integer 
	Parameter G_AXI_AWUSER_WIDTH bound to: 1 - type: integer 
	Parameter G_AXI_AWPAYLOAD_WIDTH bound to: 33 - type: integer 
	Parameter G_AXI_ARADDR_INDEX bound to: 0 - type: integer 
	Parameter G_AXI_ARADDR_WIDTH bound to: 1 - type: integer 
	Parameter G_AXI_ARPROT_INDEX bound to: 1 - type: integer 
	Parameter G_AXI_ARPROT_WIDTH bound to: 3 - type: integer 
	Parameter G_AXI_ARSIZE_INDEX bound to: 4 - type: integer 
	Parameter G_AXI_ARSIZE_WIDTH bound to: 3 - type: integer 
	Parameter G_AXI_ARBURST_INDEX bound to: 7 - type: integer 
	Parameter G_AXI_ARBURST_WIDTH bound to: 2 - type: integer 
	Parameter G_AXI_ARCACHE_INDEX bound to: 9 - type: integer 
	Parameter G_AXI_ARCACHE_WIDTH bound to: 4 - type: integer 
	Parameter G_AXI_ARLEN_INDEX bound to: 13 - type: integer 
	Parameter G_AXI_ARLEN_WIDTH bound to: 8 - type: integer 
	Parameter G_AXI_ARLOCK_INDEX bound to: 21 - type: integer 
	Parameter G_AXI_ARLOCK_WIDTH bound to: 1 - type: integer 
	Parameter G_AXI_ARID_INDEX bound to: 22 - type: integer 
	Parameter G_AXI_ARID_WIDTH bound to: 2 - type: integer 
	Parameter G_AXI_ARQOS_INDEX bound to: 24 - type: integer 
	Parameter G_AXI_ARQOS_WIDTH bound to: 4 - type: integer 
	Parameter G_AXI_ARREGION_INDEX bound to: 28 - type: integer 
	Parameter G_AXI_ARREGION_WIDTH bound to: 4 - type: integer 
	Parameter G_AXI_ARUSER_INDEX bound to: 32 - type: integer 
	Parameter G_AXI_ARUSER_WIDTH bound to: 1 - type: integer 
	Parameter G_AXI_ARPAYLOAD_WIDTH bound to: 33 - type: integer 
	Parameter G_AXI_WDATA_INDEX bound to: 0 - type: integer 
	Parameter G_AXI_WDATA_WIDTH bound to: 128 - type: integer 
	Parameter G_AXI_WSTRB_INDEX bound to: 128 - type: integer 
	Parameter G_AXI_WSTRB_WIDTH bound to: 16 - type: integer 
	Parameter G_AXI_WLAST_INDEX bound to: 144 - type: integer 
	Parameter G_AXI_WLAST_WIDTH bound to: 1 - type: integer 
	Parameter G_AXI_WID_INDEX bound to: 145 - type: integer 
	Parameter G_AXI_WID_WIDTH bound to: 0 - type: integer 
	Parameter G_AXI_WUSER_INDEX bound to: 145 - type: integer 
	Parameter G_AXI_WUSER_WIDTH bound to: 1 - type: integer 
	Parameter G_AXI_WPAYLOAD_WIDTH bound to: 146 - type: integer 
	Parameter G_AXI_BRESP_INDEX bound to: 0 - type: integer 
	Parameter G_AXI_BRESP_WIDTH bound to: 2 - type: integer 
	Parameter G_AXI_BID_INDEX bound to: 2 - type: integer 
	Parameter G_AXI_BID_WIDTH bound to: 2 - type: integer 
	Parameter G_AXI_BUSER_INDEX bound to: 4 - type: integer 
	Parameter G_AXI_BUSER_WIDTH bound to: 1 - type: integer 
	Parameter G_AXI_BPAYLOAD_WIDTH bound to: 5 - type: integer 
	Parameter G_AXI_RDATA_INDEX bound to: 0 - type: integer 
	Parameter G_AXI_RDATA_WIDTH bound to: 128 - type: integer 
	Parameter G_AXI_RRESP_INDEX bound to: 128 - type: integer 
	Parameter G_AXI_RRESP_WIDTH bound to: 2 - type: integer 
	Parameter G_AXI_RLAST_INDEX bound to: 130 - type: integer 
	Parameter G_AXI_RLAST_WIDTH bound to: 1 - type: integer 
	Parameter G_AXI_RID_INDEX bound to: 131 - type: integer 
	Parameter G_AXI_RID_WIDTH bound to: 2 - type: integer 
	Parameter G_AXI_RUSER_INDEX bound to: 133 - type: integer 
	Parameter G_AXI_RUSER_WIDTH bound to: 1 - type: integer 
	Parameter G_AXI_RPAYLOAD_WIDTH bound to: 134 - type: integer 
INFO: [Synth 8-256] done synthesizing module 'axi_infrastructure_v1_1_0_vector2axi__parameterized3' (99#1) [d:/ProgramEnvironment/vivado2017/system_aes/system_aes.srcs/sources_1/bd/design_1/ipshared/ec67/hdl/axi_infrastructure_v1_1_vl_rfs.v:474]
INFO: [Synth 8-256] done synthesizing module 'axi_register_slice_v2_1_15_axi_register_slice__parameterized3' (99#1) [d:/ProgramEnvironment/vivado2017/system_aes/system_aes.srcs/sources_1/bd/design_1/ipshared/3ed1/hdl/axi_register_slice_v2_1_vl_rfs.v:2300]
WARNING: [Synth 8-350] instance 'reg_slice_mi' of module 'axi_register_slice_v2_1_15_axi_register_slice' requires 93 connections, but only 92 given [d:/ProgramEnvironment/vivado2017/system_aes/system_aes.srcs/sources_1/bd/design_1/ipshared/c631/hdl/axi_crossbar_v2_1_vl_rfs.v:3121]
WARNING: [Synth 8-350] instance 'reg_slice_mi' of module 'axi_register_slice_v2_1_15_axi_register_slice' requires 93 connections, but only 92 given [d:/ProgramEnvironment/vivado2017/system_aes/system_aes.srcs/sources_1/bd/design_1/ipshared/c631/hdl/axi_crossbar_v2_1_vl_rfs.v:3121]
INFO: [Synth 8-638] synthesizing module 'axi_data_fifo_v2_1_14_axic_srl_fifo__parameterized2' [d:/ProgramEnvironment/vivado2017/system_aes/system_aes.srcs/sources_1/bd/design_1/ipshared/9909/hdl/axi_data_fifo_v2_1_vl_rfs.v:698]
	Parameter C_FAMILY bound to: zynq - type: string 
	Parameter C_FIFO_WIDTH bound to: 8 - type: integer 
	Parameter C_MAX_CTRL_FANOUT bound to: 33 - type: integer 
	Parameter C_FIFO_DEPTH_LOG bound to: 0 - type: integer 
	Parameter C_USE_FULL bound to: 0 - type: integer 
	Parameter P_FIFO_DEPTH_LOG bound to: 2 - type: integer 
	Parameter P_EMPTY bound to: 2'b11 
	Parameter P_ALMOSTEMPTY bound to: 2'b00 
	Parameter P_ALMOSTFULL_TEMP bound to: 3'b110 
	Parameter P_ALMOSTFULL bound to: 2'b10 
	Parameter P_NUM_REPS bound to: 1 - type: integer 
WARNING: [Synth 8-6014] Unused sequential element areset_d1_reg was removed.  [d:/ProgramEnvironment/vivado2017/system_aes/system_aes.srcs/sources_1/bd/design_1/ipshared/9909/hdl/axi_data_fifo_v2_1_vl_rfs.v:750]
WARNING: [Synth 8-6014] Unused sequential element S_READY_i_reg was removed.  [d:/ProgramEnvironment/vivado2017/system_aes/system_aes.srcs/sources_1/bd/design_1/ipshared/9909/hdl/axi_data_fifo_v2_1_vl_rfs.v:789]
INFO: [Synth 8-256] done synthesizing module 'axi_data_fifo_v2_1_14_axic_srl_fifo__parameterized2' (99#1) [d:/ProgramEnvironment/vivado2017/system_aes/system_aes.srcs/sources_1/bd/design_1/ipshared/9909/hdl/axi_data_fifo_v2_1_vl_rfs.v:698]
INFO: [Synth 8-638] synthesizing module 'axi_crossbar_v2_1_16_wdata_mux__parameterized0' [d:/ProgramEnvironment/vivado2017/system_aes/system_aes.srcs/sources_1/bd/design_1/ipshared/c631/hdl/axi_crossbar_v2_1_vl_rfs.v:4559]
	Parameter C_FAMILY bound to: zynq - type: string 
	Parameter C_WMESG_WIDTH bound to: 146 - type: integer 
	Parameter C_NUM_SLAVE_SLOTS bound to: 2 - type: integer 
	Parameter C_SELECT_WIDTH bound to: 1 - type: integer 
	Parameter C_FIFO_DEPTH_LOG bound to: 0 - type: integer 
	Parameter P_FIFO_DEPTH_LOG bound to: 0 - type: integer 
INFO: [Synth 8-638] synthesizing module 'axi_data_fifo_v2_1_14_axic_reg_srl_fifo__parameterized2' [d:/ProgramEnvironment/vivado2017/system_aes/system_aes.srcs/sources_1/bd/design_1/ipshared/9909/hdl/axi_data_fifo_v2_1_vl_rfs.v:889]
	Parameter C_FAMILY bound to: zynq - type: string 
	Parameter C_FIFO_WIDTH bound to: 1 - type: integer 
	Parameter C_MAX_CTRL_FANOUT bound to: 33 - type: integer 
	Parameter C_FIFO_DEPTH_LOG bound to: 0 - type: integer 
	Parameter C_USE_FULL bound to: 0 - type: integer 
	Parameter P_FIFO_DEPTH_LOG bound to: 2 - type: integer 
	Parameter P_EMPTY bound to: 2'b11 
	Parameter P_ALMOSTEMPTY bound to: 2'b00 
	Parameter P_ALMOSTFULL_TEMP bound to: 3'b110 
	Parameter P_ALMOSTFULL bound to: 2'b10 
	Parameter P_NUM_REPS bound to: 1 - type: integer 
	Parameter ZERO bound to: 2'b10 
	Parameter ONE bound to: 2'b11 
	Parameter TWO bound to: 2'b01 
INFO: [Synth 8-155] case statement is not full and has no default [d:/ProgramEnvironment/vivado2017/system_aes/system_aes.srcs/sources_1/bd/design_1/ipshared/9909/hdl/axi_data_fifo_v2_1_vl_rfs.v:986]
WARNING: [Synth 8-6014] Unused sequential element s_ready_i_reg was removed.  [d:/ProgramEnvironment/vivado2017/system_aes/system_aes.srcs/sources_1/bd/design_1/ipshared/9909/hdl/axi_data_fifo_v2_1_vl_rfs.v:1038]
INFO: [Synth 8-256] done synthesizing module 'axi_data_fifo_v2_1_14_axic_reg_srl_fifo__parameterized2' (99#1) [d:/ProgramEnvironment/vivado2017/system_aes/system_aes.srcs/sources_1/bd/design_1/ipshared/9909/hdl/axi_data_fifo_v2_1_vl_rfs.v:889]
INFO: [Synth 8-256] done synthesizing module 'axi_crossbar_v2_1_16_wdata_mux__parameterized0' (99#1) [d:/ProgramEnvironment/vivado2017/system_aes/system_aes.srcs/sources_1/bd/design_1/ipshared/c631/hdl/axi_crossbar_v2_1_vl_rfs.v:4559]
WARNING: [Synth 8-350] instance 'reg_slice_mi' of module 'axi_register_slice_v2_1_15_axi_register_slice' requires 93 connections, but only 92 given [d:/ProgramEnvironment/vivado2017/system_aes/system_aes.srcs/sources_1/bd/design_1/ipshared/c631/hdl/axi_crossbar_v2_1_vl_rfs.v:3121]
INFO: [Synth 8-638] synthesizing module 'axi_crossbar_v2_1_16_decerr_slave' [d:/ProgramEnvironment/vivado2017/system_aes/system_aes.srcs/sources_1/bd/design_1/ipshared/c631/hdl/axi_crossbar_v2_1_vl_rfs.v:3500]
	Parameter C_AXI_ID_WIDTH bound to: 2 - type: integer 
	Parameter C_AXI_DATA_WIDTH bound to: 128 - type: integer 
	Parameter C_AXI_BUSER_WIDTH bound to: 1 - type: integer 
	Parameter C_AXI_RUSER_WIDTH bound to: 1 - type: integer 
	Parameter C_AXI_PROTOCOL bound to: 0 - type: integer 
	Parameter C_RESP bound to: 3 - type: integer 
	Parameter P_WRITE_IDLE bound to: 2'b00 
	Parameter P_WRITE_DATA bound to: 2'b01 
	Parameter P_WRITE_RESP bound to: 2'b10 
	Parameter P_READ_IDLE bound to: 1'b0 
	Parameter P_READ_DATA bound to: 1'b1 
	Parameter P_AXI4 bound to: 0 - type: integer 
	Parameter P_AXI3 bound to: 1 - type: integer 
	Parameter P_AXILITE bound to: 2 - type: integer 
INFO: [Synth 8-155] case statement is not full and has no default [d:/ProgramEnvironment/vivado2017/system_aes/system_aes.srcs/sources_1/bd/design_1/ipshared/c631/hdl/axi_crossbar_v2_1_vl_rfs.v:3631]
INFO: [Synth 8-256] done synthesizing module 'axi_crossbar_v2_1_16_decerr_slave' (100#1) [d:/ProgramEnvironment/vivado2017/system_aes/system_aes.srcs/sources_1/bd/design_1/ipshared/c631/hdl/axi_crossbar_v2_1_vl_rfs.v:3500]
INFO: [Synth 8-638] synthesizing module 'axi_crossbar_v2_1_16_addr_arbiter' [d:/ProgramEnvironment/vivado2017/system_aes/system_aes.srcs/sources_1/bd/design_1/ipshared/c631/hdl/axi_crossbar_v2_1_vl_rfs.v:423]
	Parameter C_FAMILY bound to: zynq - type: string 
	Parameter C_NUM_S bound to: 2 - type: integer 
	Parameter C_NUM_S_LOG bound to: 1 - type: integer 
	Parameter C_NUM_M bound to: 3 - type: integer 
	Parameter C_MESG_WIDTH bound to: 65 - type: integer 
	Parameter C_ARB_PRIORITY bound to: 64'b0000000000000000000000000000000000000000000000000000000000000000 
	Parameter P_PRIO_MASK bound to: 2'b00 
INFO: [Synth 8-638] synthesizing module 'generic_baseblocks_v2_1_0_mux_enc__parameterized2' [d:/ProgramEnvironment/vivado2017/system_aes/system_aes.srcs/sources_1/bd/design_1/ipshared/b752/hdl/generic_baseblocks_v2_1_vl_rfs.v:2452]
	Parameter C_FAMILY bound to: rtl - type: string 
	Parameter C_RATIO bound to: 2 - type: integer 
	Parameter C_SEL_WIDTH bound to: 1 - type: integer 
	Parameter C_DATA_WIDTH bound to: 65 - type: integer 
INFO: [Synth 8-256] done synthesizing module 'generic_baseblocks_v2_1_0_mux_enc__parameterized2' (100#1) [d:/ProgramEnvironment/vivado2017/system_aes/system_aes.srcs/sources_1/bd/design_1/ipshared/b752/hdl/generic_baseblocks_v2_1_vl_rfs.v:2452]
INFO: [Synth 8-638] synthesizing module 'generic_baseblocks_v2_1_0_mux_enc__parameterized3' [d:/ProgramEnvironment/vivado2017/system_aes/system_aes.srcs/sources_1/bd/design_1/ipshared/b752/hdl/generic_baseblocks_v2_1_vl_rfs.v:2452]
	Parameter C_FAMILY bound to: rtl - type: string 
	Parameter C_RATIO bound to: 2 - type: integer 
	Parameter C_SEL_WIDTH bound to: 1 - type: integer 
	Parameter C_DATA_WIDTH bound to: 3 - type: integer 
INFO: [Synth 8-256] done synthesizing module 'generic_baseblocks_v2_1_0_mux_enc__parameterized3' (100#1) [d:/ProgramEnvironment/vivado2017/system_aes/system_aes.srcs/sources_1/bd/design_1/ipshared/b752/hdl/generic_baseblocks_v2_1_vl_rfs.v:2452]
INFO: [Synth 8-3936] Found unconnected internal register 'gen_arbiter.next_rr_hot_reg' and it is trimmed from '16' to '2' bits. [d:/ProgramEnvironment/vivado2017/system_aes/system_aes.srcs/sources_1/bd/design_1/ipshared/c631/hdl/axi_crossbar_v2_1_vl_rfs.v:634]
INFO: [Synth 8-256] done synthesizing module 'axi_crossbar_v2_1_16_addr_arbiter' (101#1) [d:/ProgramEnvironment/vivado2017/system_aes/system_aes.srcs/sources_1/bd/design_1/ipshared/c631/hdl/axi_crossbar_v2_1_vl_rfs.v:423]
WARNING: [Synth 8-6014] Unused sequential element gen_master_slots[0].gen_mi_write.gen_debug_w.debug_w_beat_cnt_i_reg was removed.  [d:/ProgramEnvironment/vivado2017/system_aes/system_aes.srcs/sources_1/bd/design_1/ipshared/c631/hdl/axi_crossbar_v2_1_vl_rfs.v:2996]
WARNING: [Synth 8-6014] Unused sequential element gen_master_slots[1].gen_mi_write.gen_debug_w.debug_w_beat_cnt_i_reg was removed.  [d:/ProgramEnvironment/vivado2017/system_aes/system_aes.srcs/sources_1/bd/design_1/ipshared/c631/hdl/axi_crossbar_v2_1_vl_rfs.v:2996]
WARNING: [Synth 8-6014] Unused sequential element gen_master_slots[2].gen_mi_write.gen_debug_w.debug_w_beat_cnt_i_reg was removed.  [d:/ProgramEnvironment/vivado2017/system_aes/system_aes.srcs/sources_1/bd/design_1/ipshared/c631/hdl/axi_crossbar_v2_1_vl_rfs.v:2996]
INFO: [Synth 8-256] done synthesizing module 'axi_crossbar_v2_1_16_crossbar' (102#1) [d:/ProgramEnvironment/vivado2017/system_aes/system_aes.srcs/sources_1/bd/design_1/ipshared/c631/hdl/axi_crossbar_v2_1_vl_rfs.v:2239]
INFO: [Synth 8-256] done synthesizing module 'axi_crossbar_v2_1_16_axi_crossbar' (103#1) [d:/ProgramEnvironment/vivado2017/system_aes/system_aes.srcs/sources_1/bd/design_1/ipshared/c631/hdl/axi_crossbar_v2_1_vl_rfs.v:4882]
INFO: [Synth 8-256] done synthesizing module 'design_1_xbar_0' (104#1) [d:/ProgramEnvironment/vivado2017/system_aes/system_aes.srcs/sources_1/bd/design_1/ip/design_1_xbar_0/synth/design_1_xbar_0.v:59]
WARNING: [Synth 8-689] width (4) of port connection 'm_axi_arqos' does not match port width (8) of module 'design_1_xbar_0' [D:/ProgramEnvironment/vivado2017/system_aes/system_aes.srcs/sources_1/bd/design_1/synth/design_1.v:1635]
WARNING: [Synth 8-689] width (4) of port connection 'm_axi_arregion' does not match port width (8) of module 'design_1_xbar_0' [D:/ProgramEnvironment/vivado2017/system_aes/system_aes.srcs/sources_1/bd/design_1/synth/design_1.v:1637]
WARNING: [Synth 8-689] width (4) of port connection 'm_axi_awqos' does not match port width (8) of module 'design_1_xbar_0' [D:/ProgramEnvironment/vivado2017/system_aes/system_aes.srcs/sources_1/bd/design_1/synth/design_1.v:1647]
WARNING: [Synth 8-689] width (4) of port connection 'm_axi_awregion' does not match port width (8) of module 'design_1_xbar_0' [D:/ProgramEnvironment/vivado2017/system_aes/system_aes.srcs/sources_1/bd/design_1/synth/design_1.v:1649]
WARNING: [Synth 8-350] instance 'xbar' of module 'design_1_xbar_0' requires 88 connections, but only 85 given [D:/ProgramEnvironment/vivado2017/system_aes/system_aes.srcs/sources_1/bd/design_1/synth/design_1.v:1625]
INFO: [Synth 8-256] done synthesizing module 'design_1_axi_interconnect_0_0' (105#1) [D:/ProgramEnvironment/vivado2017/system_aes/system_aes.srcs/sources_1/bd/design_1/synth/design_1.v:605]
INFO: [Synth 8-638] synthesizing module 'design_1_blk_mem_gen_0_0' [d:/ProgramEnvironment/vivado2017/system_aes/system_aes.srcs/sources_1/bd/design_1/ip/design_1_blk_mem_gen_0_0/synth/design_1_blk_mem_gen_0_0.vhd:80]
	Parameter C_FAMILY bound to: zynq - type: string 
	Parameter C_XDEVICEFAMILY bound to: zynq - type: string 
	Parameter C_ELABORATION_DIR bound to: ./ - type: string 
	Parameter C_INTERFACE_TYPE bound to: 0 - type: integer 
	Parameter C_AXI_TYPE bound to: 1 - type: integer 
	Parameter C_AXI_SLAVE_TYPE bound to: 0 - type: integer 
	Parameter C_USE_BRAM_BLOCK bound to: 1 - type: integer 
	Parameter C_ENABLE_32BIT_ADDRESS bound to: 1 - type: integer 
	Parameter C_CTRL_ECC_ALGO bound to: NONE - type: string 
	Parameter C_HAS_AXI_ID bound to: 0 - type: integer 
	Parameter C_AXI_ID_WIDTH bound to: 4 - type: integer 
	Parameter C_MEM_TYPE bound to: 2 - type: integer 
	Parameter C_BYTE_SIZE bound to: 8 - type: integer 
	Parameter C_ALGORITHM bound to: 1 - type: integer 
	Parameter C_PRIM_TYPE bound to: 1 - type: integer 
	Parameter C_LOAD_INIT_FILE bound to: 0 - type: integer 
	Parameter C_INIT_FILE_NAME bound to: no_coe_file_loaded - type: string 
	Parameter C_INIT_FILE bound to: NONE - type: string 
	Parameter C_USE_DEFAULT_DATA bound to: 0 - type: integer 
	Parameter C_DEFAULT_DATA bound to: 0 - type: string 
	Parameter C_HAS_RSTA bound to: 1 - type: integer 
	Parameter C_RST_PRIORITY_A bound to: CE - type: string 
	Parameter C_RSTRAM_A bound to: 0 - type: integer 
	Parameter C_INITA_VAL bound to: 0 - type: string 
	Parameter C_HAS_ENA bound to: 1 - type: integer 
	Parameter C_HAS_REGCEA bound to: 0 - type: integer 
	Parameter C_USE_BYTE_WEA bound to: 1 - type: integer 
	Parameter C_WEA_WIDTH bound to: 16 - type: integer 
	Parameter C_WRITE_MODE_A bound to: WRITE_FIRST - type: string 
	Parameter C_WRITE_WIDTH_A bound to: 128 - type: integer 
	Parameter C_READ_WIDTH_A bound to: 128 - type: integer 
	Parameter C_WRITE_DEPTH_A bound to: 4096 - type: integer 
	Parameter C_READ_DEPTH_A bound to: 4096 - type: integer 
	Parameter C_ADDRA_WIDTH bound to: 32 - type: integer 
	Parameter C_HAS_RSTB bound to: 1 - type: integer 
	Parameter C_RST_PRIORITY_B bound to: CE - type: string 
	Parameter C_RSTRAM_B bound to: 0 - type: integer 
	Parameter C_INITB_VAL bound to: 0 - type: string 
	Parameter C_HAS_ENB bound to: 1 - type: integer 
	Parameter C_HAS_REGCEB bound to: 0 - type: integer 
	Parameter C_USE_BYTE_WEB bound to: 1 - type: integer 
	Parameter C_WEB_WIDTH bound to: 16 - type: integer 
	Parameter C_WRITE_MODE_B bound to: WRITE_FIRST - type: string 
	Parameter C_WRITE_WIDTH_B bound to: 128 - type: integer 
	Parameter C_READ_WIDTH_B bound to: 128 - type: integer 
	Parameter C_WRITE_DEPTH_B bound to: 4096 - type: integer 
	Parameter C_READ_DEPTH_B bound to: 4096 - type: integer 
	Parameter C_ADDRB_WIDTH bound to: 32 - type: integer 
	Parameter C_HAS_MEM_OUTPUT_REGS_A bound to: 0 - type: integer 
	Parameter C_HAS_MEM_OUTPUT_REGS_B bound to: 0 - type: integer 
	Parameter C_HAS_MUX_OUTPUT_REGS_A bound to: 0 - type: integer 
	Parameter C_HAS_MUX_OUTPUT_REGS_B bound to: 0 - type: integer 
	Parameter C_MUX_PIPELINE_STAGES bound to: 0 - type: integer 
	Parameter C_HAS_SOFTECC_INPUT_REGS_A bound to: 0 - type: integer 
	Parameter C_HAS_SOFTECC_OUTPUT_REGS_B bound to: 0 - type: integer 
	Parameter C_USE_SOFTECC bound to: 0 - type: integer 
	Parameter C_USE_ECC bound to: 0 - type: integer 
	Parameter C_EN_ECC_PIPE bound to: 0 - type: integer 
	Parameter C_HAS_INJECTERR bound to: 0 - type: integer 
	Parameter C_SIM_COLLISION_CHECK bound to: ALL - type: string 
	Parameter C_COMMON_CLK bound to: 0 - type: integer 
	Parameter C_DISABLE_WARN_BHV_COLL bound to: 0 - type: integer 
	Parameter C_EN_SLEEP_PIN bound to: 0 - type: integer 
	Parameter C_USE_URAM bound to: 0 - type: integer 
	Parameter C_EN_RDADDRA_CHG bound to: 0 - type: integer 
	Parameter C_EN_RDADDRB_CHG bound to: 0 - type: integer 
	Parameter C_EN_DEEPSLEEP_PIN bound to: 0 - type: integer 
	Parameter C_EN_SHUTDOWN_PIN bound to: 0 - type: integer 
	Parameter C_EN_SAFETY_CKT bound to: 1 - type: integer 
	Parameter C_DISABLE_WARN_BHV_RANGE bound to: 0 - type: integer 
	Parameter C_COUNT_36K_BRAM bound to: 16 - type: string 
	Parameter C_COUNT_18K_BRAM bound to: 0 - type: string 
	Parameter C_EST_POWER_SUMMARY bound to: Estimated Power for IP     :     81.552 mW - type: string 
INFO: [Synth 8-3491] module 'blk_mem_gen_v8_4_1' declared at 'd:/ProgramEnvironment/vivado2017/system_aes/system_aes.srcs/sources_1/bd/design_1/ipshared/67d8/hdl/blk_mem_gen_v8_4_vhsyn_rfs.vhd:195313' bound to instance 'U0' of component 'blk_mem_gen_v8_4_1' [d:/ProgramEnvironment/vivado2017/system_aes/system_aes.srcs/sources_1/bd/design_1/ip/design_1_blk_mem_gen_0_0/synth/design_1_blk_mem_gen_0_0.vhd:253]
INFO: [Synth 8-256] done synthesizing module 'design_1_blk_mem_gen_0_0' (116#1) [d:/ProgramEnvironment/vivado2017/system_aes/system_aes.srcs/sources_1/bd/design_1/ip/design_1_blk_mem_gen_0_0/synth/design_1_blk_mem_gen_0_0.vhd:80]
WARNING: [Synth 8-350] instance 'blk_mem_gen_0' of module 'design_1_blk_mem_gen_0_0' requires 16 connections, but only 14 given [D:/ProgramEnvironment/vivado2017/system_aes/system_aes.srcs/sources_1/bd/design_1/synth/design_1.v:514]
INFO: [Synth 8-638] synthesizing module 'design_1_processing_system7_0_0' [d:/ProgramEnvironment/vivado2017/system_aes/system_aes.srcs/sources_1/bd/design_1/ip/design_1_processing_system7_0_0/synth/design_1_processing_system7_0_0.v:60]
INFO: [Synth 8-638] synthesizing module 'processing_system7_v5_5_processing_system7' [d:/ProgramEnvironment/vivado2017/system_aes/system_aes.srcs/sources_1/bd/design_1/ip/design_1_processing_system7_0_0/hdl/verilog/processing_system7_v5_5_processing_system7.v:161]
	Parameter C_USE_DEFAULT_ACP_USER_VAL bound to: 0 - type: integer 
	Parameter C_S_AXI_ACP_ARUSER_VAL bound to: 31 - type: integer 
	Parameter C_S_AXI_ACP_AWUSER_VAL bound to: 31 - type: integer 
	Parameter C_M_AXI_GP0_THREAD_ID_WIDTH bound to: 12 - type: integer 
	Parameter C_M_AXI_GP1_THREAD_ID_WIDTH bound to: 12 - type: integer 
	Parameter C_M_AXI_GP0_ENABLE_STATIC_REMAP bound to: 0 - type: integer 
	Parameter C_M_AXI_GP1_ENABLE_STATIC_REMAP bound to: 0 - type: integer 
	Parameter C_M_AXI_GP0_ID_WIDTH bound to: 12 - type: integer 
	Parameter C_M_AXI_GP1_ID_WIDTH bound to: 12 - type: integer 
	Parameter C_S_AXI_GP0_ID_WIDTH bound to: 6 - type: integer 
	Parameter C_S_AXI_GP1_ID_WIDTH bound to: 6 - type: integer 
	Parameter C_S_AXI_HP0_ID_WIDTH bound to: 6 - type: integer 
	Parameter C_S_AXI_HP1_ID_WIDTH bound to: 6 - type: integer 
	Parameter C_S_AXI_HP2_ID_WIDTH bound to: 6 - type: integer 
	Parameter C_S_AXI_HP3_ID_WIDTH bound to: 6 - type: integer 
	Parameter C_S_AXI_ACP_ID_WIDTH bound to: 3 - type: integer 
	Parameter C_S_AXI_HP0_DATA_WIDTH bound to: 64 - type: integer 
	Parameter C_S_AXI_HP1_DATA_WIDTH bound to: 64 - type: integer 
	Parameter C_S_AXI_HP2_DATA_WIDTH bound to: 64 - type: integer 
	Parameter C_S_AXI_HP3_DATA_WIDTH bound to: 64 - type: integer 
	Parameter C_INCLUDE_ACP_TRANS_CHECK bound to: 0 - type: integer 
	Parameter C_NUM_F2P_INTR_INPUTS bound to: 1 - type: integer 
	Parameter C_FCLK_CLK0_BUF bound to: TRUE - type: string 
	Parameter C_FCLK_CLK1_BUF bound to: FALSE - type: string 
	Parameter C_FCLK_CLK2_BUF bound to: FALSE - type: string 
	Parameter C_FCLK_CLK3_BUF bound to: FALSE - type: string 
	Parameter C_EMIO_GPIO_WIDTH bound to: 64 - type: integer 
	Parameter C_INCLUDE_TRACE_BUFFER bound to: 0 - type: integer 
	Parameter C_TRACE_BUFFER_FIFO_SIZE bound to: 128 - type: integer 
	Parameter C_TRACE_BUFFER_CLOCK_DELAY bound to: 12 - type: integer 
	Parameter USE_TRACE_DATA_EDGE_DETECTOR bound to: 0 - type: integer 
	Parameter C_TRACE_PIPELINE_WIDTH bound to: 8 - type: integer 
	Parameter C_PS7_SI_REV bound to: PRODUCTION - type: string 
	Parameter C_EN_EMIO_ENET0 bound to: 0 - type: integer 
	Parameter C_EN_EMIO_ENET1 bound to: 0 - type: integer 
	Parameter C_EN_EMIO_TRACE bound to: 0 - type: integer 
	Parameter C_DQ_WIDTH bound to: 32 - type: integer 
	Parameter C_DQS_WIDTH bound to: 4 - type: integer 
	Parameter C_DM_WIDTH bound to: 4 - type: integer 
	Parameter C_MIO_PRIMITIVE bound to: 54 - type: integer 
	Parameter C_PACKAGE_NAME bound to: clg400 - type: string 
	Parameter C_IRQ_F2P_MODE bound to: DIRECT - type: string 
	Parameter C_TRACE_INTERNAL_WIDTH bound to: 2 - type: integer 
	Parameter C_EN_EMIO_PJTAG bound to: 0 - type: integer 
	Parameter C_USE_AXI_NONSECURE bound to: 0 - type: integer 
	Parameter C_USE_S_AXI_HP0 bound to: 0 - type: integer 
	Parameter C_USE_S_AXI_HP1 bound to: 0 - type: integer 
	Parameter C_USE_S_AXI_HP2 bound to: 0 - type: integer 
	Parameter C_USE_S_AXI_HP3 bound to: 0 - type: integer 
	Parameter C_USE_M_AXI_GP0 bound to: 1 - type: integer 
	Parameter C_USE_M_AXI_GP1 bound to: 0 - type: integer 
	Parameter C_USE_S_AXI_GP0 bound to: 0 - type: integer 
	Parameter C_USE_S_AXI_GP1 bound to: 0 - type: integer 
	Parameter C_USE_S_AXI_ACP bound to: 0 - type: integer 
	Parameter C_GP0_EN_MODIFIABLE_TXN bound to: 1 - type: integer 
	Parameter C_GP1_EN_MODIFIABLE_TXN bound to: 1 - type: integer 
INFO: [Synth 8-5534] Detected attribute (* keep = "true" *) [d:/ProgramEnvironment/vivado2017/system_aes/system_aes.srcs/sources_1/bd/design_1/ip/design_1_processing_system7_0_0/hdl/verilog/processing_system7_v5_5_processing_system7.v:1347]
INFO: [Synth 8-5534] Detected attribute (* keep = "true" *) [d:/ProgramEnvironment/vivado2017/system_aes/system_aes.srcs/sources_1/bd/design_1/ip/design_1_processing_system7_0_0/hdl/verilog/processing_system7_v5_5_processing_system7.v:1348]
INFO: [Synth 8-638] synthesizing module 'BUFG' [D:/xilinx-vivado2017/Vivado/2017.4/scripts/rt/data/unisim_comp.v:607]
INFO: [Synth 8-256] done synthesizing module 'BUFG' (117#1) [D:/xilinx-vivado2017/Vivado/2017.4/scripts/rt/data/unisim_comp.v:607]
INFO: [Synth 8-638] synthesizing module 'BIBUF' [D:/xilinx-vivado2017/Vivado/2017.4/scripts/rt/data/unisim_comp.v:268]
INFO: [Synth 8-256] done synthesizing module 'BIBUF' (118#1) [D:/xilinx-vivado2017/Vivado/2017.4/scripts/rt/data/unisim_comp.v:268]
INFO: [Synth 8-638] synthesizing module 'PS7' [D:/xilinx-vivado2017/Vivado/2017.4/scripts/rt/data/unisim_comp.v:40559]
INFO: [Synth 8-256] done synthesizing module 'PS7' (119#1) [D:/xilinx-vivado2017/Vivado/2017.4/scripts/rt/data/unisim_comp.v:40559]
INFO: [Synth 8-256] done synthesizing module 'processing_system7_v5_5_processing_system7' (120#1) [d:/ProgramEnvironment/vivado2017/system_aes/system_aes.srcs/sources_1/bd/design_1/ip/design_1_processing_system7_0_0/hdl/verilog/processing_system7_v5_5_processing_system7.v:161]
WARNING: [Synth 8-350] instance 'inst' of module 'processing_system7_v5_5_processing_system7' requires 685 connections, but only 672 given [d:/ProgramEnvironment/vivado2017/system_aes/system_aes.srcs/sources_1/bd/design_1/ip/design_1_processing_system7_0_0/synth/design_1_processing_system7_0_0.v:322]
INFO: [Synth 8-256] done synthesizing module 'design_1_processing_system7_0_0' (121#1) [d:/ProgramEnvironment/vivado2017/system_aes/system_aes.srcs/sources_1/bd/design_1/ip/design_1_processing_system7_0_0/synth/design_1_processing_system7_0_0.v:60]
WARNING: [Synth 8-350] instance 'processing_system7_0' of module 'design_1_processing_system7_0_0' requires 65 connections, but only 63 given [D:/ProgramEnvironment/vivado2017/system_aes/system_aes.srcs/sources_1/bd/design_1/synth/design_1.v:531]
INFO: [Synth 8-638] synthesizing module 'design_1_rst_ps7_0_20M_0' [d:/ProgramEnvironment/vivado2017/system_aes/system_aes.srcs/sources_1/bd/design_1/ip/design_1_rst_ps7_0_20M_0/synth/design_1_rst_ps7_0_20M_0.vhd:74]
	Parameter C_FAMILY bound to: zynq - type: string 
	Parameter C_EXT_RST_WIDTH bound to: 4 - type: integer 
	Parameter C_AUX_RST_WIDTH bound to: 4 - type: integer 
	Parameter C_EXT_RESET_HIGH bound to: 1'b0 
	Parameter C_AUX_RESET_HIGH bound to: 1'b0 
	Parameter C_NUM_BUS_RST bound to: 1 - type: integer 
	Parameter C_NUM_PERP_RST bound to: 1 - type: integer 
	Parameter C_NUM_INTERCONNECT_ARESETN bound to: 1 - type: integer 
	Parameter C_NUM_PERP_ARESETN bound to: 1 - type: integer 
INFO: [Synth 8-3491] module 'proc_sys_reset' declared at 'd:/ProgramEnvironment/vivado2017/system_aes/system_aes.srcs/sources_1/bd/design_1/ipshared/f86a/hdl/proc_sys_reset_v5_0_vh_rfs.vhd:1264' bound to instance 'U0' of component 'proc_sys_reset' [d:/ProgramEnvironment/vivado2017/system_aes/system_aes.srcs/sources_1/bd/design_1/ip/design_1_rst_ps7_0_20M_0/synth/design_1_rst_ps7_0_20M_0.vhd:129]
INFO: [Synth 8-638] synthesizing module 'proc_sys_reset' [d:/ProgramEnvironment/vivado2017/system_aes/system_aes.srcs/sources_1/bd/design_1/ipshared/f86a/hdl/proc_sys_reset_v5_0_vh_rfs.vhd:1323]
	Parameter C_FAMILY bound to: zynq - type: string 
	Parameter C_EXT_RST_WIDTH bound to: 4 - type: integer 
	Parameter C_AUX_RST_WIDTH bound to: 4 - type: integer 
	Parameter C_EXT_RESET_HIGH bound to: 1'b0 
	Parameter C_AUX_RESET_HIGH bound to: 1'b0 
	Parameter C_NUM_BUS_RST bound to: 1 - type: integer 
	Parameter C_NUM_PERP_RST bound to: 1 - type: integer 
	Parameter C_NUM_INTERCONNECT_ARESETN bound to: 1 - type: integer 
	Parameter C_NUM_PERP_ARESETN bound to: 1 - type: integer 
	Parameter INIT bound to: 1'b1 
	Parameter IS_C_INVERTED bound to: 1'b0 
	Parameter IS_D_INVERTED bound to: 1'b0 
	Parameter IS_R_INVERTED bound to: 1'b0 
INFO: [Synth 8-113] binding component instance 'FDRE_inst' to cell 'FDRE' [d:/ProgramEnvironment/vivado2017/system_aes/system_aes.srcs/sources_1/bd/design_1/ipshared/f86a/hdl/proc_sys_reset_v5_0_vh_rfs.vhd:1392]
	Parameter INIT bound to: 1'b1 
	Parameter IS_C_INVERTED bound to: 1'b0 
	Parameter IS_D_INVERTED bound to: 1'b0 
	Parameter IS_R_INVERTED bound to: 1'b0 
INFO: [Synth 8-113] binding component instance 'FDRE_BSR' to cell 'FDRE' [d:/ProgramEnvironment/vivado2017/system_aes/system_aes.srcs/sources_1/bd/design_1/ipshared/f86a/hdl/proc_sys_reset_v5_0_vh_rfs.vhd:1408]
	Parameter INIT bound to: 1'b0 
	Parameter IS_C_INVERTED bound to: 1'b0 
	Parameter IS_D_INVERTED bound to: 1'b0 
	Parameter IS_R_INVERTED bound to: 1'b0 
INFO: [Synth 8-113] binding component instance 'FDRE_BSR_N' to cell 'FDRE' [d:/ProgramEnvironment/vivado2017/system_aes/system_aes.srcs/sources_1/bd/design_1/ipshared/f86a/hdl/proc_sys_reset_v5_0_vh_rfs.vhd:1434]
	Parameter INIT bound to: 1'b1 
	Parameter IS_C_INVERTED bound to: 1'b0 
	Parameter IS_D_INVERTED bound to: 1'b0 
	Parameter IS_R_INVERTED bound to: 1'b0 
INFO: [Synth 8-113] binding component instance 'FDRE_PER' to cell 'FDRE' [d:/ProgramEnvironment/vivado2017/system_aes/system_aes.srcs/sources_1/bd/design_1/ipshared/f86a/hdl/proc_sys_reset_v5_0_vh_rfs.vhd:1457]
	Parameter INIT bound to: 1'b0 
	Parameter IS_C_INVERTED bound to: 1'b0 
	Parameter IS_D_INVERTED bound to: 1'b0 
	Parameter IS_R_INVERTED bound to: 1'b0 
INFO: [Synth 8-113] binding component instance 'FDRE_PER_N' to cell 'FDRE' [d:/ProgramEnvironment/vivado2017/system_aes/system_aes.srcs/sources_1/bd/design_1/ipshared/f86a/hdl/proc_sys_reset_v5_0_vh_rfs.vhd:1481]
INFO: [Synth 8-638] synthesizing module 'lpf' [d:/ProgramEnvironment/vivado2017/system_aes/system_aes.srcs/sources_1/bd/design_1/ipshared/f86a/hdl/proc_sys_reset_v5_0_vh_rfs.vhd:816]
	Parameter C_EXT_RST_WIDTH bound to: 4 - type: integer 
	Parameter C_AUX_RST_WIDTH bound to: 4 - type: integer 
	Parameter C_EXT_RESET_HIGH bound to: 1'b0 
	Parameter C_AUX_RESET_HIGH bound to: 1'b0 
INFO: [Synth 8-3491] module 'SRL16' declared at 'D:/xilinx-vivado2017/Vivado/2017.4/scripts/rt/data/unisim_comp.v:50689' bound to instance 'POR_SRL_I' of component 'SRL16' [d:/ProgramEnvironment/vivado2017/system_aes/system_aes.srcs/sources_1/bd/design_1/ipshared/f86a/hdl/proc_sys_reset_v5_0_vh_rfs.vhd:868]
INFO: [Synth 8-638] synthesizing module 'SRL16' [D:/xilinx-vivado2017/Vivado/2017.4/scripts/rt/data/unisim_comp.v:50689]
	Parameter INIT bound to: 16'b0000000000000000 
INFO: [Synth 8-256] done synthesizing module 'SRL16' (122#1) [D:/xilinx-vivado2017/Vivado/2017.4/scripts/rt/data/unisim_comp.v:50689]
INFO: [Synth 8-638] synthesizing module 'cdc_sync' [d:/ProgramEnvironment/vivado2017/system_aes/system_aes.srcs/sources_1/bd/design_1/ipshared/ef1e/hdl/lib_cdc_v1_0_rfs.vhd:106]
	Parameter C_CDC_TYPE bound to: 1 - type: integer 
	Parameter C_RESET_STATE bound to: 0 - type: integer 
	Parameter C_SINGLE_BIT bound to: 1 - type: integer 
	Parameter C_FLOP_INPUT bound to: 0 - type: integer 
	Parameter C_VECTOR_WIDTH bound to: 2 - type: integer 
	Parameter C_MTBF_STAGES bound to: 4 - type: integer 
	Parameter INIT bound to: 1'b0 
INFO: [Synth 8-113] binding component instance 'CROSS_PLEVEL_IN2SCNDRY_IN_cdc_to' to cell 'FDR' [d:/ProgramEnvironment/vivado2017/system_aes/system_aes.srcs/sources_1/bd/design_1/ipshared/ef1e/hdl/lib_cdc_v1_0_rfs.vhd:514]
	Parameter INIT bound to: 1'b0 
INFO: [Synth 8-113] binding component instance 'CROSS_PLEVEL_IN2SCNDRY_s_level_out_d2' to cell 'FDR' [d:/ProgramEnvironment/vivado2017/system_aes/system_aes.srcs/sources_1/bd/design_1/ipshared/ef1e/hdl/lib_cdc_v1_0_rfs.vhd:545]
	Parameter INIT bound to: 1'b0 
INFO: [Synth 8-113] binding component instance 'CROSS_PLEVEL_IN2SCNDRY_s_level_out_d3' to cell 'FDR' [d:/ProgramEnvironment/vivado2017/system_aes/system_aes.srcs/sources_1/bd/design_1/ipshared/ef1e/hdl/lib_cdc_v1_0_rfs.vhd:554]
	Parameter INIT bound to: 1'b0 
INFO: [Synth 8-113] binding component instance 'CROSS_PLEVEL_IN2SCNDRY_s_level_out_d4' to cell 'FDR' [d:/ProgramEnvironment/vivado2017/system_aes/system_aes.srcs/sources_1/bd/design_1/ipshared/ef1e/hdl/lib_cdc_v1_0_rfs.vhd:564]
	Parameter INIT bound to: 1'b0 
INFO: [Synth 8-113] binding component instance 'CROSS_PLEVEL_IN2SCNDRY_s_level_out_d5' to cell 'FDR' [d:/ProgramEnvironment/vivado2017/system_aes/system_aes.srcs/sources_1/bd/design_1/ipshared/ef1e/hdl/lib_cdc_v1_0_rfs.vhd:574]
	Parameter INIT bound to: 1'b0 
INFO: [Synth 8-113] binding component instance 'CROSS_PLEVEL_IN2SCNDRY_s_level_out_d6' to cell 'FDR' [d:/ProgramEnvironment/vivado2017/system_aes/system_aes.srcs/sources_1/bd/design_1/ipshared/ef1e/hdl/lib_cdc_v1_0_rfs.vhd:584]
INFO: [Synth 8-256] done synthesizing module 'cdc_sync' (123#1) [d:/ProgramEnvironment/vivado2017/system_aes/system_aes.srcs/sources_1/bd/design_1/ipshared/ef1e/hdl/lib_cdc_v1_0_rfs.vhd:106]
INFO: [Synth 8-256] done synthesizing module 'lpf' (124#1) [d:/ProgramEnvironment/vivado2017/system_aes/system_aes.srcs/sources_1/bd/design_1/ipshared/f86a/hdl/proc_sys_reset_v5_0_vh_rfs.vhd:816]
INFO: [Synth 8-638] synthesizing module 'sequence_psr' [d:/ProgramEnvironment/vivado2017/system_aes/system_aes.srcs/sources_1/bd/design_1/ipshared/f86a/hdl/proc_sys_reset_v5_0_vh_rfs.vhd:301]
INFO: [Synth 8-638] synthesizing module 'upcnt_n' [d:/ProgramEnvironment/vivado2017/system_aes/system_aes.srcs/sources_1/bd/design_1/ipshared/f86a/hdl/proc_sys_reset_v5_0_vh_rfs.vhd:125]
	Parameter C_SIZE bound to: 6 - type: integer 
INFO: [Synth 8-256] done synthesizing module 'upcnt_n' (125#1) [d:/ProgramEnvironment/vivado2017/system_aes/system_aes.srcs/sources_1/bd/design_1/ipshared/f86a/hdl/proc_sys_reset_v5_0_vh_rfs.vhd:125]
INFO: [Synth 8-256] done synthesizing module 'sequence_psr' (126#1) [d:/ProgramEnvironment/vivado2017/system_aes/system_aes.srcs/sources_1/bd/design_1/ipshared/f86a/hdl/proc_sys_reset_v5_0_vh_rfs.vhd:301]
INFO: [Synth 8-256] done synthesizing module 'proc_sys_reset' (127#1) [d:/ProgramEnvironment/vivado2017/system_aes/system_aes.srcs/sources_1/bd/design_1/ipshared/f86a/hdl/proc_sys_reset_v5_0_vh_rfs.vhd:1323]
INFO: [Synth 8-256] done synthesizing module 'design_1_rst_ps7_0_20M_0' (128#1) [d:/ProgramEnvironment/vivado2017/system_aes/system_aes.srcs/sources_1/bd/design_1/ip/design_1_rst_ps7_0_20M_0/synth/design_1_rst_ps7_0_20M_0.vhd:74]
WARNING: [Synth 8-350] instance 'rst_ps7_0_20M' of module 'design_1_rst_ps7_0_20M_0' requires 10 connections, but only 7 given [D:/ProgramEnvironment/vivado2017/system_aes/system_aes.srcs/sources_1/bd/design_1/synth/design_1.v:595]
INFO: [Synth 8-256] done synthesizing module 'design_1' (129#1) [D:/ProgramEnvironment/vivado2017/system_aes/system_aes.srcs/sources_1/bd/design_1/synth/design_1.v:13]
INFO: [Synth 8-256] done synthesizing module 'design_1_wrapper' (130#1) [D:/ProgramEnvironment/vivado2017/system_aes/system_aes.srcs/sources_1/bd/design_1/hdl/design_1_wrapper.v:12]
WARNING: [Synth 8-3331] design cdc_sync has unconnected port prmry_aclk
WARNING: [Synth 8-3331] design cdc_sync has unconnected port prmry_resetn
WARNING: [Synth 8-3331] design cdc_sync has unconnected port prmry_vect_in[1]
WARNING: [Synth 8-3331] design cdc_sync has unconnected port prmry_vect_in[0]
WARNING: [Synth 8-3331] design cdc_sync has unconnected port scndry_resetn
WARNING: [Synth 8-3331] design processing_system7_v5_5_processing_system7 has unconnected port ENET0_GMII_COL
WARNING: [Synth 8-3331] design processing_system7_v5_5_processing_system7 has unconnected port ENET0_GMII_CRS
WARNING: [Synth 8-3331] design processing_system7_v5_5_processing_system7 has unconnected port ENET0_GMII_RX_DV
WARNING: [Synth 8-3331] design processing_system7_v5_5_processing_system7 has unconnected port ENET0_GMII_RX_ER
WARNING: [Synth 8-3331] design processing_system7_v5_5_processing_system7 has unconnected port ENET0_GMII_RXD[7]
WARNING: [Synth 8-3331] design processing_system7_v5_5_processing_system7 has unconnected port ENET0_GMII_RXD[6]
WARNING: [Synth 8-3331] design processing_system7_v5_5_processing_system7 has unconnected port ENET0_GMII_RXD[5]
WARNING: [Synth 8-3331] design processing_system7_v5_5_processing_system7 has unconnected port ENET0_GMII_RXD[4]
WARNING: [Synth 8-3331] design processing_system7_v5_5_processing_system7 has unconnected port ENET0_GMII_RXD[3]
WARNING: [Synth 8-3331] design processing_system7_v5_5_processing_system7 has unconnected port ENET0_GMII_RXD[2]
WARNING: [Synth 8-3331] design processing_system7_v5_5_processing_system7 has unconnected port ENET0_GMII_RXD[1]
WARNING: [Synth 8-3331] design processing_system7_v5_5_processing_system7 has unconnected port ENET0_GMII_RXD[0]
WARNING: [Synth 8-3331] design processing_system7_v5_5_processing_system7 has unconnected port ENET1_GMII_COL
WARNING: [Synth 8-3331] design processing_system7_v5_5_processing_system7 has unconnected port ENET1_GMII_CRS
WARNING: [Synth 8-3331] design processing_system7_v5_5_processing_system7 has unconnected port ENET1_GMII_RX_DV
WARNING: [Synth 8-3331] design processing_system7_v5_5_processing_system7 has unconnected port ENET1_GMII_RX_ER
WARNING: [Synth 8-3331] design processing_system7_v5_5_processing_system7 has unconnected port ENET1_GMII_RXD[7]
WARNING: [Synth 8-3331] design processing_system7_v5_5_processing_system7 has unconnected port ENET1_GMII_RXD[6]
WARNING: [Synth 8-3331] design processing_system7_v5_5_processing_system7 has unconnected port ENET1_GMII_RXD[5]
WARNING: [Synth 8-3331] design processing_system7_v5_5_processing_system7 has unconnected port ENET1_GMII_RXD[4]
WARNING: [Synth 8-3331] design processing_system7_v5_5_processing_system7 has unconnected port ENET1_GMII_RXD[3]
WARNING: [Synth 8-3331] design processing_system7_v5_5_processing_system7 has unconnected port ENET1_GMII_RXD[2]
WARNING: [Synth 8-3331] design processing_system7_v5_5_processing_system7 has unconnected port ENET1_GMII_RXD[1]
WARNING: [Synth 8-3331] design processing_system7_v5_5_processing_system7 has unconnected port ENET1_GMII_RXD[0]
WARNING: [Synth 8-3331] design processing_system7_v5_5_processing_system7 has unconnected port S_AXI_GP0_ARSIZE[2]
WARNING: [Synth 8-3331] design processing_system7_v5_5_processing_system7 has unconnected port S_AXI_GP0_AWSIZE[2]
WARNING: [Synth 8-3331] design processing_system7_v5_5_processing_system7 has unconnected port S_AXI_GP1_ARSIZE[2]
WARNING: [Synth 8-3331] design processing_system7_v5_5_processing_system7 has unconnected port S_AXI_GP1_AWSIZE[2]
WARNING: [Synth 8-3331] design processing_system7_v5_5_processing_system7 has unconnected port S_AXI_ACP_ARSIZE[2]
WARNING: [Synth 8-3331] design processing_system7_v5_5_processing_system7 has unconnected port S_AXI_ACP_AWSIZE[2]
WARNING: [Synth 8-3331] design processing_system7_v5_5_processing_system7 has unconnected port S_AXI_HP0_ARSIZE[2]
WARNING: [Synth 8-3331] design processing_system7_v5_5_processing_system7 has unconnected port S_AXI_HP0_AWSIZE[2]
WARNING: [Synth 8-3331] design processing_system7_v5_5_processing_system7 has unconnected port S_AXI_HP1_ARSIZE[2]
WARNING: [Synth 8-3331] design processing_system7_v5_5_processing_system7 has unconnected port S_AXI_HP1_AWSIZE[2]
WARNING: [Synth 8-3331] design processing_system7_v5_5_processing_system7 has unconnected port S_AXI_HP2_ARSIZE[2]
WARNING: [Synth 8-3331] design processing_system7_v5_5_processing_system7 has unconnected port S_AXI_HP2_AWSIZE[2]
WARNING: [Synth 8-3331] design processing_system7_v5_5_processing_system7 has unconnected port S_AXI_HP3_ARSIZE[2]
WARNING: [Synth 8-3331] design processing_system7_v5_5_processing_system7 has unconnected port S_AXI_HP3_AWSIZE[2]
WARNING: [Synth 8-3331] design processing_system7_v5_5_processing_system7 has unconnected port FCLK_CLKTRIG3_N
WARNING: [Synth 8-3331] design processing_system7_v5_5_processing_system7 has unconnected port FCLK_CLKTRIG2_N
WARNING: [Synth 8-3331] design processing_system7_v5_5_processing_system7 has unconnected port FCLK_CLKTRIG1_N
WARNING: [Synth 8-3331] design processing_system7_v5_5_processing_system7 has unconnected port FCLK_CLKTRIG0_N
WARNING: [Synth 8-3331] design processing_system7_v5_5_processing_system7 has unconnected port FTMD_TRACEIN_DATA[31]
WARNING: [Synth 8-3331] design processing_system7_v5_5_processing_system7 has unconnected port FTMD_TRACEIN_DATA[30]
WARNING: [Synth 8-3331] design processing_system7_v5_5_processing_system7 has unconnected port FTMD_TRACEIN_DATA[29]
WARNING: [Synth 8-3331] design processing_system7_v5_5_processing_system7 has unconnected port FTMD_TRACEIN_DATA[28]
WARNING: [Synth 8-3331] design processing_system7_v5_5_processing_system7 has unconnected port FTMD_TRACEIN_DATA[27]
WARNING: [Synth 8-3331] design processing_system7_v5_5_processing_system7 has unconnected port FTMD_TRACEIN_DATA[26]
WARNING: [Synth 8-3331] design processing_system7_v5_5_processing_system7 has unconnected port FTMD_TRACEIN_DATA[25]
WARNING: [Synth 8-3331] design processing_system7_v5_5_processing_system7 has unconnected port FTMD_TRACEIN_DATA[24]
WARNING: [Synth 8-3331] design processing_system7_v5_5_processing_system7 has unconnected port FTMD_TRACEIN_DATA[23]
WARNING: [Synth 8-3331] design processing_system7_v5_5_processing_system7 has unconnected port FTMD_TRACEIN_DATA[22]
WARNING: [Synth 8-3331] design processing_system7_v5_5_processing_system7 has unconnected port FTMD_TRACEIN_DATA[21]
WARNING: [Synth 8-3331] design processing_system7_v5_5_processing_system7 has unconnected port FTMD_TRACEIN_DATA[20]
WARNING: [Synth 8-3331] design processing_system7_v5_5_processing_system7 has unconnected port FTMD_TRACEIN_DATA[19]
WARNING: [Synth 8-3331] design processing_system7_v5_5_processing_system7 has unconnected port FTMD_TRACEIN_DATA[18]
WARNING: [Synth 8-3331] design processing_system7_v5_5_processing_system7 has unconnected port FTMD_TRACEIN_DATA[17]
WARNING: [Synth 8-3331] design processing_system7_v5_5_processing_system7 has unconnected port FTMD_TRACEIN_DATA[16]
WARNING: [Synth 8-3331] design processing_system7_v5_5_processing_system7 has unconnected port FTMD_TRACEIN_DATA[15]
WARNING: [Synth 8-3331] design processing_system7_v5_5_processing_system7 has unconnected port FTMD_TRACEIN_DATA[14]
WARNING: [Synth 8-3331] design processing_system7_v5_5_processing_system7 has unconnected port FTMD_TRACEIN_DATA[13]
WARNING: [Synth 8-3331] design processing_system7_v5_5_processing_system7 has unconnected port FTMD_TRACEIN_DATA[12]
WARNING: [Synth 8-3331] design processing_system7_v5_5_processing_system7 has unconnected port FTMD_TRACEIN_DATA[11]
WARNING: [Synth 8-3331] design processing_system7_v5_5_processing_system7 has unconnected port FTMD_TRACEIN_DATA[10]
WARNING: [Synth 8-3331] design processing_system7_v5_5_processing_system7 has unconnected port FTMD_TRACEIN_DATA[9]
WARNING: [Synth 8-3331] design processing_system7_v5_5_processing_system7 has unconnected port FTMD_TRACEIN_DATA[8]
WARNING: [Synth 8-3331] design processing_system7_v5_5_processing_system7 has unconnected port FTMD_TRACEIN_DATA[7]
WARNING: [Synth 8-3331] design processing_system7_v5_5_processing_system7 has unconnected port FTMD_TRACEIN_DATA[6]
WARNING: [Synth 8-3331] design processing_system7_v5_5_processing_system7 has unconnected port FTMD_TRACEIN_DATA[5]
WARNING: [Synth 8-3331] design processing_system7_v5_5_processing_system7 has unconnected port FTMD_TRACEIN_DATA[4]
WARNING: [Synth 8-3331] design processing_system7_v5_5_processing_system7 has unconnected port FTMD_TRACEIN_DATA[3]
WARNING: [Synth 8-3331] design processing_system7_v5_5_processing_system7 has unconnected port FTMD_TRACEIN_DATA[2]
WARNING: [Synth 8-3331] design processing_system7_v5_5_processing_system7 has unconnected port FTMD_TRACEIN_DATA[1]
WARNING: [Synth 8-3331] design processing_system7_v5_5_processing_system7 has unconnected port FTMD_TRACEIN_DATA[0]
WARNING: [Synth 8-3331] design processing_system7_v5_5_processing_system7 has unconnected port FTMD_TRACEIN_VALID
WARNING: [Synth 8-3331] design processing_system7_v5_5_processing_system7 has unconnected port FTMD_TRACEIN_ATID[3]
WARNING: [Synth 8-3331] design processing_system7_v5_5_processing_system7 has unconnected port FTMD_TRACEIN_ATID[2]
WARNING: [Synth 8-3331] design processing_system7_v5_5_processing_system7 has unconnected port FTMD_TRACEIN_ATID[1]
WARNING: [Synth 8-3331] design processing_system7_v5_5_processing_system7 has unconnected port FTMD_TRACEIN_ATID[0]
WARNING: [Synth 8-3331] design blk_mem_gen_v8_4_1_blk_mem_gen_mux__parameterized0 has unconnected port MUX_RST[0]
WARNING: [Synth 8-3331] design blk_mem_gen_v8_4_1_blk_mem_gen_mux__parameterized0 has unconnected port MEM_LAT_RST
WARNING: [Synth 8-3331] design blk_mem_gen_v8_4_1_blk_mem_gen_mux__parameterized0 has unconnected port MEM_REG_RST
WARNING: [Synth 8-3331] design blk_mem_gen_v8_4_1_blk_mem_gen_mux__parameterized0 has unconnected port MUX_REGCE[0]
WARNING: [Synth 8-3331] design blk_mem_gen_v8_4_1_blk_mem_gen_mux__parameterized0 has unconnected port MEM_REGCE
WARNING: [Synth 8-3331] design blk_mem_gen_v8_4_1_blk_mem_gen_mux__parameterized0 has unconnected port WE
WARNING: [Synth 8-3331] design blk_mem_gen_v8_4_1_blk_mem_gen_mux__parameterized0 has unconnected port ADDR_IN[11]
WARNING: [Synth 8-3331] design blk_mem_gen_v8_4_1_blk_mem_gen_mux__parameterized0 has unconnected port ADDR_IN[10]
WARNING: [Synth 8-3331] design blk_mem_gen_v8_4_1_blk_mem_gen_mux__parameterized0 has unconnected port ADDR_IN[9]
WARNING: [Synth 8-3331] design blk_mem_gen_v8_4_1_blk_mem_gen_mux__parameterized0 has unconnected port ADDR_IN[8]
WARNING: [Synth 8-3331] design blk_mem_gen_v8_4_1_blk_mem_gen_mux__parameterized0 has unconnected port ADDR_IN[7]
WARNING: [Synth 8-3331] design blk_mem_gen_v8_4_1_blk_mem_gen_mux__parameterized0 has unconnected port ADDR_IN[6]
WARNING: [Synth 8-3331] design blk_mem_gen_v8_4_1_blk_mem_gen_mux__parameterized0 has unconnected port ADDR_IN[5]
WARNING: [Synth 8-3331] design blk_mem_gen_v8_4_1_blk_mem_gen_mux__parameterized0 has unconnected port ADDR_IN[4]
WARNING: [Synth 8-3331] design blk_mem_gen_v8_4_1_blk_mem_gen_mux__parameterized0 has unconnected port ADDR_IN[3]
WARNING: [Synth 8-3331] design blk_mem_gen_v8_4_1_blk_mem_gen_mux__parameterized0 has unconnected port ADDR_IN[2]
INFO: [Common 17-14] Message 'Synth 8-3331' appears 100 times and further instances of the messages will be disabled. Use the Tcl command set_msg_config to change the current settings.
---------------------------------------------------------------------------------
Finished RTL Elaboration : Time (s): cpu = 00:02:09 ; elapsed = 00:02:12 . Memory (MB): peak = 939.711 ; gain = 609.199
---------------------------------------------------------------------------------

Report Check Netlist: 
+------+------------------+-------+---------+-------+------------------+
|      |Item              |Errors |Warnings |Status |Description       |
+------+------------------+-------+---------+-------+------------------+
|1     |multi_driven_nets |      0|        0|Passed |Multi driven nets |
+------+------------------+-------+---------+-------+------------------+
---------------------------------------------------------------------------------
Finished RTL Optimization Phase 1 : Time (s): cpu = 00:02:10 ; elapsed = 00:02:13 . Memory (MB): peak = 939.711 ; gain = 609.199
---------------------------------------------------------------------------------
INFO: [Netlist 29-17] Analyzing 38 Unisim elements for replacement
INFO: [Netlist 29-28] Unisim Transformation completed in 0 CPU seconds
INFO: [Device 21-403] Loading part xc7z020clg400-1
INFO: [Project 1-570] Preparing netlist for logic optimization

Processing XDC Constraints
Initializing timing engine
Parsing XDC File [d:/ProgramEnvironment/vivado2017/system_aes/system_aes.srcs/sources_1/bd/design_1/ip/design_1_processing_system7_0_0/design_1_processing_system7_0_0.xdc] for cell 'design_1_i/processing_system7_0/inst'
Finished Parsing XDC File [d:/ProgramEnvironment/vivado2017/system_aes/system_aes.srcs/sources_1/bd/design_1/ip/design_1_processing_system7_0_0/design_1_processing_system7_0_0.xdc] for cell 'design_1_i/processing_system7_0/inst'
INFO: [Project 1-236] Implementation specific constraints were found while reading constraint file [d:/ProgramEnvironment/vivado2017/system_aes/system_aes.srcs/sources_1/bd/design_1/ip/design_1_processing_system7_0_0/design_1_processing_system7_0_0.xdc]. These constraints will be ignored for synthesis but will be used in implementation. Impacted constraints are listed in the file [.Xil/design_1_wrapper_propImpl.xdc].
Resolution: To avoid this warning, move constraints listed in [.Xil/design_1_wrapper_propImpl.xdc] to another XDC file and exclude this new file from synthesis with the used_in_synthesis property (File Properties dialog in GUI) and re-run elaboration/synthesis.
Parsing XDC File [d:/ProgramEnvironment/vivado2017/system_aes/system_aes.srcs/sources_1/bd/design_1/ip/design_1_rst_ps7_0_20M_0/design_1_rst_ps7_0_20M_0_board.xdc] for cell 'design_1_i/rst_ps7_0_20M/U0'
Finished Parsing XDC File [d:/ProgramEnvironment/vivado2017/system_aes/system_aes.srcs/sources_1/bd/design_1/ip/design_1_rst_ps7_0_20M_0/design_1_rst_ps7_0_20M_0_board.xdc] for cell 'design_1_i/rst_ps7_0_20M/U0'
Parsing XDC File [d:/ProgramEnvironment/vivado2017/system_aes/system_aes.srcs/sources_1/bd/design_1/ip/design_1_rst_ps7_0_20M_0/design_1_rst_ps7_0_20M_0.xdc] for cell 'design_1_i/rst_ps7_0_20M/U0'
Finished Parsing XDC File [d:/ProgramEnvironment/vivado2017/system_aes/system_aes.srcs/sources_1/bd/design_1/ip/design_1_rst_ps7_0_20M_0/design_1_rst_ps7_0_20M_0.xdc] for cell 'design_1_i/rst_ps7_0_20M/U0'
Parsing XDC File [D:/ProgramEnvironment/vivado2017/system_aes/system_aes.srcs/constrs_1/new/design_1_wrapper.xdc]
Finished Parsing XDC File [D:/ProgramEnvironment/vivado2017/system_aes/system_aes.srcs/constrs_1/new/design_1_wrapper.xdc]
Parsing XDC File [D:/ProgramEnvironment/vivado2017/system_aes/system_aes.runs/synth_1/dont_touch.xdc]
Finished Parsing XDC File [D:/ProgramEnvironment/vivado2017/system_aes/system_aes.runs/synth_1/dont_touch.xdc]
INFO: [Project 1-236] Implementation specific constraints were found while reading constraint file [D:/ProgramEnvironment/vivado2017/system_aes/system_aes.runs/synth_1/dont_touch.xdc]. These constraints will be ignored for synthesis but will be used in implementation. Impacted constraints are listed in the file [.Xil/design_1_wrapper_propImpl.xdc].
Resolution: To avoid this warning, move constraints listed in [.Xil/design_1_wrapper_propImpl.xdc] to another XDC file and exclude this new file from synthesis with the used_in_synthesis property (File Properties dialog in GUI) and re-run elaboration/synthesis.
Sourcing Tcl File [D:/xilinx-vivado2017/Vivado/2017.4/data/ip/xpm/xpm_cdc/tcl/xpm_cdc_async_rst.tcl] for cell 'design_1_i/axi_interconnect_0/m00_couplers/auto_ds/inst/gen_downsizer.gen_simple_downsizer.axi_downsizer_inst/USE_READ.read_addr_inst/cmd_queue/inst/fifo_gen_inst/inst_fifo_gen/gconvfifo.rf/grf.rf/rstblk/ngwrdrst.grst.g7serrst.gnsckt_wrst.rst_wr_reg2_inst'
Finished Sourcing Tcl File [D:/xilinx-vivado2017/Vivado/2017.4/data/ip/xpm/xpm_cdc/tcl/xpm_cdc_async_rst.tcl] for cell 'design_1_i/axi_interconnect_0/m00_couplers/auto_ds/inst/gen_downsizer.gen_simple_downsizer.axi_downsizer_inst/USE_READ.read_addr_inst/cmd_queue/inst/fifo_gen_inst/inst_fifo_gen/gconvfifo.rf/grf.rf/rstblk/ngwrdrst.grst.g7serrst.gnsckt_wrst.rst_wr_reg2_inst'
Sourcing Tcl File [D:/xilinx-vivado2017/Vivado/2017.4/data/ip/xpm/xpm_cdc/tcl/xpm_cdc_async_rst.tcl] for cell 'design_1_i/axi_interconnect_0/m00_couplers/auto_ds/inst/gen_downsizer.gen_simple_downsizer.axi_downsizer_inst/USE_WRITE.write_addr_inst/USE_B_CHANNEL.cmd_b_queue/inst/fifo_gen_inst/inst_fifo_gen/gconvfifo.rf/grf.rf/rstblk/ngwrdrst.grst.g7serrst.gnsckt_wrst.rst_wr_reg2_inst'
Finished Sourcing Tcl File [D:/xilinx-vivado2017/Vivado/2017.4/data/ip/xpm/xpm_cdc/tcl/xpm_cdc_async_rst.tcl] for cell 'design_1_i/axi_interconnect_0/m00_couplers/auto_ds/inst/gen_downsizer.gen_simple_downsizer.axi_downsizer_inst/USE_WRITE.write_addr_inst/USE_B_CHANNEL.cmd_b_queue/inst/fifo_gen_inst/inst_fifo_gen/gconvfifo.rf/grf.rf/rstblk/ngwrdrst.grst.g7serrst.gnsckt_wrst.rst_wr_reg2_inst'
Sourcing Tcl File [D:/xilinx-vivado2017/Vivado/2017.4/data/ip/xpm/xpm_cdc/tcl/xpm_cdc_async_rst.tcl] for cell 'design_1_i/axi_interconnect_0/m00_couplers/auto_ds/inst/gen_downsizer.gen_simple_downsizer.axi_downsizer_inst/USE_WRITE.write_addr_inst/cmd_queue/inst/fifo_gen_inst/inst_fifo_gen/gconvfifo.rf/grf.rf/rstblk/ngwrdrst.grst.g7serrst.gnsckt_wrst.rst_wr_reg2_inst'
Finished Sourcing Tcl File [D:/xilinx-vivado2017/Vivado/2017.4/data/ip/xpm/xpm_cdc/tcl/xpm_cdc_async_rst.tcl] for cell 'design_1_i/axi_interconnect_0/m00_couplers/auto_ds/inst/gen_downsizer.gen_simple_downsizer.axi_downsizer_inst/USE_WRITE.write_addr_inst/cmd_queue/inst/fifo_gen_inst/inst_fifo_gen/gconvfifo.rf/grf.rf/rstblk/ngwrdrst.grst.g7serrst.gnsckt_wrst.rst_wr_reg2_inst'
INFO: [Project 1-236] Implementation specific constraints were found while reading constraint file [D:/xilinx-vivado2017/Vivado/2017.4/data/ip/xpm/xpm_cdc/tcl/xpm_cdc_async_rst.tcl]. These constraints will be ignored for synthesis but will be used in implementation. Impacted constraints are listed in the file [.Xil/design_1_wrapper_propImpl.xdc].
Resolution: To avoid this warning, move constraints listed in [.Xil/design_1_wrapper_propImpl.xdc] to another XDC file and exclude this new file from synthesis with the used_in_synthesis property (File Properties dialog in GUI) and re-run elaboration/synthesis.
Completed Processing XDC Constraints

INFO: [Project 1-111] Unisim Transformation Summary:
  A total of 18 instances were transformed.
  FDR => FDRE: 13 instances
  MUXCY_L => MUXCY: 4 instances
  SRL16 => SRL16E: 1 instances

Constraint Validation Runtime : Time (s): cpu = 00:00:00 ; elapsed = 00:00:00.034 . Memory (MB): peak = 1059.434 ; gain = 0.000
---------------------------------------------------------------------------------
Finished Constraint Validation : Time (s): cpu = 00:02:25 ; elapsed = 00:02:28 . Memory (MB): peak = 1059.434 ; gain = 728.922
---------------------------------------------------------------------------------
---------------------------------------------------------------------------------
Start Loading Part and Timing Information
---------------------------------------------------------------------------------
Loading part: xc7z020clg400-1
---------------------------------------------------------------------------------
Finished Loading Part and Timing Information : Time (s): cpu = 00:02:25 ; elapsed = 00:02:28 . Memory (MB): peak = 1059.434 ; gain = 728.922
---------------------------------------------------------------------------------
---------------------------------------------------------------------------------
Start Applying 'set_property' XDC Constraints
---------------------------------------------------------------------------------
Applied set_property DONT_TOUCH = true for design_1_i/processing_system7_0/inst. (constraint file  D:/ProgramEnvironment/vivado2017/system_aes/system_aes.runs/synth_1/dont_touch.xdc, line 46).
Applied set_property DONT_TOUCH = true for design_1_i/rst_ps7_0_20M/U0. (constraint file  D:/ProgramEnvironment/vivado2017/system_aes/system_aes.runs/synth_1/dont_touch.xdc, line 55).
Applied set_property DONT_TOUCH = true for design_1_i/axi_interconnect_0/m00_couplers/auto_ds/inst. (constraint file  D:/ProgramEnvironment/vivado2017/system_aes/system_aes.runs/synth_1/dont_touch.xdc, line 65).
Applied set_property DONT_TOUCH = true for design_1_i/axi_interconnect_0/s00_couplers/auto_us/inst. (constraint file  D:/ProgramEnvironment/vivado2017/system_aes/system_aes.runs/synth_1/dont_touch.xdc, line 74).
Applied set_property DONT_TOUCH = true for design_1_i. (constraint file  auto generated constraint, line ).
Applied set_property DONT_TOUCH = true for design_1_i/AES_IP_TOP_0. (constraint file  auto generated constraint, line ).
Applied set_property DONT_TOUCH = true for design_1_i/axi_apb_bridge_0. (constraint file  auto generated constraint, line ).
Applied set_property DONT_TOUCH = true for design_1_i/axi_bram_ctrl_0. (constraint file  auto generated constraint, line ).
Applied set_property DONT_TOUCH = true for design_1_i/axi_interconnect_0. (constraint file  auto generated constraint, line ).
Applied set_property DONT_TOUCH = true for design_1_i/axi_interconnect_0/m00_couplers/auto_ds. (constraint file  auto generated constraint, line ).
Applied set_property DONT_TOUCH = true for design_1_i/axi_interconnect_0/m00_couplers/auto_ds/inst/\gen_downsizer.gen_simple_downsizer.axi_downsizer_inst /\USE_READ.read_addr_inst /cmd_queue/inst/fifo_gen_inst/inst_fifo_gen/\gconvfifo.rf /\grf.rf /rstblk/\ngwrdrst.grst.g7serrst.gnsckt_wrst.rst_wr_reg2_inst . (constraint file  auto generated constraint, line ).
Applied set_property DONT_TOUCH = true for design_1_i/axi_interconnect_0/m00_couplers/auto_ds/inst/\gen_downsizer.gen_simple_downsizer.axi_downsizer_inst /\USE_WRITE.write_addr_inst /\USE_B_CHANNEL.cmd_b_queue /inst/fifo_gen_inst/inst_fifo_gen/\gconvfifo.rf /\grf.rf /rstblk/\ngwrdrst.grst.g7serrst.gnsckt_wrst.rst_wr_reg2_inst . (constraint file  auto generated constraint, line ).
Applied set_property DONT_TOUCH = true for design_1_i/axi_interconnect_0/m00_couplers/auto_ds/inst/\gen_downsizer.gen_simple_downsizer.axi_downsizer_inst /\USE_WRITE.write_addr_inst /cmd_queue/inst/fifo_gen_inst/inst_fifo_gen/\gconvfifo.rf /\grf.rf /rstblk/\ngwrdrst.grst.g7serrst.gnsckt_wrst.rst_wr_reg2_inst . (constraint file  auto generated constraint, line ).
Applied set_property DONT_TOUCH = true for design_1_i/axi_interconnect_0/m00_couplers/auto_pc. (constraint file  auto generated constraint, line ).
Applied set_property DONT_TOUCH = true for design_1_i/axi_interconnect_0/s00_couplers/auto_pc. (constraint file  auto generated constraint, line ).
Applied set_property DONT_TOUCH = true for design_1_i/axi_interconnect_0/s00_couplers/auto_us. (constraint file  auto generated constraint, line ).
Applied set_property DONT_TOUCH = true for design_1_i/axi_interconnect_0/xbar. (constraint file  auto generated constraint, line ).
Applied set_property DONT_TOUCH = true for design_1_i/blk_mem_gen_0. (constraint file  auto generated constraint, line ).
Applied set_property DONT_TOUCH = true for design_1_i/processing_system7_0. (constraint file  auto generated constraint, line ).
Applied set_property DONT_TOUCH = true for design_1_i/rst_ps7_0_20M. (constraint file  auto generated constraint, line ).
---------------------------------------------------------------------------------
Finished applying 'set_property' XDC Constraints : Time (s): cpu = 00:02:25 ; elapsed = 00:02:29 . Memory (MB): peak = 1059.434 ; gain = 728.922
---------------------------------------------------------------------------------
INFO: [Synth 8-5546] ROM "r_slt_module" won't be mapped to RAM because it is too sparse
INFO: [Synth 8-5546] ROM "r_read_addr" won't be mapped to RAM because it is too sparse
INFO: [Synth 8-5546] ROM "r_write_addr" won't be mapped to RAM because it is too sparse
INFO: [Synth 8-5546] ROM "r_key0_ready" won't be mapped to RAM because it is too sparse
INFO: [Synth 8-5546] ROM "r_key1_ready" won't be mapped to RAM because it is too sparse
INFO: [Synth 8-5546] ROM "r_key2_ready" won't be mapped to RAM because it is too sparse
INFO: [Synth 8-5546] ROM "r_key3_ready" won't be mapped to RAM because it is too sparse
INFO: [Synth 8-5546] ROM "r_prdata" won't be mapped to RAM because it is too sparse
WARNING: [Synth 8-6014] Unused sequential element num_entries_reg was removed.  [d:/ProgramEnvironment/vivado2017/system_aes/system_aes.srcs/sources_1/bd/design_1/ipshared/744f/afifo_count.v:129]
INFO: [Synth 8-4471] merging register 'write_ERROR_reg' into 'write_compare_done_reg' [d:/ProgramEnvironment/vivado2017/system_aes/system_aes.srcs/sources_1/bd/design_1/ipshared/rtl/aes_ip_v1_0_M00_AXI.v:254]
WARNING: [Synth 8-6014] Unused sequential element write_ERROR_reg was removed.  [d:/ProgramEnvironment/vivado2017/system_aes/system_aes.srcs/sources_1/bd/design_1/ipshared/rtl/aes_ip_v1_0_M00_AXI.v:254]
WARNING: [Synth 8-6014] Unused sequential element read_burst_counter_reg was removed.  [d:/ProgramEnvironment/vivado2017/system_aes/system_aes.srcs/sources_1/bd/design_1/ipshared/rtl/aes_ip_v1_0_M00_AXI.v:779]
INFO: [Synth 8-5545] ROM "NEXT_KEY_reg[1]" won't be mapped to RAM because address size (32) is larger than maximum supported(25)
INFO: [Synth 8-5545] ROM "NEXT_KEY_reg[2]" won't be mapped to RAM because address size (32) is larger than maximum supported(25)
INFO: [Synth 8-5545] ROM "NEXT_KEY_reg[3]" won't be mapped to RAM because address size (32) is larger than maximum supported(25)
INFO: [Synth 8-5545] ROM "NEXT_KEY_reg[4]" won't be mapped to RAM because address size (32) is larger than maximum supported(25)
INFO: [Synth 8-5545] ROM "NEXT_KEY_reg[5]" won't be mapped to RAM because address size (32) is larger than maximum supported(25)
INFO: [Synth 8-5545] ROM "NEXT_KEY_reg[6]" won't be mapped to RAM because address size (32) is larger than maximum supported(25)
INFO: [Synth 8-5545] ROM "NEXT_KEY_reg[7]" won't be mapped to RAM because address size (32) is larger than maximum supported(25)
INFO: [Synth 8-5545] ROM "NEXT_KEY_reg[8]" won't be mapped to RAM because address size (32) is larger than maximum supported(25)
INFO: [Synth 8-5545] ROM "NEXT_KEY_reg[9]" won't be mapped to RAM because address size (32) is larger than maximum supported(25)
INFO: [Synth 8-5545] ROM "NEXT_KEY_reg[10]" won't be mapped to RAM because address size (32) is larger than maximum supported(25)
INFO: [Synth 8-5544] ROM "ROUND_KEY_reg[0]" won't be mapped to Block RAM because address size (4) smaller than threshold (5)
INFO: [Synth 8-5544] ROM "ROUND_KEY_reg[1]" won't be mapped to Block RAM because address size (4) smaller than threshold (5)
INFO: [Synth 8-5544] ROM "ROUND_KEY_reg[2]" won't be mapped to Block RAM because address size (4) smaller than threshold (5)
INFO: [Synth 8-5544] ROM "ROUND_KEY_reg[3]" won't be mapped to Block RAM because address size (4) smaller than threshold (5)
INFO: [Synth 8-5544] ROM "ROUND_KEY_reg[4]" won't be mapped to Block RAM because address size (4) smaller than threshold (5)
INFO: [Synth 8-5544] ROM "ROUND_KEY_reg[5]" won't be mapped to Block RAM because address size (4) smaller than threshold (5)
INFO: [Synth 8-5544] ROM "ROUND_KEY_reg[6]" won't be mapped to Block RAM because address size (4) smaller than threshold (5)
INFO: [Synth 8-5544] ROM "ROUND_KEY_reg[7]" won't be mapped to Block RAM because address size (4) smaller than threshold (5)
INFO: [Synth 8-5544] ROM "ROUND_KEY_reg[8]" won't be mapped to Block RAM because address size (4) smaller than threshold (5)
INFO: [Synth 8-5544] ROM "ROUND_KEY_reg[9]" won't be mapped to Block RAM because address size (4) smaller than threshold (5)
INFO: [Synth 8-5544] ROM "in_key" won't be mapped to Block RAM because address size (2) smaller than threshold (5)
INFO: [Synth 8-5544] ROM "rk_ready_reg" won't be mapped to Block RAM because address size (2) smaller than threshold (5)
WARNING: [Synth 8-6014] Unused sequential element i_reg was removed.  [d:/ProgramEnvironment/vivado2017/system_aes/system_aes.srcs/sources_1/bd/design_1/ipshared/744f/aes_top.v:60]
INFO: [Synth 8-802] inferred FSM for state register 'axi_wr_rd_cs_reg' in module 'axilite_sif'
INFO: [Synth 8-5544] ROM "axi_wr_rd_ns" won't be mapped to Block RAM because address size (1) smaller than threshold (5)
INFO: [Synth 8-5544] ROM "axi_wr_rd_ns" won't be mapped to Block RAM because address size (1) smaller than threshold (5)
INFO: [Synth 8-5544] ROM "max_wrap_burst" won't be mapped to Block RAM because address size (2) smaller than threshold (5)
INFO: [Synth 8-5544] ROM "max_wrap_burst" won't be mapped to Block RAM because address size (3) smaller than threshold (5)
INFO: [Synth 8-5544] ROM "max_wrap_burst" won't be mapped to Block RAM because address size (4) smaller than threshold (5)
INFO: [Synth 8-5544] ROM "wrap_burst_total_cmb" won't be mapped to Block RAM because address size (4) smaller than threshold (5)
INFO: [Synth 8-5544] ROM "wrap_burst_total_cmb" won't be mapped to Block RAM because address size (4) smaller than threshold (5)
INFO: [Synth 8-5544] ROM "wrap_burst_total_cmb" won't be mapped to Block RAM because address size (4) smaller than threshold (5)
INFO: [Synth 8-5544] ROM "wrap_burst_total_cmb" won't be mapped to Block RAM because address size (4) smaller than threshold (5)
INFO: [Synth 8-5544] ROM "buffer_Empty" won't be mapped to Block RAM because address size (4) smaller than threshold (5)
INFO: [Synth 8-5544] ROM "buffer_Full" won't be mapped to Block RAM because address size (4) smaller than threshold (5)
INFO: [Synth 8-4471] merging register 'GEN_AW_DUAL.last_data_ack_mod_reg' into 'GEN_NARROW_EN.axi_wlast_d1_reg' [d:/ProgramEnvironment/vivado2017/system_aes/system_aes.srcs/sources_1/bd/design_1/ipshared/20fd/hdl/axi_bram_ctrl_v4_0_rfs.vhd:18637]
WARNING: [Synth 8-6014] Unused sequential element GEN_AW_DUAL.last_data_ack_mod_reg was removed.  [d:/ProgramEnvironment/vivado2017/system_aes/system_aes.srcs/sources_1/bd/design_1/ipshared/20fd/hdl/axi_bram_ctrl_v4_0_rfs.vhd:18637]
INFO: [Synth 8-802] inferred FSM for state register 'GEN_WDATA_SM_NO_ECC_DUAL_REG_WREADY.wr_data_sm_cs_reg' in module 'wr_chnl'
INFO: [Synth 8-5544] ROM "bvalid_cnt_max" won't be mapped to Block RAM because address size (3) smaller than threshold (5)
INFO: [Synth 8-5544] ROM "curr_wrap_burst" won't be mapped to Block RAM because address size (2) smaller than threshold (5)
INFO: [Synth 8-5544] ROM "curr_incr_burst" won't be mapped to Block RAM because address size (2) smaller than threshold (5)
INFO: [Synth 8-5544] ROM "curr_fixed_burst" won't be mapped to Block RAM because address size (2) smaller than threshold (5)
INFO: [Synth 8-5544] ROM "bvalid_cnt_amax" won't be mapped to Block RAM because address size (3) smaller than threshold (5)
INFO: [Synth 8-5544] ROM "axi_awburst_pipe_fixed" won't be mapped to Block RAM because address size (2) smaller than threshold (5)
INFO: [Synth 8-5544] ROM "wr_data_sm_ns" won't be mapped to Block RAM because address size (1) smaller than threshold (5)
INFO: [Synth 8-5544] ROM "wr_data_sm_ns" won't be mapped to Block RAM because address size (1) smaller than threshold (5)
INFO: [Synth 8-5544] ROM "wr_data_sm_ns" won't be mapped to Block RAM because address size (1) smaller than threshold (5)
INFO: [Synth 8-802] inferred FSM for state register 'rd_data_sm_cs_reg' in module 'rd_chnl'
INFO: [Synth 8-802] inferred FSM for state register 'rlast_sm_cs_reg' in module 'rd_chnl'
INFO: [Synth 8-5544] ROM "curr_wrap_burst" won't be mapped to Block RAM because address size (2) smaller than threshold (5)
INFO: [Synth 8-5544] ROM "curr_incr_burst" won't be mapped to Block RAM because address size (2) smaller than threshold (5)
INFO: [Synth 8-5544] ROM "curr_fixed_burst" won't be mapped to Block RAM because address size (2) smaller than threshold (5)
INFO: [Synth 8-5544] ROM "axi_arsize_pipe_max" won't be mapped to Block RAM because address size (3) smaller than threshold (5)
INFO: [Synth 8-5546] ROM "axi_rd_burst_two" won't be mapped to RAM because it is too sparse
INFO: [Synth 8-5546] ROM "set_last_bram_addr" won't be mapped to RAM because it is too sparse
INFO: [Synth 8-5544] ROM "axi_arburst_pipe_fixed" won't be mapped to Block RAM because address size (2) smaller than threshold (5)
INFO: [Synth 8-5544] ROM "axi_rvalid_set_cmb" won't be mapped to Block RAM because address size (4) smaller than threshold (5)
INFO: [Synth 8-5544] ROM "rd_data_sm_ns" won't be mapped to Block RAM because address size (1) smaller than threshold (5)
INFO: [Synth 8-5544] ROM "rd_data_sm_ns" won't be mapped to Block RAM because address size (1) smaller than threshold (5)
INFO: [Synth 8-5544] ROM "rd_data_sm_ns" won't be mapped to Block RAM because address size (1) smaller than threshold (5)
INFO: [Synth 8-5544] ROM "rd_data_sm_ns" won't be mapped to Block RAM because address size (1) smaller than threshold (5)
INFO: [Synth 8-5544] ROM "rd_data_sm_ns" won't be mapped to Block RAM because address size (1) smaller than threshold (5)
INFO: [Synth 8-5544] ROM "rlast_sm_ns" won't be mapped to Block RAM because address size (1) smaller than threshold (5)
WARNING: [Synth 8-6014] Unused sequential element repeat_cnt_reg was removed.  [d:/ProgramEnvironment/vivado2017/system_aes/system_aes.srcs/sources_1/bd/design_1/ipshared/1cdc/hdl/axi_dwidth_converter_v2_1_vlsyn_rfs.v:1443]
INFO: [Synth 8-5544] ROM "leaving_empty_fwft" won't be mapped to Block RAM because address size (2) smaller than threshold (5)
INFO: [Synth 8-5818] HDL ADVISOR - The operator resource <adder> is shared. To prevent sharing consider applying a KEEP on the output of the operator [d:/ProgramEnvironment/vivado2017/system_aes/system_aes.srcs/sources_1/bd/design_1/ipshared/1cdc/hdl/axi_dwidth_converter_v2_1_vlsyn_rfs.v:1135]
WARNING: [Synth 8-6014] Unused sequential element USE_B_CHANNEL.cmd_b_depth_reg was removed.  [d:/ProgramEnvironment/vivado2017/system_aes/system_aes.srcs/sources_1/bd/design_1/ipshared/1cdc/hdl/axi_dwidth_converter_v2_1_vlsyn_rfs.v:1133]
WARNING: [Synth 8-6014] Unused sequential element pushed_commands_reg was removed.  [d:/ProgramEnvironment/vivado2017/system_aes/system_aes.srcs/sources_1/bd/design_1/ipshared/1cdc/hdl/axi_dwidth_converter_v2_1_vlsyn_rfs.v:684]
INFO: [Synth 8-5544] ROM "cmd_step_i" won't be mapped to Block RAM because address size (3) smaller than threshold (5)
INFO: [Synth 8-5544] ROM "split_addr_mask" won't be mapped to Block RAM because address size (3) smaller than threshold (5)
INFO: [Synth 8-5544] ROM "size_mask" won't be mapped to Block RAM because address size (3) smaller than threshold (5)
INFO: [Synth 8-5544] ROM "fix_len" won't be mapped to Block RAM because address size (3) smaller than threshold (5)
INFO: [Synth 8-4471] merging register 'first_mi_word_reg' into 'first_word_reg' [d:/ProgramEnvironment/vivado2017/system_aes/system_aes.srcs/sources_1/bd/design_1/ipshared/1cdc/hdl/axi_dwidth_converter_v2_1_vlsyn_rfs.v:2256]
WARNING: [Synth 8-6014] Unused sequential element first_mi_word_reg was removed.  [d:/ProgramEnvironment/vivado2017/system_aes/system_aes.srcs/sources_1/bd/design_1/ipshared/1cdc/hdl/axi_dwidth_converter_v2_1_vlsyn_rfs.v:2256]
WARNING: [Synth 8-6014] Unused sequential element length_counter_1_reg was removed.  [d:/ProgramEnvironment/vivado2017/system_aes/system_aes.srcs/sources_1/bd/design_1/ipshared/1cdc/hdl/axi_dwidth_converter_v2_1_vlsyn_rfs.v:2257]
INFO: [Synth 8-5818] HDL ADVISOR - The operator resource <adder> is shared. To prevent sharing consider applying a KEEP on the output of the operator [d:/ProgramEnvironment/vivado2017/system_aes/system_aes.srcs/sources_1/bd/design_1/ipshared/1cdc/hdl/axi_dwidth_converter_v2_1_vlsyn_rfs.v:1056]
WARNING: [Synth 8-6014] Unused sequential element pushed_commands_reg was removed.  [d:/ProgramEnvironment/vivado2017/system_aes/system_aes.srcs/sources_1/bd/design_1/ipshared/1cdc/hdl/axi_dwidth_converter_v2_1_vlsyn_rfs.v:684]
WARNING: [Synth 8-6014] Unused sequential element cmd_depth_reg was removed.  [d:/ProgramEnvironment/vivado2017/system_aes/system_aes.srcs/sources_1/bd/design_1/ipshared/1cdc/hdl/axi_dwidth_converter_v2_1_vlsyn_rfs.v:1054]
INFO: [Synth 8-5544] ROM "cmd_step_i" won't be mapped to Block RAM because address size (3) smaller than threshold (5)
INFO: [Synth 8-5544] ROM "split_addr_mask" won't be mapped to Block RAM because address size (3) smaller than threshold (5)
INFO: [Synth 8-5544] ROM "size_mask" won't be mapped to Block RAM because address size (3) smaller than threshold (5)
INFO: [Synth 8-5544] ROM "fix_len" won't be mapped to Block RAM because address size (3) smaller than threshold (5)
INFO: [Synth 8-4471] merging register 'first_word_reg' into 'first_mi_word_reg' [d:/ProgramEnvironment/vivado2017/system_aes/system_aes.srcs/sources_1/bd/design_1/ipshared/1cdc/hdl/axi_dwidth_converter_v2_1_vlsyn_rfs.v:1780]
WARNING: [Synth 8-6014] Unused sequential element first_word_reg was removed.  [d:/ProgramEnvironment/vivado2017/system_aes/system_aes.srcs/sources_1/bd/design_1/ipshared/1cdc/hdl/axi_dwidth_converter_v2_1_vlsyn_rfs.v:1780]
WARNING: [Synth 8-6014] Unused sequential element length_counter_1_reg was removed.  [d:/ProgramEnvironment/vivado2017/system_aes/system_aes.srcs/sources_1/bd/design_1/ipshared/1cdc/hdl/axi_dwidth_converter_v2_1_vlsyn_rfs.v:1812]
WARNING: [Synth 8-6014] Unused sequential element memory_reg[3] was removed.  [d:/ProgramEnvironment/vivado2017/system_aes/system_aes.srcs/sources_1/bd/design_1/ipshared/ff69/hdl/axi_protocol_converter_v2_1_vl_rfs.v:2857]
WARNING: [Synth 8-6014] Unused sequential element memory_reg[2] was removed.  [d:/ProgramEnvironment/vivado2017/system_aes/system_aes.srcs/sources_1/bd/design_1/ipshared/ff69/hdl/axi_protocol_converter_v2_1_vl_rfs.v:2857]
WARNING: [Synth 8-6014] Unused sequential element memory_reg[1] was removed.  [d:/ProgramEnvironment/vivado2017/system_aes/system_aes.srcs/sources_1/bd/design_1/ipshared/ff69/hdl/axi_protocol_converter_v2_1_vl_rfs.v:2857]
WARNING: [Synth 8-6014] Unused sequential element memory_reg[0] was removed.  [d:/ProgramEnvironment/vivado2017/system_aes/system_aes.srcs/sources_1/bd/design_1/ipshared/ff69/hdl/axi_protocol_converter_v2_1_vl_rfs.v:2857]
WARNING: [Synth 8-6014] Unused sequential element memory_reg[3] was removed.  [d:/ProgramEnvironment/vivado2017/system_aes/system_aes.srcs/sources_1/bd/design_1/ipshared/ff69/hdl/axi_protocol_converter_v2_1_vl_rfs.v:2857]
WARNING: [Synth 8-6014] Unused sequential element memory_reg[2] was removed.  [d:/ProgramEnvironment/vivado2017/system_aes/system_aes.srcs/sources_1/bd/design_1/ipshared/ff69/hdl/axi_protocol_converter_v2_1_vl_rfs.v:2857]
WARNING: [Synth 8-6014] Unused sequential element memory_reg[1] was removed.  [d:/ProgramEnvironment/vivado2017/system_aes/system_aes.srcs/sources_1/bd/design_1/ipshared/ff69/hdl/axi_protocol_converter_v2_1_vl_rfs.v:2857]
WARNING: [Synth 8-6014] Unused sequential element memory_reg[0] was removed.  [d:/ProgramEnvironment/vivado2017/system_aes/system_aes.srcs/sources_1/bd/design_1/ipshared/ff69/hdl/axi_protocol_converter_v2_1_vl_rfs.v:2857]
WARNING: [Synth 8-6014] Unused sequential element bresp_cnt_reg was removed.  [d:/ProgramEnvironment/vivado2017/system_aes/system_aes.srcs/sources_1/bd/design_1/ipshared/ff69/hdl/axi_protocol_converter_v2_1_vl_rfs.v:3759]
WARNING: [Synth 8-6014] Unused sequential element memory_reg[31] was removed.  [d:/ProgramEnvironment/vivado2017/system_aes/system_aes.srcs/sources_1/bd/design_1/ipshared/ff69/hdl/axi_protocol_converter_v2_1_vl_rfs.v:2857]
WARNING: [Synth 8-6014] Unused sequential element memory_reg[30] was removed.  [d:/ProgramEnvironment/vivado2017/system_aes/system_aes.srcs/sources_1/bd/design_1/ipshared/ff69/hdl/axi_protocol_converter_v2_1_vl_rfs.v:2857]
WARNING: [Synth 8-6014] Unused sequential element memory_reg[29] was removed.  [d:/ProgramEnvironment/vivado2017/system_aes/system_aes.srcs/sources_1/bd/design_1/ipshared/ff69/hdl/axi_protocol_converter_v2_1_vl_rfs.v:2857]
WARNING: [Synth 8-6014] Unused sequential element memory_reg[28] was removed.  [d:/ProgramEnvironment/vivado2017/system_aes/system_aes.srcs/sources_1/bd/design_1/ipshared/ff69/hdl/axi_protocol_converter_v2_1_vl_rfs.v:2857]
WARNING: [Synth 8-6014] Unused sequential element memory_reg[27] was removed.  [d:/ProgramEnvironment/vivado2017/system_aes/system_aes.srcs/sources_1/bd/design_1/ipshared/ff69/hdl/axi_protocol_converter_v2_1_vl_rfs.v:2857]
WARNING: [Synth 8-6014] Unused sequential element memory_reg[26] was removed.  [d:/ProgramEnvironment/vivado2017/system_aes/system_aes.srcs/sources_1/bd/design_1/ipshared/ff69/hdl/axi_protocol_converter_v2_1_vl_rfs.v:2857]
WARNING: [Synth 8-6014] Unused sequential element memory_reg[25] was removed.  [d:/ProgramEnvironment/vivado2017/system_aes/system_aes.srcs/sources_1/bd/design_1/ipshared/ff69/hdl/axi_protocol_converter_v2_1_vl_rfs.v:2857]
WARNING: [Synth 8-6014] Unused sequential element memory_reg[24] was removed.  [d:/ProgramEnvironment/vivado2017/system_aes/system_aes.srcs/sources_1/bd/design_1/ipshared/ff69/hdl/axi_protocol_converter_v2_1_vl_rfs.v:2857]
WARNING: [Synth 8-6014] Unused sequential element memory_reg[23] was removed.  [d:/ProgramEnvironment/vivado2017/system_aes/system_aes.srcs/sources_1/bd/design_1/ipshared/ff69/hdl/axi_protocol_converter_v2_1_vl_rfs.v:2857]
WARNING: [Synth 8-6014] Unused sequential element memory_reg[22] was removed.  [d:/ProgramEnvironment/vivado2017/system_aes/system_aes.srcs/sources_1/bd/design_1/ipshared/ff69/hdl/axi_protocol_converter_v2_1_vl_rfs.v:2857]
WARNING: [Synth 8-6014] Unused sequential element memory_reg[21] was removed.  [d:/ProgramEnvironment/vivado2017/system_aes/system_aes.srcs/sources_1/bd/design_1/ipshared/ff69/hdl/axi_protocol_converter_v2_1_vl_rfs.v:2857]
WARNING: [Synth 8-6014] Unused sequential element memory_reg[20] was removed.  [d:/ProgramEnvironment/vivado2017/system_aes/system_aes.srcs/sources_1/bd/design_1/ipshared/ff69/hdl/axi_protocol_converter_v2_1_vl_rfs.v:2857]
WARNING: [Synth 8-6014] Unused sequential element memory_reg[19] was removed.  [d:/ProgramEnvironment/vivado2017/system_aes/system_aes.srcs/sources_1/bd/design_1/ipshared/ff69/hdl/axi_protocol_converter_v2_1_vl_rfs.v:2857]
WARNING: [Synth 8-6014] Unused sequential element memory_reg[18] was removed.  [d:/ProgramEnvironment/vivado2017/system_aes/system_aes.srcs/sources_1/bd/design_1/ipshared/ff69/hdl/axi_protocol_converter_v2_1_vl_rfs.v:2857]
WARNING: [Synth 8-6014] Unused sequential element memory_reg[17] was removed.  [d:/ProgramEnvironment/vivado2017/system_aes/system_aes.srcs/sources_1/bd/design_1/ipshared/ff69/hdl/axi_protocol_converter_v2_1_vl_rfs.v:2857]
WARNING: [Synth 8-6014] Unused sequential element memory_reg[16] was removed.  [d:/ProgramEnvironment/vivado2017/system_aes/system_aes.srcs/sources_1/bd/design_1/ipshared/ff69/hdl/axi_protocol_converter_v2_1_vl_rfs.v:2857]
WARNING: [Synth 8-6014] Unused sequential element memory_reg[15] was removed.  [d:/ProgramEnvironment/vivado2017/system_aes/system_aes.srcs/sources_1/bd/design_1/ipshared/ff69/hdl/axi_protocol_converter_v2_1_vl_rfs.v:2857]
WARNING: [Synth 8-6014] Unused sequential element memory_reg[14] was removed.  [d:/ProgramEnvironment/vivado2017/system_aes/system_aes.srcs/sources_1/bd/design_1/ipshared/ff69/hdl/axi_protocol_converter_v2_1_vl_rfs.v:2857]
WARNING: [Synth 8-6014] Unused sequential element memory_reg[13] was removed.  [d:/ProgramEnvironment/vivado2017/system_aes/system_aes.srcs/sources_1/bd/design_1/ipshared/ff69/hdl/axi_protocol_converter_v2_1_vl_rfs.v:2857]
WARNING: [Synth 8-6014] Unused sequential element memory_reg[12] was removed.  [d:/ProgramEnvironment/vivado2017/system_aes/system_aes.srcs/sources_1/bd/design_1/ipshared/ff69/hdl/axi_protocol_converter_v2_1_vl_rfs.v:2857]
WARNING: [Synth 8-6014] Unused sequential element memory_reg[11] was removed.  [d:/ProgramEnvironment/vivado2017/system_aes/system_aes.srcs/sources_1/bd/design_1/ipshared/ff69/hdl/axi_protocol_converter_v2_1_vl_rfs.v:2857]
WARNING: [Synth 8-6014] Unused sequential element memory_reg[10] was removed.  [d:/ProgramEnvironment/vivado2017/system_aes/system_aes.srcs/sources_1/bd/design_1/ipshared/ff69/hdl/axi_protocol_converter_v2_1_vl_rfs.v:2857]
WARNING: [Synth 8-6014] Unused sequential element memory_reg[9] was removed.  [d:/ProgramEnvironment/vivado2017/system_aes/system_aes.srcs/sources_1/bd/design_1/ipshared/ff69/hdl/axi_protocol_converter_v2_1_vl_rfs.v:2857]
WARNING: [Synth 8-6014] Unused sequential element memory_reg[8] was removed.  [d:/ProgramEnvironment/vivado2017/system_aes/system_aes.srcs/sources_1/bd/design_1/ipshared/ff69/hdl/axi_protocol_converter_v2_1_vl_rfs.v:2857]
WARNING: [Synth 8-6014] Unused sequential element memory_reg[7] was removed.  [d:/ProgramEnvironment/vivado2017/system_aes/system_aes.srcs/sources_1/bd/design_1/ipshared/ff69/hdl/axi_protocol_converter_v2_1_vl_rfs.v:2857]
WARNING: [Synth 8-6014] Unused sequential element memory_reg[6] was removed.  [d:/ProgramEnvironment/vivado2017/system_aes/system_aes.srcs/sources_1/bd/design_1/ipshared/ff69/hdl/axi_protocol_converter_v2_1_vl_rfs.v:2857]
WARNING: [Synth 8-6014] Unused sequential element memory_reg[5] was removed.  [d:/ProgramEnvironment/vivado2017/system_aes/system_aes.srcs/sources_1/bd/design_1/ipshared/ff69/hdl/axi_protocol_converter_v2_1_vl_rfs.v:2857]
WARNING: [Synth 8-6014] Unused sequential element memory_reg[4] was removed.  [d:/ProgramEnvironment/vivado2017/system_aes/system_aes.srcs/sources_1/bd/design_1/ipshared/ff69/hdl/axi_protocol_converter_v2_1_vl_rfs.v:2857]
WARNING: [Synth 8-6014] Unused sequential element memory_reg[3] was removed.  [d:/ProgramEnvironment/vivado2017/system_aes/system_aes.srcs/sources_1/bd/design_1/ipshared/ff69/hdl/axi_protocol_converter_v2_1_vl_rfs.v:2857]
WARNING: [Synth 8-6014] Unused sequential element memory_reg[2] was removed.  [d:/ProgramEnvironment/vivado2017/system_aes/system_aes.srcs/sources_1/bd/design_1/ipshared/ff69/hdl/axi_protocol_converter_v2_1_vl_rfs.v:2857]
INFO: [Common 17-14] Message 'Synth 8-6014' appears 100 times and further instances of the messages will be disabled. Use the Tcl command set_msg_config to change the current settings.
INFO: [Synth 8-5818] HDL ADVISOR - The operator resource <adder> is shared. To prevent sharing consider applying a KEEP on the output of the operator [d:/ProgramEnvironment/vivado2017/system_aes/system_aes.srcs/sources_1/bd/design_1/ipshared/b752/hdl/generic_baseblocks_v2_1_vl_rfs.v:868]
INFO: [Synth 8-5818] HDL ADVISOR - The operator resource <adder> is shared. To prevent sharing consider applying a KEEP on the output of the operator [d:/ProgramEnvironment/vivado2017/system_aes/system_aes.srcs/sources_1/bd/design_1/ipshared/b752/hdl/generic_baseblocks_v2_1_vl_rfs.v:868]
INFO: [Synth 8-4471] merging register 'gen_axi.s_axi_rvalid_i_reg' into 'gen_axi.read_cs_reg[0:0]' [d:/ProgramEnvironment/vivado2017/system_aes/system_aes.srcs/sources_1/bd/design_1/ipshared/c631/hdl/axi_crossbar_v2_1_vl_rfs.v:3667]
INFO: [Synth 8-5546] ROM "gen_axi.read_cs" won't be mapped to RAM because it is too sparse
INFO: [Synth 8-5546] ROM "gen_axi.s_axi_rlast_i" won't be mapped to RAM because it is too sparse
INFO: [Synth 8-5546] ROM "gen_axi.s_axi_rlast_i" won't be mapped to RAM because it is too sparse
INFO: [Synth 8-5818] HDL ADVISOR - The operator resource <adder> is shared. To prevent sharing consider applying a KEEP on the output of the operator [d:/ProgramEnvironment/vivado2017/system_aes/system_aes.srcs/sources_1/bd/design_1/ipshared/9909/hdl/axi_data_fifo_v2_1_vl_rfs.v:759]
INFO: [Synth 8-5544] ROM "f_mux_return2" won't be mapped to Block RAM because address size (2) smaller than threshold (5)
INFO: [Synth 8-5544] ROM "f_mux_return2" won't be mapped to Block RAM because address size (2) smaller than threshold (5)
INFO: [Synth 8-5544] ROM "f_mux_return1" won't be mapped to Block RAM because address size (2) smaller than threshold (5)
INFO: [Synth 8-5818] HDL ADVISOR - The operator resource <adder> is shared. To prevent sharing consider applying a KEEP on the output of the operator [d:/ProgramEnvironment/vivado2017/system_aes/system_aes.srcs/sources_1/bd/design_1/ipshared/c631/hdl/axi_crossbar_v2_1_vl_rfs.v:4153]
INFO: [Synth 8-5544] ROM "f_mux_return2" won't be mapped to Block RAM because address size (2) smaller than threshold (5)
INFO: [Synth 8-5544] ROM "f_mux_return2" won't be mapped to Block RAM because address size (2) smaller than threshold (5)
INFO: [Synth 8-5544] ROM "f_mux_return1" won't be mapped to Block RAM because address size (2) smaller than threshold (5)
INFO: [Synth 8-5818] HDL ADVISOR - The operator resource <adder> is shared. To prevent sharing consider applying a KEEP on the output of the operator [d:/ProgramEnvironment/vivado2017/system_aes/system_aes.srcs/sources_1/bd/design_1/ipshared/c631/hdl/axi_crossbar_v2_1_vl_rfs.v:4153]
INFO: [Synth 8-802] inferred FSM for state register 'state_reg' in module 'axi_data_fifo_v2_1_14_axic_reg_srl_fifo'
INFO: [Synth 8-5544] ROM "state" won't be mapped to Block RAM because address size (1) smaller than threshold (5)
INFO: [Synth 8-802] inferred FSM for state register 'state_reg' in module 'axi_data_fifo_v2_1_14_axic_reg_srl_fifo__parameterized0'
INFO: [Synth 8-5544] ROM "state" won't be mapped to Block RAM because address size (1) smaller than threshold (5)
INFO: [Synth 8-5544] ROM "decode_address" won't be mapped to Block RAM because address size (2) smaller than threshold (5)
INFO: [Synth 8-5544] ROM "decode_address0" won't be mapped to Block RAM because address size (2) smaller than threshold (5)
INFO: [Synth 8-802] inferred FSM for state register 'state_reg' in module 'axi_data_fifo_v2_1_14_axic_reg_srl_fifo__parameterized1'
INFO: [Synth 8-5544] ROM "state" won't be mapped to Block RAM because address size (1) smaller than threshold (5)
INFO: [Synth 8-802] inferred FSM for state register 'state_reg' in module 'axi_data_fifo_v2_1_14_axic_reg_srl_fifo__parameterized2'
INFO: [Synth 8-5544] ROM "state" won't be mapped to Block RAM because address size (1) smaller than threshold (5)
INFO: [Synth 8-5818] HDL ADVISOR - The operator resource <adder> is shared. To prevent sharing consider applying a KEEP on the output of the operator [d:/ProgramEnvironment/vivado2017/system_aes/system_aes.srcs/sources_1/bd/design_1/ipshared/c631/hdl/axi_crossbar_v2_1_vl_rfs.v:3091]
INFO: [Synth 8-5818] HDL ADVISOR - The operator resource <adder> is shared. To prevent sharing consider applying a KEEP on the output of the operator [d:/ProgramEnvironment/vivado2017/system_aes/system_aes.srcs/sources_1/bd/design_1/ipshared/c631/hdl/axi_crossbar_v2_1_vl_rfs.v:3091]
INFO: [Synth 8-5818] HDL ADVISOR - The operator resource <adder> is shared. To prevent sharing consider applying a KEEP on the output of the operator [d:/ProgramEnvironment/vivado2017/system_aes/system_aes.srcs/sources_1/bd/design_1/ipshared/c631/hdl/axi_crossbar_v2_1_vl_rfs.v:3086]
INFO: [Synth 8-5818] HDL ADVISOR - The operator resource <adder> is shared. To prevent sharing consider applying a KEEP on the output of the operator [d:/ProgramEnvironment/vivado2017/system_aes/system_aes.srcs/sources_1/bd/design_1/ipshared/c631/hdl/axi_crossbar_v2_1_vl_rfs.v:3086]
INFO: [Synth 8-4471] merging register 'seq_cnt_en_reg' into 'from_sys_reg' [d:/ProgramEnvironment/vivado2017/system_aes/system_aes.srcs/sources_1/bd/design_1/ipshared/f86a/hdl/proc_sys_reset_v5_0_vh_rfs.vhd:377]
WARNING: [Synth 8-327] inferring latch for variable 'next_state_reg' [d:/ProgramEnvironment/vivado2017/system_aes/system_aes.srcs/sources_1/bd/design_1/ipshared/744f/aes_top.v:69]
WARNING: [Synth 8-327] inferring latch for variable 'NEXT_KEY_reg[1]' [d:/ProgramEnvironment/vivado2017/system_aes/system_aes.srcs/sources_1/bd/design_1/ipshared/744f/aes_top.v:89]
WARNING: [Synth 8-327] inferring latch for variable 'NEXT_KEY_reg[2]' [d:/ProgramEnvironment/vivado2017/system_aes/system_aes.srcs/sources_1/bd/design_1/ipshared/744f/aes_top.v:89]
WARNING: [Synth 8-327] inferring latch for variable 'NEXT_KEY_reg[3]' [d:/ProgramEnvironment/vivado2017/system_aes/system_aes.srcs/sources_1/bd/design_1/ipshared/744f/aes_top.v:89]
WARNING: [Synth 8-327] inferring latch for variable 'NEXT_KEY_reg[4]' [d:/ProgramEnvironment/vivado2017/system_aes/system_aes.srcs/sources_1/bd/design_1/ipshared/744f/aes_top.v:89]
WARNING: [Synth 8-327] inferring latch for variable 'NEXT_KEY_reg[5]' [d:/ProgramEnvironment/vivado2017/system_aes/system_aes.srcs/sources_1/bd/design_1/ipshared/744f/aes_top.v:89]
WARNING: [Synth 8-327] inferring latch for variable 'NEXT_KEY_reg[6]' [d:/ProgramEnvironment/vivado2017/system_aes/system_aes.srcs/sources_1/bd/design_1/ipshared/744f/aes_top.v:89]
WARNING: [Synth 8-327] inferring latch for variable 'NEXT_KEY_reg[7]' [d:/ProgramEnvironment/vivado2017/system_aes/system_aes.srcs/sources_1/bd/design_1/ipshared/744f/aes_top.v:89]
WARNING: [Synth 8-327] inferring latch for variable 'NEXT_KEY_reg[8]' [d:/ProgramEnvironment/vivado2017/system_aes/system_aes.srcs/sources_1/bd/design_1/ipshared/744f/aes_top.v:89]
WARNING: [Synth 8-327] inferring latch for variable 'NEXT_KEY_reg[9]' [d:/ProgramEnvironment/vivado2017/system_aes/system_aes.srcs/sources_1/bd/design_1/ipshared/744f/aes_top.v:89]
WARNING: [Synth 8-327] inferring latch for variable 'NEXT_KEY_reg[10]' [d:/ProgramEnvironment/vivado2017/system_aes/system_aes.srcs/sources_1/bd/design_1/ipshared/744f/aes_top.v:89]
WARNING: [Synth 8-327] inferring latch for variable 'ROUND_KEY_reg[9]' [d:/ProgramEnvironment/vivado2017/system_aes/system_aes.srcs/sources_1/bd/design_1/ipshared/744f/aes_top.v:93]
WARNING: [Synth 8-327] inferring latch for variable 'ROUND_KEY_reg[8]' [d:/ProgramEnvironment/vivado2017/system_aes/system_aes.srcs/sources_1/bd/design_1/ipshared/744f/aes_top.v:93]
WARNING: [Synth 8-327] inferring latch for variable 'round_reg' [d:/ProgramEnvironment/vivado2017/system_aes/system_aes.srcs/sources_1/bd/design_1/ipshared/744f/aes_top.v:95]
WARNING: [Synth 8-327] inferring latch for variable 'in_key_reg' [d:/ProgramEnvironment/vivado2017/system_aes/system_aes.srcs/sources_1/bd/design_1/ipshared/744f/aes_top.v:94]
WARNING: [Synth 8-327] inferring latch for variable 'ROUND_KEY_reg[7]' [d:/ProgramEnvironment/vivado2017/system_aes/system_aes.srcs/sources_1/bd/design_1/ipshared/744f/aes_top.v:93]
WARNING: [Synth 8-327] inferring latch for variable 'ROUND_KEY_reg[6]' [d:/ProgramEnvironment/vivado2017/system_aes/system_aes.srcs/sources_1/bd/design_1/ipshared/744f/aes_top.v:93]
WARNING: [Synth 8-327] inferring latch for variable 'ROUND_KEY_reg[5]' [d:/ProgramEnvironment/vivado2017/system_aes/system_aes.srcs/sources_1/bd/design_1/ipshared/744f/aes_top.v:93]
WARNING: [Synth 8-327] inferring latch for variable 'ROUND_KEY_reg[4]' [d:/ProgramEnvironment/vivado2017/system_aes/system_aes.srcs/sources_1/bd/design_1/ipshared/744f/aes_top.v:93]
WARNING: [Synth 8-327] inferring latch for variable 'ROUND_KEY_reg[3]' [d:/ProgramEnvironment/vivado2017/system_aes/system_aes.srcs/sources_1/bd/design_1/ipshared/744f/aes_top.v:93]
WARNING: [Synth 8-327] inferring latch for variable 'ROUND_KEY_reg[2]' [d:/ProgramEnvironment/vivado2017/system_aes/system_aes.srcs/sources_1/bd/design_1/ipshared/744f/aes_top.v:93]
WARNING: [Synth 8-327] inferring latch for variable 'ROUND_KEY_reg[1]' [d:/ProgramEnvironment/vivado2017/system_aes/system_aes.srcs/sources_1/bd/design_1/ipshared/744f/aes_top.v:93]
WARNING: [Synth 8-327] inferring latch for variable 'ROUND_KEY_reg[0]' [d:/ProgramEnvironment/vivado2017/system_aes/system_aes.srcs/sources_1/bd/design_1/ipshared/744f/aes_top.v:93]
---------------------------------------------------------------------------------------------------
                   State |                     New Encoding |                Previous Encoding 
---------------------------------------------------------------------------------------------------
                axi_idle |                              000 |                              000
               read_wait |                              001 |                              110
                    read |                              010 |                              101
                 rd_resp |                              011 |                              111
              write_wait |                              100 |                              011
            write_w_wait |                              101 |                              010
                   write |                              110 |                              001
                 wr_resp |                              111 |                              100
---------------------------------------------------------------------------------------------------
INFO: [Synth 8-3354] encoded FSM with state register 'axi_wr_rd_cs_reg' using encoding 'sequential' in module 'axilite_sif'
---------------------------------------------------------------------------------------------------
                   State |                     New Encoding |                Previous Encoding 
---------------------------------------------------------------------------------------------------
                    idle |                              000 |                              000
            brst_wr_data |                              001 |                              011
          b2b_w8_wr_data |                              010 |                              100
             sng_wr_data |                              011 |                              010
               w8_awaddr |                              100 |                              001
---------------------------------------------------------------------------------------------------
INFO: [Synth 8-3354] encoded FSM with state register 'GEN_WDATA_SM_NO_ECC_DUAL_REG_WREADY.wr_data_sm_cs_reg' using encoding 'sequential' in module 'wr_chnl'
---------------------------------------------------------------------------------------------------
                   State |                     New Encoding |                Previous Encoding 
---------------------------------------------------------------------------------------------------
                    idle |                              000 |                              000
          w8_throttle_b2 |                              001 |                              100
             w8_throttle |                              010 |                              001
        w8_2nd_last_data |                              011 |                              010
            w8_last_data |                              100 |                              011
---------------------------------------------------------------------------------------------------
INFO: [Synth 8-3354] encoded FSM with state register 'rlast_sm_cs_reg' using encoding 'sequential' in module 'rd_chnl'
---------------------------------------------------------------------------------------------------
                   State |                     New Encoding |                Previous Encoding 
---------------------------------------------------------------------------------------------------
                    idle |                             0000 |                             0000
                sng_addr |                             0001 |                             0001
                sec_addr |                             0010 |                             0010
               full_pipe |                             0011 |                             0011
           full_throttle |                             0100 |                             0100
               last_addr |                             0101 |                             0101
           last_throttle |                             0110 |                             0110
               last_data |                             0111 |                             0111
       last_data_ar_pend |                             1000 |                             1000
---------------------------------------------------------------------------------------------------
INFO: [Synth 8-3354] encoded FSM with state register 'rd_data_sm_cs_reg' using encoding 'sequential' in module 'rd_chnl'
---------------------------------------------------------------------------------------------------
                   State |                     New Encoding |                Previous Encoding 
---------------------------------------------------------------------------------------------------
                    ZERO |                             0001 |                               10
                     ONE |                             0010 |                               11
                     TWO |                             1000 |                               01
                  iSTATE |                             0100 |                               00
---------------------------------------------------------------------------------------------------
INFO: [Synth 8-3354] encoded FSM with state register 'state_reg' using encoding 'one-hot' in module 'axi_data_fifo_v2_1_14_axic_reg_srl_fifo'
---------------------------------------------------------------------------------------------------
                   State |                     New Encoding |                Previous Encoding 
---------------------------------------------------------------------------------------------------
                    ZERO |                             0001 |                               10
                     ONE |                             0010 |                               11
                     TWO |                             1000 |                               01
                  iSTATE |                             0100 |                               00
---------------------------------------------------------------------------------------------------
INFO: [Synth 8-3354] encoded FSM with state register 'state_reg' using encoding 'one-hot' in module 'axi_data_fifo_v2_1_14_axic_reg_srl_fifo__parameterized0'
---------------------------------------------------------------------------------------------------
                   State |                     New Encoding |                Previous Encoding 
---------------------------------------------------------------------------------------------------
                    ZERO |                             0001 |                               10
                     ONE |                             0010 |                               11
                     TWO |                             1000 |                               01
                  iSTATE |                             0100 |                               00
---------------------------------------------------------------------------------------------------
INFO: [Synth 8-3354] encoded FSM with state register 'state_reg' using encoding 'one-hot' in module 'axi_data_fifo_v2_1_14_axic_reg_srl_fifo__parameterized1'
---------------------------------------------------------------------------------------------------
                   State |                     New Encoding |                Previous Encoding 
---------------------------------------------------------------------------------------------------
                    ZERO |                             0001 |                               10
                     ONE |                             0010 |                               11
                     TWO |                             1000 |                               01
                  iSTATE |                             0100 |                               00
---------------------------------------------------------------------------------------------------
INFO: [Synth 8-3354] encoded FSM with state register 'state_reg' using encoding 'one-hot' in module 'axi_data_fifo_v2_1_14_axic_reg_srl_fifo__parameterized2'
---------------------------------------------------------------------------------
Finished RTL Optimization Phase 2 : Time (s): cpu = 00:02:31 ; elapsed = 00:02:34 . Memory (MB): peak = 1059.434 ; gain = 728.922
---------------------------------------------------------------------------------

Report RTL Partitions: 
+------+------------------------+------------+----------+
|      |RTL Partition           |Replication |Instances |
+------+------------------------+------------+----------+
|1     |design_1_AES_IP_TOP_0_1 |           1|     36722|
|2     |design_1__GB1           |           1|     20803|
|3     |design_1__GB2           |           1|     12067|
+------+------------------------+------------+----------+
---------------------------------------------------------------------------------
Start RTL Component Statistics 
---------------------------------------------------------------------------------
Detailed RTL Component Info : 
+---Adders : 
	   2 Input     32 Bit       Adders := 30    
	   2 Input     12 Bit       Adders := 8     
	   2 Input      9 Bit       Adders := 4     
	   2 Input      8 Bit       Adders := 18    
	   3 Input      8 Bit       Adders := 2     
	   2 Input      7 Bit       Adders := 3     
	   2 Input      6 Bit       Adders := 6     
	   2 Input      5 Bit       Adders := 17    
	   2 Input      4 Bit       Adders := 25    
	   3 Input      4 Bit       Adders := 2     
	   2 Input      3 Bit       Adders := 10    
	   2 Input      2 Bit       Adders := 22    
	   2 Input      1 Bit       Adders := 3     
+---XORs : 
	   2 Input    128 Bit         XORs := 21    
	   3 Input     32 Bit         XORs := 1     
	   2 Input     32 Bit         XORs := 3     
	   2 Input      1 Bit         XORs := 700   
	   3 Input      1 Bit         XORs := 610   
	   5 Input      1 Bit         XORs := 270   
	   4 Input      1 Bit         XORs := 460   
	   6 Input      1 Bit         XORs := 80    
+---Registers : 
	              145 Bit    Registers := 2     
	              134 Bit    Registers := 6     
	              132 Bit    Registers := 2     
	              128 Bit    Registers := 22    
	               73 Bit    Registers := 2     
	               65 Bit    Registers := 2     
	               62 Bit    Registers := 6     
	               47 Bit    Registers := 2     
	               37 Bit    Registers := 2     
	               36 Bit    Registers := 2     
	               35 Bit    Registers := 2     
	               32 Bit    Registers := 37    
	               29 Bit    Registers := 4     
	               16 Bit    Registers := 1     
	               14 Bit    Registers := 1     
	               12 Bit    Registers := 12    
	               11 Bit    Registers := 2     
	                9 Bit    Registers := 4     
	                8 Bit    Registers := 55    
	                7 Bit    Registers := 4     
	                6 Bit    Registers := 4     
	                5 Bit    Registers := 57    
	                4 Bit    Registers := 36    
	                3 Bit    Registers := 28    
	                2 Bit    Registers := 84    
	                1 Bit    Registers := 767   
+---Muxes : 
	   2 Input    145 Bit        Muxes := 2     
	   2 Input    134 Bit        Muxes := 6     
	   2 Input    132 Bit        Muxes := 2     
	   2 Input    128 Bit        Muxes := 25    
	   2 Input     62 Bit        Muxes := 4     
	   2 Input     47 Bit        Muxes := 2     
	   2 Input     37 Bit        Muxes := 2     
	   2 Input     36 Bit        Muxes := 2     
	   2 Input     32 Bit        Muxes := 30    
	   4 Input     32 Bit        Muxes := 4     
	   8 Input     32 Bit        Muxes := 2     
	   2 Input     24 Bit        Muxes := 6     
	   2 Input     16 Bit        Muxes := 4     
	   2 Input     12 Bit        Muxes := 16    
	   5 Input     12 Bit        Muxes := 2     
	   2 Input      9 Bit        Muxes := 4     
	   2 Input      8 Bit        Muxes := 56    
	   8 Input      8 Bit        Muxes := 4     
	   8 Input      7 Bit        Muxes := 2     
	   2 Input      6 Bit        Muxes := 3     
	   8 Input      6 Bit        Muxes := 4     
	   8 Input      5 Bit        Muxes := 2     
	   2 Input      5 Bit        Muxes := 6     
	   2 Input      4 Bit        Muxes := 51    
	   8 Input      4 Bit        Muxes := 10    
	   4 Input      4 Bit        Muxes := 1     
	   7 Input      4 Bit        Muxes := 5     
	  20 Input      4 Bit        Muxes := 1     
	  13 Input      3 Bit        Muxes := 1     
	   2 Input      3 Bit        Muxes := 16    
	   5 Input      3 Bit        Muxes := 2     
	  11 Input      3 Bit        Muxes := 1     
	   9 Input      3 Bit        Muxes := 1     
	   2 Input      2 Bit        Muxes := 92    
	   5 Input      2 Bit        Muxes := 6     
	   6 Input      2 Bit        Muxes := 1     
	   4 Input      2 Bit        Muxes := 5     
	   3 Input      2 Bit        Muxes := 6     
	  29 Input      1 Bit        Muxes := 1     
	   2 Input      1 Bit        Muxes := 314   
	   8 Input      1 Bit        Muxes := 15    
	   4 Input      1 Bit        Muxes := 40    
	   3 Input      1 Bit        Muxes := 25    
	   5 Input      1 Bit        Muxes := 15    
	   9 Input      1 Bit        Muxes := 24    
---------------------------------------------------------------------------------
Finished RTL Component Statistics 
---------------------------------------------------------------------------------
---------------------------------------------------------------------------------
Start RTL Hierarchical Component Statistics 
---------------------------------------------------------------------------------
Hierarchical RTL Component report 
Module AES_Config_Register 
Detailed RTL Component Info : 
+---Registers : 
	               32 Bit    Registers := 19    
	                1 Bit    Registers := 12    
+---Muxes : 
	  29 Input      1 Bit        Muxes := 1     
	   2 Input      1 Bit        Muxes := 10    
	   8 Input      1 Bit        Muxes := 7     
Module afifo_count 
Detailed RTL Component Info : 
+---Adders : 
	   2 Input      7 Bit       Adders := 2     
	   2 Input      6 Bit       Adders := 2     
+---Registers : 
	                7 Bit    Registers := 1     
	                6 Bit    Registers := 1     
	                1 Bit    Registers := 2     
+---Muxes : 
	   2 Input    128 Bit        Muxes := 1     
	   2 Input      6 Bit        Muxes := 2     
	   2 Input      2 Bit        Muxes := 2     
Module aes_ip_v1_0_M00_AXI 
Detailed RTL Component Info : 
+---Adders : 
	   2 Input     32 Bit       Adders := 2     
	   2 Input      7 Bit       Adders := 1     
	   2 Input      1 Bit       Adders := 1     
+---Registers : 
	               32 Bit    Registers := 2     
	                7 Bit    Registers := 1     
	                2 Bit    Registers := 1     
	                1 Bit    Registers := 21    
+---Muxes : 
	   5 Input      2 Bit        Muxes := 1     
	   2 Input      2 Bit        Muxes := 1     
	   6 Input      2 Bit        Muxes := 1     
	   2 Input      1 Bit        Muxes := 14    
	   4 Input      1 Bit        Muxes := 4     
Module GENERATE_KEY 
Detailed RTL Component Info : 
+---XORs : 
	   3 Input     32 Bit         XORs := 1     
	   2 Input     32 Bit         XORs := 3     
Module MIX_COLUMNS__1 
Detailed RTL Component Info : 
+---XORs : 
	   2 Input      1 Bit         XORs := 59    
	   3 Input      1 Bit         XORs := 61    
	   5 Input      1 Bit         XORs := 27    
	   4 Input      1 Bit         XORs := 46    
	   6 Input      1 Bit         XORs := 8     
Module ROUND_ITERATION__1 
Detailed RTL Component Info : 
+---XORs : 
	   2 Input    128 Bit         XORs := 2     
+---Muxes : 
	   2 Input    128 Bit        Muxes := 1     
Module MIX_COLUMNS__2 
Detailed RTL Component Info : 
+---XORs : 
	   2 Input      1 Bit         XORs := 59    
	   3 Input      1 Bit         XORs := 61    
	   5 Input      1 Bit         XORs := 27    
	   4 Input      1 Bit         XORs := 46    
	   6 Input      1 Bit         XORs := 8     
Module ROUND_ITERATION__2 
Detailed RTL Component Info : 
+---XORs : 
	   2 Input    128 Bit         XORs := 2     
+---Muxes : 
	   2 Input    128 Bit        Muxes := 1     
Module MIX_COLUMNS__3 
Detailed RTL Component Info : 
+---XORs : 
	   2 Input      1 Bit         XORs := 59    
	   3 Input      1 Bit         XORs := 61    
	   5 Input      1 Bit         XORs := 27    
	   4 Input      1 Bit         XORs := 46    
	   6 Input      1 Bit         XORs := 8     
Module ROUND_ITERATION__3 
Detailed RTL Component Info : 
+---XORs : 
	   2 Input    128 Bit         XORs := 2     
+---Muxes : 
	   2 Input    128 Bit        Muxes := 1     
Module MIX_COLUMNS__4 
Detailed RTL Component Info : 
+---XORs : 
	   2 Input      1 Bit         XORs := 59    
	   3 Input      1 Bit         XORs := 61    
	   5 Input      1 Bit         XORs := 27    
	   4 Input      1 Bit         XORs := 46    
	   6 Input      1 Bit         XORs := 8     
Module ROUND_ITERATION__4 
Detailed RTL Component Info : 
+---XORs : 
	   2 Input    128 Bit         XORs := 2     
+---Muxes : 
	   2 Input    128 Bit        Muxes := 1     
Module MIX_COLUMNS__5 
Detailed RTL Component Info : 
+---XORs : 
	   2 Input      1 Bit         XORs := 59    
	   3 Input      1 Bit         XORs := 61    
	   5 Input      1 Bit         XORs := 27    
	   4 Input      1 Bit         XORs := 46    
	   6 Input      1 Bit         XORs := 8     
Module ROUND_ITERATION__5 
Detailed RTL Component Info : 
+---XORs : 
	   2 Input    128 Bit         XORs := 2     
+---Muxes : 
	   2 Input    128 Bit        Muxes := 1     
Module MIX_COLUMNS__6 
Detailed RTL Component Info : 
+---XORs : 
	   2 Input      1 Bit         XORs := 59    
	   3 Input      1 Bit         XORs := 61    
	   5 Input      1 Bit         XORs := 27    
	   4 Input      1 Bit         XORs := 46    
	   6 Input      1 Bit         XORs := 8     
Module ROUND_ITERATION__6 
Detailed RTL Component Info : 
+---XORs : 
	   2 Input    128 Bit         XORs := 2     
+---Muxes : 
	   2 Input    128 Bit        Muxes := 1     
Module MIX_COLUMNS__7 
Detailed RTL Component Info : 
+---XORs : 
	   2 Input      1 Bit         XORs := 59    
	   3 Input      1 Bit         XORs := 61    
	   5 Input      1 Bit         XORs := 27    
	   4 Input      1 Bit         XORs := 46    
	   6 Input      1 Bit         XORs := 8     
Module ROUND_ITERATION__7 
Detailed RTL Component Info : 
+---XORs : 
	   2 Input    128 Bit         XORs := 2     
+---Muxes : 
	   2 Input    128 Bit        Muxes := 1     
Module MIX_COLUMNS__8 
Detailed RTL Component Info : 
+---XORs : 
	   2 Input      1 Bit         XORs := 59    
	   3 Input      1 Bit         XORs := 61    
	   5 Input      1 Bit         XORs := 27    
	   4 Input      1 Bit         XORs := 46    
	   6 Input      1 Bit         XORs := 8     
Module ROUND_ITERATION__8 
Detailed RTL Component Info : 
+---XORs : 
	   2 Input    128 Bit         XORs := 2     
+---Muxes : 
	   2 Input    128 Bit        Muxes := 1     
Module MIX_COLUMNS__9 
Detailed RTL Component Info : 
+---XORs : 
	   2 Input      1 Bit         XORs := 59    
	   3 Input      1 Bit         XORs := 61    
	   5 Input      1 Bit         XORs := 27    
	   4 Input      1 Bit         XORs := 46    
	   6 Input      1 Bit         XORs := 8     
Module ROUND_ITERATION__9 
Detailed RTL Component Info : 
+---XORs : 
	   2 Input    128 Bit         XORs := 2     
+---Muxes : 
	   2 Input    128 Bit        Muxes := 1     
Module MIX_COLUMNS 
Detailed RTL Component Info : 
+---XORs : 
	   2 Input      1 Bit         XORs := 59    
	   3 Input      1 Bit         XORs := 61    
	   5 Input      1 Bit         XORs := 27    
	   4 Input      1 Bit         XORs := 46    
	   6 Input      1 Bit         XORs := 8     
Module ROUND_ITERATION 
Detailed RTL Component Info : 
+---XORs : 
	   2 Input    128 Bit         XORs := 2     
+---Muxes : 
	   2 Input    128 Bit        Muxes := 1     
Module AES128 
Detailed RTL Component Info : 
+---Adders : 
	   2 Input      4 Bit       Adders := 1     
+---XORs : 
	   2 Input    128 Bit         XORs := 1     
+---Registers : 
	              128 Bit    Registers := 20    
	                4 Bit    Registers := 1     
	                2 Bit    Registers := 1     
	                1 Bit    Registers := 14    
+---Muxes : 
	   2 Input    128 Bit        Muxes := 11    
	   5 Input      2 Bit        Muxes := 1     
	   2 Input      1 Bit        Muxes := 4     
	   4 Input      1 Bit        Muxes := 1     
	   3 Input      1 Bit        Muxes := 20    
Module multiplexor 
Detailed RTL Component Info : 
+---Registers : 
	                1 Bit    Registers := 1     
Module axilite_sif 
Detailed RTL Component Info : 
+---Registers : 
	               32 Bit    Registers := 2     
	                1 Bit    Registers := 7     
+---Muxes : 
	   2 Input     32 Bit        Muxes := 4     
	  13 Input      3 Bit        Muxes := 1     
	   2 Input      1 Bit        Muxes := 7     
	   8 Input      1 Bit        Muxes := 8     
Module apb_mif 
Detailed RTL Component Info : 
+---Registers : 
	               32 Bit    Registers := 2     
	                2 Bit    Registers := 1     
	                1 Bit    Registers := 2     
+---Muxes : 
	   2 Input     32 Bit        Muxes := 3     
	   4 Input     32 Bit        Muxes := 1     
	   4 Input      2 Bit        Muxes := 1     
	   2 Input      1 Bit        Muxes := 6     
	   4 Input      1 Bit        Muxes := 5     
Module lpf 
Detailed RTL Component Info : 
+---Registers : 
	                1 Bit    Registers := 3     
Module upcnt_n 
Detailed RTL Component Info : 
+---Adders : 
	   2 Input      6 Bit       Adders := 1     
+---Registers : 
	                6 Bit    Registers := 1     
+---Muxes : 
	   2 Input      6 Bit        Muxes := 1     
	   2 Input      1 Bit        Muxes := 1     
Module sequence_psr 
Detailed RTL Component Info : 
+---Registers : 
	                3 Bit    Registers := 3     
	                1 Bit    Registers := 5     
Module axi_dwidth_converter_v2_1_15_b_downsizer 
Detailed RTL Component Info : 
+---Adders : 
	   2 Input      8 Bit       Adders := 1     
+---Registers : 
	                8 Bit    Registers := 1     
	                2 Bit    Registers := 1     
	                1 Bit    Registers := 1     
+---Muxes : 
	   2 Input      8 Bit        Muxes := 1     
	   2 Input      2 Bit        Muxes := 4     
Module xpm_cdc_async_rst 
Detailed RTL Component Info : 
+---Registers : 
	                2 Bit    Registers := 1     
Module reset_blk_ramfifo__xdcDup__2 
Detailed RTL Component Info : 
+---Registers : 
	                4 Bit    Registers := 1     
Module dmem 
Detailed RTL Component Info : 
+---Registers : 
	                9 Bit    Registers := 1     
Module memory 
Detailed RTL Component Info : 
+---Registers : 
	                9 Bit    Registers := 1     
Module rd_bin_cntr 
Detailed RTL Component Info : 
+---Adders : 
	   2 Input      5 Bit       Adders := 1     
+---Registers : 
	                5 Bit    Registers := 2     
Module compare__4 
Detailed RTL Component Info : 
+---XORs : 
	   2 Input      1 Bit         XORs := 5     
Module compare 
Detailed RTL Component Info : 
+---XORs : 
	   2 Input      1 Bit         XORs := 5     
Module rd_status_flags_ss 
Detailed RTL Component Info : 
+---Registers : 
	                1 Bit    Registers := 2     
Module rd_fwft 
Detailed RTL Component Info : 
+---Registers : 
	                2 Bit    Registers := 1     
	                1 Bit    Registers := 6     
+---Muxes : 
	   2 Input      2 Bit        Muxes := 4     
	   5 Input      2 Bit        Muxes := 1     
	   3 Input      1 Bit        Muxes := 1     
	   2 Input      1 Bit        Muxes := 3     
	   4 Input      1 Bit        Muxes := 2     
Module wr_bin_cntr 
Detailed RTL Component Info : 
+---Adders : 
	   2 Input      5 Bit       Adders := 1     
+---Registers : 
	                5 Bit    Registers := 2     
Module compare__2 
Detailed RTL Component Info : 
+---XORs : 
	   2 Input      1 Bit         XORs := 5     
Module compare__3 
Detailed RTL Component Info : 
+---XORs : 
	   2 Input      1 Bit         XORs := 5     
Module wr_status_flags_ss 
Detailed RTL Component Info : 
+---Registers : 
	                1 Bit    Registers := 2     
Module xpm_cdc_async_rst__4 
Detailed RTL Component Info : 
+---Registers : 
	                2 Bit    Registers := 1     
Module reset_blk_ramfifo 
Detailed RTL Component Info : 
+---Registers : 
	                4 Bit    Registers := 1     
Module dmem__parameterized0 
Detailed RTL Component Info : 
+---Registers : 
	               29 Bit    Registers := 1     
Module memory__parameterized0 
Detailed RTL Component Info : 
+---Registers : 
	               29 Bit    Registers := 1     
Module rd_bin_cntr__3 
Detailed RTL Component Info : 
+---Adders : 
	   2 Input      5 Bit       Adders := 1     
+---Registers : 
	                5 Bit    Registers := 2     
Module compare__12 
Detailed RTL Component Info : 
+---XORs : 
	   2 Input      1 Bit         XORs := 5     
Module compare__11 
Detailed RTL Component Info : 
+---XORs : 
	   2 Input      1 Bit         XORs := 5     
Module rd_status_flags_ss__3 
Detailed RTL Component Info : 
+---Registers : 
	                1 Bit    Registers := 2     
Module rd_fwft__3 
Detailed RTL Component Info : 
+---Registers : 
	                2 Bit    Registers := 1     
	                1 Bit    Registers := 6     
+---Muxes : 
	   2 Input      2 Bit        Muxes := 4     
	   5 Input      2 Bit        Muxes := 1     
	   3 Input      1 Bit        Muxes := 1     
	   2 Input      1 Bit        Muxes := 3     
	   4 Input      1 Bit        Muxes := 2     
Module wr_bin_cntr__3 
Detailed RTL Component Info : 
+---Adders : 
	   2 Input      5 Bit       Adders := 1     
+---Registers : 
	                5 Bit    Registers := 2     
Module compare__8 
Detailed RTL Component Info : 
+---XORs : 
	   2 Input      1 Bit         XORs := 5     
Module compare__7 
Detailed RTL Component Info : 
+---XORs : 
	   2 Input      1 Bit         XORs := 5     
Module wr_status_flags_ss__3 
Detailed RTL Component Info : 
+---Registers : 
	                1 Bit    Registers := 2     
Module axi_dwidth_converter_v2_1_15_a_downsizer 
Detailed RTL Component Info : 
+---Adders : 
	   2 Input     32 Bit       Adders := 1     
	   2 Input      8 Bit       Adders := 2     
	   3 Input      8 Bit       Adders := 1     
	   2 Input      6 Bit       Adders := 1     
+---Registers : 
	               32 Bit    Registers := 4     
	               12 Bit    Registers := 1     
	                8 Bit    Registers := 5     
	                7 Bit    Registers := 1     
	                6 Bit    Registers := 1     
	                5 Bit    Registers := 1     
	                4 Bit    Registers := 5     
	                3 Bit    Registers := 2     
	                2 Bit    Registers := 5     
	                1 Bit    Registers := 15    
+---Muxes : 
	   8 Input     32 Bit        Muxes := 1     
	   2 Input     32 Bit        Muxes := 2     
	   2 Input     12 Bit        Muxes := 1     
	   2 Input      8 Bit        Muxes := 4     
	   8 Input      7 Bit        Muxes := 1     
	   8 Input      5 Bit        Muxes := 1     
	   2 Input      4 Bit        Muxes := 1     
	   8 Input      4 Bit        Muxes := 1     
	   2 Input      3 Bit        Muxes := 1     
	   2 Input      2 Bit        Muxes := 4     
	   2 Input      1 Bit        Muxes := 9     
Module axi_dwidth_converter_v2_1_15_w_downsizer 
Detailed RTL Component Info : 
+---Adders : 
	   2 Input      8 Bit       Adders := 1     
	   2 Input      4 Bit       Adders := 2     
+---Registers : 
	                8 Bit    Registers := 1     
	                4 Bit    Registers := 1     
	                1 Bit    Registers := 1     
+---Muxes : 
	   4 Input     32 Bit        Muxes := 1     
	   2 Input      8 Bit        Muxes := 2     
	   8 Input      4 Bit        Muxes := 1     
	   2 Input      4 Bit        Muxes := 1     
	   4 Input      4 Bit        Muxes := 1     
Module xpm_cdc_async_rst__3 
Detailed RTL Component Info : 
+---Registers : 
	                2 Bit    Registers := 1     
Module reset_blk_ramfifo__xdcDup__1 
Detailed RTL Component Info : 
+---Registers : 
	                4 Bit    Registers := 1     
Module dmem__parameterized0__2 
Detailed RTL Component Info : 
+---Registers : 
	               29 Bit    Registers := 1     
Module memory__parameterized0__2 
Detailed RTL Component Info : 
+---Registers : 
	               29 Bit    Registers := 1     
Module rd_bin_cntr__2 
Detailed RTL Component Info : 
+---Adders : 
	   2 Input      5 Bit       Adders := 1     
+---Registers : 
	                5 Bit    Registers := 2     
Module compare__10 
Detailed RTL Component Info : 
+---XORs : 
	   2 Input      1 Bit         XORs := 5     
Module compare__9 
Detailed RTL Component Info : 
+---XORs : 
	   2 Input      1 Bit         XORs := 5     
Module rd_status_flags_ss__2 
Detailed RTL Component Info : 
+---Registers : 
	                1 Bit    Registers := 2     
Module rd_fwft__2 
Detailed RTL Component Info : 
+---Registers : 
	                2 Bit    Registers := 1     
	                1 Bit    Registers := 6     
+---Muxes : 
	   2 Input      2 Bit        Muxes := 4     
	   5 Input      2 Bit        Muxes := 1     
	   3 Input      1 Bit        Muxes := 1     
	   2 Input      1 Bit        Muxes := 3     
	   4 Input      1 Bit        Muxes := 2     
Module wr_bin_cntr__2 
Detailed RTL Component Info : 
+---Adders : 
	   2 Input      5 Bit       Adders := 1     
+---Registers : 
	                5 Bit    Registers := 2     
Module compare__6 
Detailed RTL Component Info : 
+---XORs : 
	   2 Input      1 Bit         XORs := 5     
Module compare__5 
Detailed RTL Component Info : 
+---XORs : 
	   2 Input      1 Bit         XORs := 5     
Module wr_status_flags_ss__2 
Detailed RTL Component Info : 
+---Registers : 
	                1 Bit    Registers := 2     
Module axi_dwidth_converter_v2_1_15_a_downsizer__parameterized0 
Detailed RTL Component Info : 
+---Adders : 
	   2 Input     32 Bit       Adders := 1     
	   2 Input      8 Bit       Adders := 2     
	   3 Input      8 Bit       Adders := 1     
	   2 Input      6 Bit       Adders := 1     
+---Registers : 
	               32 Bit    Registers := 4     
	               12 Bit    Registers := 1     
	                8 Bit    Registers := 5     
	                7 Bit    Registers := 1     
	                6 Bit    Registers := 1     
	                5 Bit    Registers := 1     
	                4 Bit    Registers := 5     
	                3 Bit    Registers := 2     
	                2 Bit    Registers := 5     
	                1 Bit    Registers := 14    
+---Muxes : 
	   8 Input     32 Bit        Muxes := 1     
	   2 Input     32 Bit        Muxes := 2     
	   2 Input     12 Bit        Muxes := 1     
	   2 Input      8 Bit        Muxes := 2     
	   8 Input      7 Bit        Muxes := 1     
	   8 Input      5 Bit        Muxes := 1     
	   2 Input      4 Bit        Muxes := 1     
	   8 Input      4 Bit        Muxes := 1     
	   2 Input      3 Bit        Muxes := 1     
	   2 Input      2 Bit        Muxes := 4     
	   2 Input      1 Bit        Muxes := 8     
Module axi_dwidth_converter_v2_1_15_r_downsizer 
Detailed RTL Component Info : 
+---Adders : 
	   2 Input      8 Bit       Adders := 1     
	   2 Input      4 Bit       Adders := 2     
+---Registers : 
	               32 Bit    Registers := 4     
	                8 Bit    Registers := 1     
	                4 Bit    Registers := 1     
	                2 Bit    Registers := 1     
	                1 Bit    Registers := 1     
+---Muxes : 
	   2 Input     32 Bit        Muxes := 4     
	   2 Input      8 Bit        Muxes := 2     
	   8 Input      4 Bit        Muxes := 1     
	   2 Input      4 Bit        Muxes := 1     
	   2 Input      2 Bit        Muxes := 2     
	   2 Input      1 Bit        Muxes := 1     
	   4 Input      1 Bit        Muxes := 1     
Module axi_protocol_converter_v2_1_15_b2s_incr_cmd 
Detailed RTL Component Info : 
+---Adders : 
	   2 Input     12 Bit       Adders := 3     
	   2 Input      9 Bit       Adders := 1     
+---Registers : 
	               12 Bit    Registers := 1     
	                9 Bit    Registers := 1     
	                1 Bit    Registers := 2     
+---Muxes : 
	   2 Input     32 Bit        Muxes := 1     
	   2 Input     12 Bit        Muxes := 1     
	   2 Input      9 Bit        Muxes := 2     
	   2 Input      4 Bit        Muxes := 1     
	   2 Input      1 Bit        Muxes := 4     
Module axi_protocol_converter_v2_1_15_b2s_wrap_cmd 
Detailed RTL Component Info : 
+---Adders : 
	   2 Input     12 Bit       Adders := 1     
	   2 Input      5 Bit       Adders := 1     
	   2 Input      4 Bit       Adders := 2     
+---Registers : 
	               12 Bit    Registers := 2     
	                5 Bit    Registers := 1     
	                4 Bit    Registers := 3     
	                1 Bit    Registers := 2     
+---Muxes : 
	   2 Input     32 Bit        Muxes := 1     
	   2 Input     12 Bit        Muxes := 2     
	   2 Input      5 Bit        Muxes := 2     
	   2 Input      4 Bit        Muxes := 8     
	   2 Input      1 Bit        Muxes := 4     
Module axi_protocol_converter_v2_1_15_b2s_cmd_translator 
Detailed RTL Component Info : 
+---Registers : 
	                1 Bit    Registers := 3     
+---Muxes : 
	   2 Input     32 Bit        Muxes := 2     
	   2 Input      1 Bit        Muxes := 4     
Module axi_protocol_converter_v2_1_15_b2s_wr_cmd_fsm 
Detailed RTL Component Info : 
+---Registers : 
	                2 Bit    Registers := 1     
+---Muxes : 
	   2 Input      2 Bit        Muxes := 2     
	   4 Input      2 Bit        Muxes := 1     
Module axi_protocol_converter_v2_1_15_b2s_aw_channel 
Detailed RTL Component Info : 
+---Registers : 
	                8 Bit    Registers := 1     
	                1 Bit    Registers := 1     
Module axi_protocol_converter_v2_1_15_b2s_simple_fifo 
Detailed RTL Component Info : 
+---Adders : 
	   2 Input      2 Bit       Adders := 1     
+---Registers : 
	                2 Bit    Registers := 1     
+---Muxes : 
	   2 Input      2 Bit        Muxes := 1     
Module axi_protocol_converter_v2_1_15_b2s_simple_fifo__parameterized0 
Detailed RTL Component Info : 
+---Adders : 
	   2 Input      2 Bit       Adders := 2     
+---Registers : 
	                2 Bit    Registers := 1     
+---Muxes : 
	   2 Input      2 Bit        Muxes := 2     
Module axi_protocol_converter_v2_1_15_b2s_b_channel 
Detailed RTL Component Info : 
+---Adders : 
	   2 Input      8 Bit       Adders := 1     
+---Registers : 
	                8 Bit    Registers := 1     
	                2 Bit    Registers := 1     
	                1 Bit    Registers := 3     
Module axi_protocol_converter_v2_1_15_b2s_incr_cmd__1 
Detailed RTL Component Info : 
+---Adders : 
	   2 Input     12 Bit       Adders := 3     
	   2 Input      9 Bit       Adders := 1     
+---Registers : 
	               12 Bit    Registers := 1     
	                9 Bit    Registers := 1     
	                1 Bit    Registers := 2     
+---Muxes : 
	   2 Input     32 Bit        Muxes := 1     
	   2 Input     12 Bit        Muxes := 1     
	   2 Input      9 Bit        Muxes := 2     
	   2 Input      4 Bit        Muxes := 1     
	   2 Input      1 Bit        Muxes := 4     
Module axi_protocol_converter_v2_1_15_b2s_wrap_cmd__1 
Detailed RTL Component Info : 
+---Adders : 
	   2 Input     12 Bit       Adders := 1     
	   2 Input      5 Bit       Adders := 1     
	   2 Input      4 Bit       Adders := 2     
+---Registers : 
	               12 Bit    Registers := 2     
	                5 Bit    Registers := 1     
	                4 Bit    Registers := 3     
	                1 Bit    Registers := 2     
+---Muxes : 
	   2 Input     32 Bit        Muxes := 1     
	   2 Input     12 Bit        Muxes := 2     
	   2 Input      5 Bit        Muxes := 2     
	   2 Input      4 Bit        Muxes := 8     
	   2 Input      1 Bit        Muxes := 4     
Module axi_protocol_converter_v2_1_15_b2s_cmd_translator__1 
Detailed RTL Component Info : 
+---Registers : 
	                1 Bit    Registers := 3     
+---Muxes : 
	   2 Input     32 Bit        Muxes := 2     
	   2 Input      1 Bit        Muxes := 4     
Module axi_protocol_converter_v2_1_15_b2s_rd_cmd_fsm 
Detailed RTL Component Info : 
+---Registers : 
	                2 Bit    Registers := 1     
+---Muxes : 
	   5 Input      2 Bit        Muxes := 1     
	   2 Input      2 Bit        Muxes := 1     
Module axi_protocol_converter_v2_1_15_b2s_ar_channel 
Detailed RTL Component Info : 
+---Registers : 
	                1 Bit    Registers := 1     
Module axi_protocol_converter_v2_1_15_b2s_simple_fifo__parameterized1 
Detailed RTL Component Info : 
+---Adders : 
	   2 Input      5 Bit       Adders := 2     
+---Registers : 
	                5 Bit    Registers := 1     
+---Muxes : 
	   2 Input      5 Bit        Muxes := 2     
Module axi_protocol_converter_v2_1_15_b2s_simple_fifo__parameterized2 
Detailed RTL Component Info : 
+---Adders : 
	   2 Input      5 Bit       Adders := 1     
+---Registers : 
	                5 Bit    Registers := 1     
+---Muxes : 
	   2 Input      2 Bit        Muxes := 1     
Module axi_protocol_converter_v2_1_15_b2s_r_channel 
Detailed RTL Component Info : 
+---Registers : 
	                1 Bit    Registers := 3     
Module axi_register_slice_v2_1_15_axic_register_slice__1 
Detailed RTL Component Info : 
+---Registers : 
	               62 Bit    Registers := 2     
	                2 Bit    Registers := 1     
	                1 Bit    Registers := 2     
+---Muxes : 
	   2 Input     62 Bit        Muxes := 2     
Module axi_register_slice_v2_1_15_axic_register_slice__parameterized1 
Detailed RTL Component Info : 
+---Registers : 
	                3 Bit    Registers := 2     
	                2 Bit    Registers := 1     
	                1 Bit    Registers := 2     
+---Muxes : 
	   2 Input      3 Bit        Muxes := 2     
Module axi_register_slice_v2_1_15_axic_register_slice 
Detailed RTL Component Info : 
+---Registers : 
	               62 Bit    Registers := 2     
	                2 Bit    Registers := 1     
	                1 Bit    Registers := 2     
+---Muxes : 
	   2 Input     62 Bit        Muxes := 2     
Module axi_register_slice_v2_1_15_axic_register_slice__parameterized2 
Detailed RTL Component Info : 
+---Registers : 
	               36 Bit    Registers := 2     
	                2 Bit    Registers := 1     
	                1 Bit    Registers := 2     
+---Muxes : 
	   2 Input     36 Bit        Muxes := 2     
Module axi_protocol_converter_v2_1_15_b2s 
Detailed RTL Component Info : 
+---Registers : 
	                1 Bit    Registers := 1     
Module axi_dwidth_converter_v2_1_15_w_upsizer 
Detailed RTL Component Info : 
+---Adders : 
	   2 Input      8 Bit       Adders := 1     
	   2 Input      4 Bit       Adders := 1     
+---Registers : 
	                8 Bit    Registers := 33    
	                4 Bit    Registers := 2     
	                1 Bit    Registers := 37    
+---Muxes : 
	   2 Input      8 Bit        Muxes := 34    
	   2 Input      4 Bit        Muxes := 3     
	   2 Input      1 Bit        Muxes := 34    
Module generic_baseblocks_v2_1_0_command_fifo 
Detailed RTL Component Info : 
+---Adders : 
	   2 Input      5 Bit       Adders := 1     
+---Registers : 
	               12 Bit    Registers := 1     
	                5 Bit    Registers := 1     
	                1 Bit    Registers := 3     
+---Muxes : 
	   2 Input      2 Bit        Muxes := 1     
	   2 Input      1 Bit        Muxes := 1     
Module generic_baseblocks_v2_1_0_command_fifo__parameterized0 
Detailed RTL Component Info : 
+---Adders : 
	   2 Input      5 Bit       Adders := 1     
+---Registers : 
	               35 Bit    Registers := 1     
	                5 Bit    Registers := 1     
	                1 Bit    Registers := 3     
+---Muxes : 
	   2 Input      2 Bit        Muxes := 1     
	   2 Input      1 Bit        Muxes := 1     
Module axi_dwidth_converter_v2_1_15_a_upsizer 
Detailed RTL Component Info : 
+---Adders : 
	   2 Input      8 Bit       Adders := 1     
	   2 Input      6 Bit       Adders := 1     
	   2 Input      5 Bit       Adders := 1     
	   2 Input      4 Bit       Adders := 1     
+---Registers : 
	                1 Bit    Registers := 1     
+---Muxes : 
	   2 Input     32 Bit        Muxes := 3     
	   8 Input      8 Bit        Muxes := 2     
	   2 Input      8 Bit        Muxes := 1     
	   8 Input      4 Bit        Muxes := 3     
	   2 Input      4 Bit        Muxes := 2     
	   2 Input      3 Bit        Muxes := 1     
	   2 Input      2 Bit        Muxes := 2     
Module axi_dwidth_converter_v2_1_15_r_upsizer 
Detailed RTL Component Info : 
+---Adders : 
	   2 Input      8 Bit       Adders := 1     
	   2 Input      4 Bit       Adders := 1     
+---Registers : 
	              128 Bit    Registers := 1     
	                8 Bit    Registers := 1     
	                4 Bit    Registers := 2     
	                2 Bit    Registers := 1     
	                1 Bit    Registers := 4     
+---Muxes : 
	   4 Input     32 Bit        Muxes := 2     
	   2 Input     32 Bit        Muxes := 1     
	   2 Input      8 Bit        Muxes := 2     
	   2 Input      4 Bit        Muxes := 2     
	   2 Input      2 Bit        Muxes := 1     
	   2 Input      1 Bit        Muxes := 2     
Module axi_register_slice_v2_1_15_axic_register_slice__parameterized7__1 
Detailed RTL Component Info : 
+---Registers : 
	               62 Bit    Registers := 1     
	                2 Bit    Registers := 1     
	                1 Bit    Registers := 2     
+---Muxes : 
	   2 Input      1 Bit        Muxes := 2     
Module axi_register_slice_v2_1_15_axic_register_slice__parameterized8 
Detailed RTL Component Info : 
+---Registers : 
	              145 Bit    Registers := 2     
	                2 Bit    Registers := 1     
	                1 Bit    Registers := 2     
+---Muxes : 
	   2 Input    145 Bit        Muxes := 2     
Module axi_register_slice_v2_1_15_axic_register_slice__parameterized9 
Detailed RTL Component Info : 
+---Registers : 
	                3 Bit    Registers := 1     
	                2 Bit    Registers := 1     
	                1 Bit    Registers := 2     
+---Muxes : 
	   2 Input      1 Bit        Muxes := 2     
Module axi_register_slice_v2_1_15_axic_register_slice__parameterized7 
Detailed RTL Component Info : 
+---Registers : 
	               62 Bit    Registers := 1     
	                2 Bit    Registers := 1     
	                1 Bit    Registers := 2     
+---Muxes : 
	   2 Input      1 Bit        Muxes := 2     
Module axi_register_slice_v2_1_15_axic_register_slice__parameterized10 
Detailed RTL Component Info : 
+---Registers : 
	              132 Bit    Registers := 2     
	                2 Bit    Registers := 1     
	                1 Bit    Registers := 2     
+---Muxes : 
	   2 Input    132 Bit        Muxes := 2     
Module generic_baseblocks_v2_1_0_command_fifo__1 
Detailed RTL Component Info : 
+---Adders : 
	   2 Input      5 Bit       Adders := 1     
+---Registers : 
	               12 Bit    Registers := 1     
	                5 Bit    Registers := 1     
	                1 Bit    Registers := 3     
+---Muxes : 
	   2 Input      2 Bit        Muxes := 1     
	   2 Input      1 Bit        Muxes := 1     
Module generic_baseblocks_v2_1_0_command_fifo__parameterized0__1 
Detailed RTL Component Info : 
+---Adders : 
	   2 Input      5 Bit       Adders := 1     
+---Registers : 
	               35 Bit    Registers := 1     
	                5 Bit    Registers := 1     
	                1 Bit    Registers := 3     
+---Muxes : 
	   2 Input      2 Bit        Muxes := 1     
	   2 Input      1 Bit        Muxes := 1     
Module axi_dwidth_converter_v2_1_15_a_upsizer__parameterized0 
Detailed RTL Component Info : 
+---Adders : 
	   2 Input      8 Bit       Adders := 1     
	   2 Input      5 Bit       Adders := 1     
	   2 Input      4 Bit       Adders := 1     
+---Registers : 
	                1 Bit    Registers := 1     
+---Muxes : 
	   2 Input     32 Bit        Muxes := 3     
	   8 Input      8 Bit        Muxes := 2     
	   2 Input      8 Bit        Muxes := 1     
	   8 Input      4 Bit        Muxes := 3     
	   2 Input      4 Bit        Muxes := 2     
	   2 Input      3 Bit        Muxes := 1     
	   2 Input      2 Bit        Muxes := 2     
Module axi_register_slice_v2_1_15_axic_register_slice__parameterized11__1 
Detailed RTL Component Info : 
+---Registers : 
	               73 Bit    Registers := 1     
	                2 Bit    Registers := 1     
	                1 Bit    Registers := 2     
+---Muxes : 
	   2 Input      1 Bit        Muxes := 2     
Module axi_register_slice_v2_1_15_axic_register_slice__parameterized12 
Detailed RTL Component Info : 
+---Registers : 
	               37 Bit    Registers := 2     
	                2 Bit    Registers := 1     
	                1 Bit    Registers := 2     
+---Muxes : 
	   2 Input     37 Bit        Muxes := 2     
Module axi_register_slice_v2_1_15_axic_register_slice__parameterized13 
Detailed RTL Component Info : 
+---Registers : 
	               14 Bit    Registers := 1     
	                2 Bit    Registers := 1     
	                1 Bit    Registers := 2     
+---Muxes : 
	   2 Input      1 Bit        Muxes := 2     
Module axi_register_slice_v2_1_15_axic_register_slice__parameterized11 
Detailed RTL Component Info : 
+---Registers : 
	               73 Bit    Registers := 1     
	                2 Bit    Registers := 1     
	                1 Bit    Registers := 2     
+---Muxes : 
	   2 Input      1 Bit        Muxes := 2     
Module axi_register_slice_v2_1_15_axic_register_slice__parameterized14 
Detailed RTL Component Info : 
+---Registers : 
	               47 Bit    Registers := 2     
	                2 Bit    Registers := 1     
	                1 Bit    Registers := 2     
+---Muxes : 
	   2 Input     47 Bit        Muxes := 2     
Module axi_crossbar_v2_1_16_decerr_slave 
Detailed RTL Component Info : 
+---Adders : 
	   2 Input      8 Bit       Adders := 1     
+---Registers : 
	                8 Bit    Registers := 1     
	                2 Bit    Registers := 3     
	                1 Bit    Registers := 6     
+---Muxes : 
	   2 Input      8 Bit        Muxes := 1     
	   4 Input      2 Bit        Muxes := 1     
	   4 Input      1 Bit        Muxes := 8     
	   2 Input      1 Bit        Muxes := 12    
	   3 Input      1 Bit        Muxes := 1     
Module axi_crossbar_v2_1_16_addr_arbiter__1 
Detailed RTL Component Info : 
+---Registers : 
	               65 Bit    Registers := 1     
	                3 Bit    Registers := 1     
	                2 Bit    Registers := 4     
	                1 Bit    Registers := 3     
+---Muxes : 
	   2 Input      1 Bit        Muxes := 5     
Module axi_crossbar_v2_1_16_addr_arbiter 
Detailed RTL Component Info : 
+---Registers : 
	               65 Bit    Registers := 1     
	                3 Bit    Registers := 1     
	                2 Bit    Registers := 4     
	                1 Bit    Registers := 3     
+---Muxes : 
	   2 Input      1 Bit        Muxes := 5     
Module axi_crossbar_v2_1_16_splitter__1 
Detailed RTL Component Info : 
+---Registers : 
	                2 Bit    Registers := 1     
Module axi_crossbar_v2_1_16_addr_decoder 
Detailed RTL Component Info : 
+---Muxes : 
	   2 Input      2 Bit        Muxes := 1     
Module axi_data_fifo_v2_1_14_axic_srl_fifo 
Detailed RTL Component Info : 
+---Adders : 
	   2 Input      4 Bit       Adders := 1     
+---XORs : 
	   2 Input      1 Bit         XORs := 1     
+---Registers : 
	                4 Bit    Registers := 1     
	                1 Bit    Registers := 1     
+---Muxes : 
	   2 Input      2 Bit        Muxes := 1     
	   2 Input      1 Bit        Muxes := 1     
Module generic_baseblocks_v2_1_0_mux_enc 
Detailed RTL Component Info : 
+---Muxes : 
	   2 Input      1 Bit        Muxes := 3     
Module axi_crossbar_v2_1_16_si_transactor 
Detailed RTL Component Info : 
+---Adders : 
	   2 Input      4 Bit       Adders := 1     
+---Registers : 
	                4 Bit    Registers := 2     
	                3 Bit    Registers := 1     
	                2 Bit    Registers := 1     
+---Muxes : 
	   2 Input      3 Bit        Muxes := 1     
	   2 Input      2 Bit        Muxes := 2     
	   2 Input      1 Bit        Muxes := 1     
Module axi_crossbar_v2_1_16_addr_decoder__3 
Detailed RTL Component Info : 
+---Muxes : 
	   2 Input      2 Bit        Muxes := 1     
Module axi_data_fifo_v2_1_14_axic_srl_fifo__1 
Detailed RTL Component Info : 
+---Adders : 
	   2 Input      4 Bit       Adders := 1     
+---XORs : 
	   2 Input      1 Bit         XORs := 1     
+---Registers : 
	                4 Bit    Registers := 1     
	                1 Bit    Registers := 1     
+---Muxes : 
	   2 Input      2 Bit        Muxes := 1     
	   2 Input      1 Bit        Muxes := 1     
Module generic_baseblocks_v2_1_0_mux_enc__parameterized0 
Detailed RTL Component Info : 
+---Muxes : 
	   2 Input      1 Bit        Muxes := 3     
Module axi_crossbar_v2_1_16_si_transactor__parameterized0 
Detailed RTL Component Info : 
+---Adders : 
	   2 Input      4 Bit       Adders := 1     
+---Registers : 
	                4 Bit    Registers := 2     
	                3 Bit    Registers := 1     
	                2 Bit    Registers := 1     
+---Muxes : 
	   2 Input      3 Bit        Muxes := 1     
	   2 Input      2 Bit        Muxes := 2     
	   2 Input      1 Bit        Muxes := 1     
Module axi_crossbar_v2_1_16_splitter__2 
Detailed RTL Component Info : 
+---Registers : 
	                2 Bit    Registers := 1     
Module axi_data_fifo_v2_1_14_axic_reg_srl_fifo 
Detailed RTL Component Info : 
+---Adders : 
	   2 Input      3 Bit       Adders := 2     
+---XORs : 
	   2 Input      1 Bit         XORs := 1     
+---Registers : 
	                3 Bit    Registers := 1     
	                2 Bit    Registers := 1     
	                1 Bit    Registers := 3     
+---Muxes : 
	   7 Input      4 Bit        Muxes := 1     
	   2 Input      3 Bit        Muxes := 1     
	   2 Input      2 Bit        Muxes := 1     
	   2 Input      1 Bit        Muxes := 5     
	   4 Input      1 Bit        Muxes := 3     
Module axi_crossbar_v2_1_16_addr_decoder__2 
Detailed RTL Component Info : 
+---Muxes : 
	   2 Input      2 Bit        Muxes := 1     
Module axi_crossbar_v2_1_16_arbiter_resp 
Detailed RTL Component Info : 
+---Registers : 
	                3 Bit    Registers := 2     
Module generic_baseblocks_v2_1_0_mux_enc__1 
Detailed RTL Component Info : 
+---Muxes : 
	   2 Input      1 Bit        Muxes := 3     
Module axi_data_fifo_v2_1_14_axic_srl_fifo__parameterized0__3 
Detailed RTL Component Info : 
+---Adders : 
	   2 Input      2 Bit       Adders := 1     
+---XORs : 
	   2 Input      1 Bit         XORs := 1     
+---Registers : 
	                2 Bit    Registers := 1     
	                1 Bit    Registers := 1     
+---Muxes : 
	   2 Input      2 Bit        Muxes := 1     
	   2 Input      1 Bit        Muxes := 1     
Module axi_data_fifo_v2_1_14_axic_srl_fifo__parameterized0 
Detailed RTL Component Info : 
+---Adders : 
	   2 Input      2 Bit       Adders := 1     
+---XORs : 
	   2 Input      1 Bit         XORs := 1     
+---Registers : 
	                2 Bit    Registers := 1     
	                1 Bit    Registers := 1     
+---Muxes : 
	   2 Input      2 Bit        Muxes := 1     
	   2 Input      1 Bit        Muxes := 1     
Module axi_crossbar_v2_1_16_si_transactor__parameterized1 
Detailed RTL Component Info : 
+---Adders : 
	   2 Input      2 Bit       Adders := 5     
+---Registers : 
	                2 Bit    Registers := 1     
+---Muxes : 
	   2 Input     16 Bit        Muxes := 2     
	   2 Input      3 Bit        Muxes := 1     
	   2 Input      2 Bit        Muxes := 4     
	   3 Input      2 Bit        Muxes := 2     
	   2 Input      1 Bit        Muxes := 1     
Module axi_crossbar_v2_1_16_addr_decoder__1 
Detailed RTL Component Info : 
+---Muxes : 
	   2 Input      2 Bit        Muxes := 1     
Module axi_crossbar_v2_1_16_arbiter_resp__1 
Detailed RTL Component Info : 
+---Registers : 
	                3 Bit    Registers := 2     
Module generic_baseblocks_v2_1_0_mux_enc__parameterized0__1 
Detailed RTL Component Info : 
+---Muxes : 
	   2 Input      1 Bit        Muxes := 3     
Module axi_data_fifo_v2_1_14_axic_srl_fifo__parameterized0__1 
Detailed RTL Component Info : 
+---Adders : 
	   2 Input      2 Bit       Adders := 1     
+---XORs : 
	   2 Input      1 Bit         XORs := 1     
+---Registers : 
	                2 Bit    Registers := 1     
	                1 Bit    Registers := 1     
+---Muxes : 
	   2 Input      2 Bit        Muxes := 1     
	   2 Input      1 Bit        Muxes := 1     
Module axi_data_fifo_v2_1_14_axic_srl_fifo__parameterized0__2 
Detailed RTL Component Info : 
+---Adders : 
	   2 Input      2 Bit       Adders := 1     
+---XORs : 
	   2 Input      1 Bit         XORs := 1     
+---Registers : 
	                2 Bit    Registers := 1     
	                1 Bit    Registers := 1     
+---Muxes : 
	   2 Input      2 Bit        Muxes := 1     
	   2 Input      1 Bit        Muxes := 1     
Module axi_crossbar_v2_1_16_si_transactor__parameterized2 
Detailed RTL Component Info : 
+---Adders : 
	   2 Input      2 Bit       Adders := 5     
+---Registers : 
	                2 Bit    Registers := 1     
+---Muxes : 
	   2 Input     16 Bit        Muxes := 2     
	   2 Input      3 Bit        Muxes := 1     
	   2 Input      2 Bit        Muxes := 4     
	   3 Input      2 Bit        Muxes := 2     
	   2 Input      1 Bit        Muxes := 1     
Module axi_crossbar_v2_1_16_splitter 
Detailed RTL Component Info : 
+---Registers : 
	                2 Bit    Registers := 1     
Module axi_data_fifo_v2_1_14_axic_reg_srl_fifo__parameterized0 
Detailed RTL Component Info : 
+---Adders : 
	   2 Input      2 Bit       Adders := 2     
+---XORs : 
	   2 Input      1 Bit         XORs := 1     
+---Registers : 
	                2 Bit    Registers := 2     
	                1 Bit    Registers := 3     
+---Muxes : 
	   7 Input      4 Bit        Muxes := 1     
	   2 Input      2 Bit        Muxes := 2     
	   2 Input      1 Bit        Muxes := 5     
	   4 Input      1 Bit        Muxes := 3     
Module axi_crossbar_v2_1_16_addr_decoder__parameterized0__1 
Detailed RTL Component Info : 
+---Muxes : 
	   2 Input      2 Bit        Muxes := 1     
	   2 Input      1 Bit        Muxes := 1     
Module axi_crossbar_v2_1_16_addr_decoder__parameterized0__2 
Detailed RTL Component Info : 
+---Muxes : 
	   2 Input      2 Bit        Muxes := 1     
	   2 Input      1 Bit        Muxes := 1     
Module axi_data_fifo_v2_1_14_axic_srl_fifo__parameterized1__1 
Detailed RTL Component Info : 
+---Adders : 
	   2 Input      3 Bit       Adders := 1     
+---XORs : 
	   2 Input      1 Bit         XORs := 1     
+---Registers : 
	                3 Bit    Registers := 1     
	                1 Bit    Registers := 1     
+---Muxes : 
	   2 Input      2 Bit        Muxes := 1     
	   2 Input      1 Bit        Muxes := 1     
Module axi_data_fifo_v2_1_14_axic_reg_srl_fifo__parameterized1__1 
Detailed RTL Component Info : 
+---Adders : 
	   2 Input      3 Bit       Adders := 2     
+---XORs : 
	   2 Input      1 Bit         XORs := 1     
+---Registers : 
	                3 Bit    Registers := 1     
	                1 Bit    Registers := 3     
+---Muxes : 
	   7 Input      4 Bit        Muxes := 1     
	   2 Input      3 Bit        Muxes := 1     
	   2 Input      1 Bit        Muxes := 3     
	   4 Input      1 Bit        Muxes := 3     
Module axi_register_slice_v2_1_15_axic_register_slice__parameterized17__1 
Detailed RTL Component Info : 
+---Registers : 
	                5 Bit    Registers := 1     
	                2 Bit    Registers := 1     
	                1 Bit    Registers := 2     
+---Muxes : 
	   2 Input      1 Bit        Muxes := 2     
Module axi_register_slice_v2_1_15_axic_register_slice__parameterized18__1 
Detailed RTL Component Info : 
+---Registers : 
	              134 Bit    Registers := 2     
	                2 Bit    Registers := 1     
	                1 Bit    Registers := 2     
+---Muxes : 
	   2 Input    134 Bit        Muxes := 2     
Module axi_crossbar_v2_1_16_addr_decoder__parameterized0__3 
Detailed RTL Component Info : 
+---Muxes : 
	   2 Input      2 Bit        Muxes := 1     
	   2 Input      1 Bit        Muxes := 1     
Module axi_crossbar_v2_1_16_addr_decoder__parameterized0__4 
Detailed RTL Component Info : 
+---Muxes : 
	   2 Input      2 Bit        Muxes := 1     
	   2 Input      1 Bit        Muxes := 1     
Module axi_data_fifo_v2_1_14_axic_srl_fifo__parameterized1 
Detailed RTL Component Info : 
+---Adders : 
	   2 Input      3 Bit       Adders := 1     
+---XORs : 
	   2 Input      1 Bit         XORs := 1     
+---Registers : 
	                3 Bit    Registers := 1     
	                1 Bit    Registers := 1     
+---Muxes : 
	   2 Input      2 Bit        Muxes := 1     
	   2 Input      1 Bit        Muxes := 1     
Module axi_data_fifo_v2_1_14_axic_reg_srl_fifo__parameterized1 
Detailed RTL Component Info : 
+---Adders : 
	   2 Input      3 Bit       Adders := 2     
+---XORs : 
	   2 Input      1 Bit         XORs := 1     
+---Registers : 
	                3 Bit    Registers := 1     
	                1 Bit    Registers := 3     
+---Muxes : 
	   7 Input      4 Bit        Muxes := 1     
	   2 Input      3 Bit        Muxes := 1     
	   2 Input      1 Bit        Muxes := 3     
	   4 Input      1 Bit        Muxes := 3     
Module axi_register_slice_v2_1_15_axic_register_slice__parameterized17__2 
Detailed RTL Component Info : 
+---Registers : 
	                5 Bit    Registers := 1     
	                2 Bit    Registers := 1     
	                1 Bit    Registers := 2     
+---Muxes : 
	   2 Input      1 Bit        Muxes := 2     
Module axi_register_slice_v2_1_15_axic_register_slice__parameterized18__2 
Detailed RTL Component Info : 
+---Registers : 
	              134 Bit    Registers := 2     
	                2 Bit    Registers := 1     
	                1 Bit    Registers := 2     
+---Muxes : 
	   2 Input    134 Bit        Muxes := 2     
Module axi_crossbar_v2_1_16_addr_decoder__parameterized0__5 
Detailed RTL Component Info : 
+---Muxes : 
	   2 Input      2 Bit        Muxes := 1     
	   2 Input      1 Bit        Muxes := 1     
Module axi_crossbar_v2_1_16_addr_decoder__parameterized0 
Detailed RTL Component Info : 
+---Muxes : 
	   2 Input      2 Bit        Muxes := 1     
	   2 Input      1 Bit        Muxes := 1     
Module axi_data_fifo_v2_1_14_axic_srl_fifo__parameterized2 
Detailed RTL Component Info : 
+---Adders : 
	   2 Input      2 Bit       Adders := 1     
+---XORs : 
	   2 Input      1 Bit         XORs := 1     
+---Registers : 
	                2 Bit    Registers := 1     
	                1 Bit    Registers := 1     
+---Muxes : 
	   2 Input      2 Bit        Muxes := 1     
	   2 Input      1 Bit        Muxes := 1     
Module axi_data_fifo_v2_1_14_axic_reg_srl_fifo__parameterized2 
Detailed RTL Component Info : 
+---Adders : 
	   2 Input      2 Bit       Adders := 2     
+---XORs : 
	   2 Input      1 Bit         XORs := 1     
+---Registers : 
	                2 Bit    Registers := 1     
	                1 Bit    Registers := 3     
+---Muxes : 
	   7 Input      4 Bit        Muxes := 1     
	   2 Input      2 Bit        Muxes := 1     
	   2 Input      1 Bit        Muxes := 3     
	   4 Input      1 Bit        Muxes := 3     
Module axi_register_slice_v2_1_15_axic_register_slice__parameterized17 
Detailed RTL Component Info : 
+---Registers : 
	                5 Bit    Registers := 1     
	                2 Bit    Registers := 1     
	                1 Bit    Registers := 2     
+---Muxes : 
	   2 Input      1 Bit        Muxes := 2     
Module axi_register_slice_v2_1_15_axic_register_slice__parameterized18 
Detailed RTL Component Info : 
+---Registers : 
	              134 Bit    Registers := 2     
	                2 Bit    Registers := 1     
	                1 Bit    Registers := 2     
+---Muxes : 
	   2 Input    134 Bit        Muxes := 2     
Module axi_crossbar_v2_1_16_crossbar 
Detailed RTL Component Info : 
+---Adders : 
	   2 Input      8 Bit       Adders := 2     
	   2 Input      4 Bit       Adders := 4     
	   2 Input      1 Bit       Adders := 2     
+---Registers : 
	                8 Bit    Registers := 2     
	                1 Bit    Registers := 1     
+---Muxes : 
	   2 Input     24 Bit        Muxes := 6     
	   2 Input      4 Bit        Muxes := 4     
	   2 Input      2 Bit        Muxes := 6     
	   2 Input      1 Bit        Muxes := 2     
Module blk_mem_gen_v8_4_1_bindec__1 
Detailed RTL Component Info : 
+---Muxes : 
	   2 Input      1 Bit        Muxes := 2     
Module blk_mem_gen_v8_4_1_bindec 
Detailed RTL Component Info : 
+---Muxes : 
	   2 Input      1 Bit        Muxes := 2     
Module blk_mem_gen_v8_4_1_blk_mem_gen_prim_width 
Detailed RTL Component Info : 
+---XORs : 
	   2 Input      1 Bit         XORs := 2     
+---Registers : 
	                5 Bit    Registers := 2     
	                1 Bit    Registers := 8     
Module blk_mem_gen_v8_4_1_blk_mem_gen_prim_width__parameterized0 
Detailed RTL Component Info : 
+---XORs : 
	   2 Input      1 Bit         XORs := 2     
+---Registers : 
	                5 Bit    Registers := 2     
	                1 Bit    Registers := 8     
Module blk_mem_gen_v8_4_1_blk_mem_gen_prim_width__parameterized1 
Detailed RTL Component Info : 
+---XORs : 
	   2 Input      1 Bit         XORs := 2     
+---Registers : 
	                5 Bit    Registers := 2     
	                1 Bit    Registers := 8     
Module blk_mem_gen_v8_4_1_blk_mem_gen_prim_width__parameterized2 
Detailed RTL Component Info : 
+---XORs : 
	   2 Input      1 Bit         XORs := 2     
+---Registers : 
	                5 Bit    Registers := 2     
	                1 Bit    Registers := 8     
Module blk_mem_gen_v8_4_1_blk_mem_gen_prim_width__parameterized3 
Detailed RTL Component Info : 
+---XORs : 
	   2 Input      1 Bit         XORs := 2     
+---Registers : 
	                5 Bit    Registers := 2     
	                1 Bit    Registers := 8     
Module blk_mem_gen_v8_4_1_blk_mem_gen_prim_width__parameterized4 
Detailed RTL Component Info : 
+---XORs : 
	   2 Input      1 Bit         XORs := 2     
+---Registers : 
	                5 Bit    Registers := 2     
	                1 Bit    Registers := 8     
Module blk_mem_gen_v8_4_1_blk_mem_gen_prim_width__parameterized5 
Detailed RTL Component Info : 
+---XORs : 
	   2 Input      1 Bit         XORs := 2     
+---Registers : 
	                5 Bit    Registers := 2     
	                1 Bit    Registers := 8     
Module blk_mem_gen_v8_4_1_blk_mem_gen_prim_width__parameterized6 
Detailed RTL Component Info : 
+---XORs : 
	   2 Input      1 Bit         XORs := 2     
+---Registers : 
	                5 Bit    Registers := 2     
	                1 Bit    Registers := 8     
Module blk_mem_gen_v8_4_1_blk_mem_gen_prim_width__parameterized7 
Detailed RTL Component Info : 
+---XORs : 
	   2 Input      1 Bit         XORs := 2     
+---Registers : 
	                5 Bit    Registers := 2     
	                1 Bit    Registers := 8     
Module blk_mem_gen_v8_4_1_blk_mem_gen_prim_width__parameterized8 
Detailed RTL Component Info : 
+---XORs : 
	   2 Input      1 Bit         XORs := 2     
+---Registers : 
	                5 Bit    Registers := 2     
	                1 Bit    Registers := 8     
Module blk_mem_gen_v8_4_1_blk_mem_gen_prim_width__parameterized9 
Detailed RTL Component Info : 
+---XORs : 
	   2 Input      1 Bit         XORs := 2     
+---Registers : 
	                5 Bit    Registers := 2     
	                1 Bit    Registers := 8     
Module blk_mem_gen_v8_4_1_blk_mem_gen_prim_width__parameterized10 
Detailed RTL Component Info : 
+---XORs : 
	   2 Input      1 Bit         XORs := 2     
+---Registers : 
	                5 Bit    Registers := 2     
	                1 Bit    Registers := 8     
Module blk_mem_gen_v8_4_1_blk_mem_gen_prim_width__parameterized11 
Detailed RTL Component Info : 
+---XORs : 
	   2 Input      1 Bit         XORs := 2     
+---Registers : 
	                5 Bit    Registers := 2     
	                1 Bit    Registers := 8     
Module blk_mem_gen_v8_4_1_blk_mem_gen_prim_width__parameterized12 
Detailed RTL Component Info : 
+---XORs : 
	   2 Input      1 Bit         XORs := 2     
+---Registers : 
	                5 Bit    Registers := 2     
	                1 Bit    Registers := 8     
Module blk_mem_gen_v8_4_1_blk_mem_gen_prim_width__parameterized13 
Detailed RTL Component Info : 
+---XORs : 
	   2 Input      1 Bit         XORs := 2     
+---Registers : 
	                5 Bit    Registers := 2     
	                1 Bit    Registers := 8     
Module blk_mem_gen_v8_4_1_blk_mem_gen_prim_width__parameterized14 
Detailed RTL Component Info : 
+---XORs : 
	   2 Input      1 Bit         XORs := 2     
+---Registers : 
	                5 Bit    Registers := 2     
	                1 Bit    Registers := 8     
Module blk_mem_gen_v8_4_1_blk_mem_gen_mux 
Detailed RTL Component Info : 
+---Registers : 
	                1 Bit    Registers := 1     
+---Muxes : 
	   2 Input    128 Bit        Muxes := 1     
Module blk_mem_gen_v8_4_1_blk_mem_gen_mux__parameterized0 
Detailed RTL Component Info : 
+---Registers : 
	                1 Bit    Registers := 1     
+---Muxes : 
	   2 Input    128 Bit        Muxes := 1     
Module wrap_brst 
Detailed RTL Component Info : 
+---Registers : 
	               11 Bit    Registers := 1     
	                3 Bit    Registers := 1     
+---Muxes : 
	   5 Input     12 Bit        Muxes := 1     
	   5 Input      3 Bit        Muxes := 1     
	   4 Input      2 Bit        Muxes := 1     
	   3 Input      2 Bit        Muxes := 1     
	   2 Input      1 Bit        Muxes := 5     
Module SRL_FIFO 
Detailed RTL Component Info : 
+---XORs : 
	   2 Input      1 Bit         XORs := 4     
+---Muxes : 
	   2 Input      1 Bit        Muxes := 2     
Module ua_narrow 
Detailed RTL Component Info : 
+---Adders : 
	   2 Input     32 Bit       Adders := 13    
	   2 Input      9 Bit       Adders := 1     
	   3 Input      4 Bit       Adders := 1     
+---Muxes : 
	   8 Input      6 Bit        Muxes := 1     
	   2 Input      4 Bit        Muxes := 1     
Module wr_chnl 
Detailed RTL Component Info : 
+---Adders : 
	   2 Input      8 Bit       Adders := 1     
	   2 Input      4 Bit       Adders := 2     
	   2 Input      3 Bit       Adders := 2     
+---Registers : 
	               16 Bit    Registers := 1     
	               12 Bit    Registers := 1     
	                8 Bit    Registers := 1     
	                4 Bit    Registers := 2     
	                3 Bit    Registers := 2     
	                2 Bit    Registers := 4     
	                1 Bit    Registers := 168   
+---Muxes : 
	   2 Input     12 Bit        Muxes := 4     
	   2 Input      8 Bit        Muxes := 2     
	   8 Input      6 Bit        Muxes := 1     
	   2 Input      4 Bit        Muxes := 7     
	  11 Input      3 Bit        Muxes := 1     
	   2 Input      3 Bit        Muxes := 2     
	   2 Input      2 Bit        Muxes := 3     
	   2 Input      1 Bit        Muxes := 26    
	   5 Input      1 Bit        Muxes := 13    
Module wrap_brst__1 
Detailed RTL Component Info : 
+---Registers : 
	               11 Bit    Registers := 1     
	                3 Bit    Registers := 1     
+---Muxes : 
	   5 Input     12 Bit        Muxes := 1     
	   5 Input      3 Bit        Muxes := 1     
	   4 Input      2 Bit        Muxes := 1     
	   3 Input      2 Bit        Muxes := 1     
	   2 Input      1 Bit        Muxes := 5     
Module ua_narrow__1 
Detailed RTL Component Info : 
+---Adders : 
	   2 Input     32 Bit       Adders := 13    
	   2 Input      9 Bit       Adders := 1     
	   3 Input      4 Bit       Adders := 1     
+---Muxes : 
	   8 Input      6 Bit        Muxes := 1     
	   2 Input      4 Bit        Muxes := 1     
Module rd_chnl 
Detailed RTL Component Info : 
+---Adders : 
	   2 Input      8 Bit       Adders := 2     
	   2 Input      4 Bit       Adders := 2     
+---Registers : 
	              128 Bit    Registers := 1     
	               12 Bit    Registers := 1     
	                8 Bit    Registers := 2     
	                4 Bit    Registers := 2     
	                3 Bit    Registers := 1     
	                2 Bit    Registers := 6     
	                1 Bit    Registers := 185   
+---Muxes : 
	   2 Input    128 Bit        Muxes := 1     
	   2 Input     12 Bit        Muxes := 4     
	   2 Input      8 Bit        Muxes := 4     
	   8 Input      6 Bit        Muxes := 1     
	   2 Input      4 Bit        Muxes := 7     
	  20 Input      4 Bit        Muxes := 1     
	   9 Input      3 Bit        Muxes := 1     
	   2 Input      3 Bit        Muxes := 1     
	   2 Input      2 Bit        Muxes := 3     
	   2 Input      1 Bit        Muxes := 47    
	   3 Input      1 Bit        Muxes := 1     
	   5 Input      1 Bit        Muxes := 2     
	   9 Input      1 Bit        Muxes := 24    
---------------------------------------------------------------------------------
Finished RTL Hierarchical Component Statistics
---------------------------------------------------------------------------------
---------------------------------------------------------------------------------
Start Part Resource Summary
---------------------------------------------------------------------------------
Part Resources:
DSPs: 220 (col length:60)
BRAMs: 280 (col length: RAMB18 60 RAMB36 30)
---------------------------------------------------------------------------------
Finished Part Resource Summary
---------------------------------------------------------------------------------
---------------------------------------------------------------------------------
Start Cross Boundary and Area Optimization
---------------------------------------------------------------------------------
INFO: [Synth 8-5546] ROM "r_prdata" won't be mapped to RAM because it is too sparse
INFO: [Synth 8-3936] Found unconnected internal register 'inst/gen_axilite.gen_b2s_conv.axilite_b2s/SI_REG/aw.aw_pipe/m_payload_i_reg' and it is trimmed from '62' to '54' bits. [d:/ProgramEnvironment/vivado2017/system_aes/system_aes.srcs/sources_1/bd/design_1/ipshared/3ed1/hdl/axi_register_slice_v2_1_vl_rfs.v:422]
INFO: [Synth 8-3936] Found unconnected internal register 'inst/gen_axilite.gen_b2s_conv.axilite_b2s/SI_REG/b.b_pipe/m_payload_i_reg' and it is trimmed from '3' to '2' bits. [d:/ProgramEnvironment/vivado2017/system_aes/system_aes.srcs/sources_1/bd/design_1/ipshared/3ed1/hdl/axi_register_slice_v2_1_vl_rfs.v:422]
INFO: [Synth 8-3936] Found unconnected internal register 'inst/gen_axilite.gen_b2s_conv.axilite_b2s/SI_REG/ar.ar_pipe/m_payload_i_reg' and it is trimmed from '62' to '54' bits. [d:/ProgramEnvironment/vivado2017/system_aes/system_aes.srcs/sources_1/bd/design_1/ipshared/3ed1/hdl/axi_register_slice_v2_1_vl_rfs.v:422]
INFO: [Synth 8-3936] Found unconnected internal register 'inst/gen_axilite.gen_b2s_conv.axilite_b2s/SI_REG/r.r_pipe/m_payload_i_reg' and it is trimmed from '36' to '35' bits. [d:/ProgramEnvironment/vivado2017/system_aes/system_aes.srcs/sources_1/bd/design_1/ipshared/3ed1/hdl/axi_register_slice_v2_1_vl_rfs.v:422]
INFO: [Synth 8-5546] ROM "gen_axi.s_axi_rlast_i" won't be mapped to RAM because it is too sparse
INFO: [Synth 8-5546] ROM "gen_axi.read_cs" won't be mapped to RAM because it is too sparse
INFO: [Synth 8-5546] ROM "axi_rd_burst_two" won't be mapped to RAM because it is too sparse
INFO: [Synth 8-3886] merging instance 'design_1_i/AES_IP_TOP_0/inst/aes_ip_v1_0_M00_AXI_inst/FIFO/rd_ptr_reg_rep[4]' (FDCE) to 'design_1_i/AES_IP_TOP_0/inst/aes_ip_v1_0_M00_AXI_inst/FIFO/rd_ptr_reg[4]'
INFO: [Synth 8-3886] merging instance 'design_1_i/AES_IP_TOP_0/inst/aes_ip_v1_0_M00_AXI_inst/FIFO/rd_ptr_reg_rep[5]' (FDCE) to 'design_1_i/AES_IP_TOP_0/inst/aes_ip_v1_0_M00_AXI_inst/FIFO/rd_ptr_reg[5]'
INFO: [Synth 8-3886] merging instance 'design_1_i/AES_IP_TOP_0/inst/aes_ip_v1_0_M00_AXI_inst/FIFO/rd_ptr_reg_rep[3]' (FDCE) to 'design_1_i/AES_IP_TOP_0/inst/aes_ip_v1_0_M00_AXI_inst/FIFO/rd_ptr_reg[3]'
INFO: [Synth 8-3886] merging instance 'design_1_i/AES_IP_TOP_0/inst/aes_ip_v1_0_M00_AXI_inst/FIFO/rd_ptr_reg_rep[2]' (FDCE) to 'design_1_i/AES_IP_TOP_0/inst/aes_ip_v1_0_M00_AXI_inst/FIFO/rd_ptr_reg[2]'
INFO: [Synth 8-3886] merging instance 'design_1_i/AES_IP_TOP_0/inst/aes_ip_v1_0_M00_AXI_inst/FIFO/rd_ptr_reg_rep[1]' (FDCE) to 'design_1_i/AES_IP_TOP_0/inst/aes_ip_v1_0_M00_AXI_inst/FIFO/rd_ptr_reg[1]'
INFO: [Synth 8-3886] merging instance 'design_1_i/AES_IP_TOP_0/inst/aes_ip_v1_0_M00_AXI_inst/FIFO/rd_ptr_reg_rep[0]' (FDCE) to 'design_1_i/AES_IP_TOP_0/inst/aes_ip_v1_0_M00_AXI_inst/FIFO/rd_ptr_reg[0]'
INFO: [Synth 8-3333] propagating constant 0 across sequential element (design_1_i/AES_IP_TOP_0/\inst/aes_core /\R_inst[0].flag_reg_reg[0] )
INFO: [Synth 8-3886] merging instance 'design_1_i/AES_IP_TOP_0/inst/register/final_data3_4_reg[0]' (FDCE) to 'design_1_i/AES_IP_TOP_0/inst/register/final_data3_4_reg[1]'
INFO: [Synth 8-3886] merging instance 'design_1_i/AES_IP_TOP_0/inst/register/final_data3_3_reg[0]' (FDCE) to 'design_1_i/AES_IP_TOP_0/inst/register/final_data3_4_reg[1]'
INFO: [Synth 8-3886] merging instance 'design_1_i/AES_IP_TOP_0/inst/register/final_data3_2_reg[0]' (FDCE) to 'design_1_i/AES_IP_TOP_0/inst/register/final_data3_4_reg[6]'
INFO: [Synth 8-3886] merging instance 'design_1_i/AES_IP_TOP_0/inst/register/final_data3_1_reg[0]' (FDCE) to 'design_1_i/AES_IP_TOP_0/inst/register/final_data3_4_reg[6]'
INFO: [Synth 8-3886] merging instance 'design_1_i/AES_IP_TOP_0/inst/register/final_data1_4_reg[0]' (FDCE) to 'design_1_i/AES_IP_TOP_0/inst/register/final_data3_4_reg[6]'
INFO: [Synth 8-3886] merging instance 'design_1_i/AES_IP_TOP_0/inst/register/final_data1_3_reg[0]' (FDCE) to 'design_1_i/AES_IP_TOP_0/inst/register/final_data3_4_reg[1]'
INFO: [Synth 8-3886] merging instance 'design_1_i/AES_IP_TOP_0/inst/register/final_data1_2_reg[0]' (FDCE) to 'design_1_i/AES_IP_TOP_0/inst/register/final_data3_4_reg[1]'
INFO: [Synth 8-3886] merging instance 'design_1_i/AES_IP_TOP_0/inst/register/final_data1_1_reg[0]' (FDCE) to 'design_1_i/AES_IP_TOP_0/inst/register/final_data3_4_reg[1]'
INFO: [Synth 8-3886] merging instance 'design_1_i/AES_IP_TOP_0/inst/register/final_data2_4_reg[0]' (FDCE) to 'design_1_i/AES_IP_TOP_0/inst/register/final_data3_4_reg[1]'
INFO: [Synth 8-3886] merging instance 'design_1_i/AES_IP_TOP_0/inst/register/final_data2_3_reg[0]' (FDCE) to 'design_1_i/AES_IP_TOP_0/inst/register/final_data3_4_reg[6]'
INFO: [Synth 8-3886] merging instance 'design_1_i/AES_IP_TOP_0/inst/register/final_data2_2_reg[0]' (FDCE) to 'design_1_i/AES_IP_TOP_0/inst/register/final_data3_4_reg[1]'
INFO: [Synth 8-3886] merging instance 'design_1_i/AES_IP_TOP_0/inst/register/final_data2_1_reg[0]' (FDCE) to 'design_1_i/AES_IP_TOP_0/inst/register/final_data3_4_reg[1]'
INFO: [Synth 8-3886] merging instance 'design_1_i/AES_IP_TOP_0/inst/register/final_data3_4_reg[1]' (FDCE) to 'design_1_i/AES_IP_TOP_0/inst/register/final_data3_4_reg[2]'
INFO: [Synth 8-3886] merging instance 'design_1_i/AES_IP_TOP_0/inst/register/final_data3_3_reg[1]' (FDCE) to 'design_1_i/AES_IP_TOP_0/inst/register/final_data3_4_reg[2]'
INFO: [Synth 8-3886] merging instance 'design_1_i/AES_IP_TOP_0/inst/register/final_data3_2_reg[1]' (FDCE) to 'design_1_i/AES_IP_TOP_0/inst/register/final_data3_4_reg[2]'
INFO: [Synth 8-3886] merging instance 'design_1_i/AES_IP_TOP_0/inst/register/final_data3_1_reg[1]' (FDCE) to 'design_1_i/AES_IP_TOP_0/inst/register/final_data3_4_reg[2]'
INFO: [Synth 8-3886] merging instance 'design_1_i/AES_IP_TOP_0/inst/register/final_data1_4_reg[1]' (FDCE) to 'design_1_i/AES_IP_TOP_0/inst/register/final_data3_4_reg[2]'
INFO: [Synth 8-3886] merging instance 'design_1_i/AES_IP_TOP_0/inst/register/final_data1_3_reg[1]' (FDCE) to 'design_1_i/AES_IP_TOP_0/inst/register/final_data3_4_reg[2]'
INFO: [Synth 8-3886] merging instance 'design_1_i/AES_IP_TOP_0/inst/register/final_data1_2_reg[1]' (FDCE) to 'design_1_i/AES_IP_TOP_0/inst/register/final_data3_4_reg[6]'
INFO: [Synth 8-3886] merging instance 'design_1_i/AES_IP_TOP_0/inst/register/final_data1_1_reg[1]' (FDCE) to 'design_1_i/AES_IP_TOP_0/inst/register/final_data3_4_reg[2]'
INFO: [Synth 8-3886] merging instance 'design_1_i/AES_IP_TOP_0/inst/register/final_data2_4_reg[1]' (FDCE) to 'design_1_i/AES_IP_TOP_0/inst/register/final_data3_4_reg[6]'
INFO: [Synth 8-3886] merging instance 'design_1_i/AES_IP_TOP_0/inst/register/final_data2_3_reg[1]' (FDCE) to 'design_1_i/AES_IP_TOP_0/inst/register/final_data3_4_reg[6]'
INFO: [Synth 8-3886] merging instance 'design_1_i/AES_IP_TOP_0/inst/register/final_data2_2_reg[1]' (FDCE) to 'design_1_i/AES_IP_TOP_0/inst/register/final_data3_4_reg[6]'
INFO: [Synth 8-3886] merging instance 'design_1_i/AES_IP_TOP_0/inst/register/final_data2_1_reg[1]' (FDCE) to 'design_1_i/AES_IP_TOP_0/inst/register/final_data3_4_reg[2]'
INFO: [Synth 8-3886] merging instance 'design_1_i/AES_IP_TOP_0/inst/register/final_data3_4_reg[2]' (FDCE) to 'design_1_i/AES_IP_TOP_0/inst/register/final_data3_4_reg[3]'
INFO: [Synth 8-3886] merging instance 'design_1_i/AES_IP_TOP_0/inst/register/final_data3_3_reg[2]' (FDCE) to 'design_1_i/AES_IP_TOP_0/inst/register/final_data3_4_reg[3]'
INFO: [Synth 8-3886] merging instance 'design_1_i/AES_IP_TOP_0/inst/register/final_data3_2_reg[2]' (FDCE) to 'design_1_i/AES_IP_TOP_0/inst/register/final_data3_4_reg[6]'
INFO: [Synth 8-3886] merging instance 'design_1_i/AES_IP_TOP_0/inst/register/final_data3_1_reg[2]' (FDCE) to 'design_1_i/AES_IP_TOP_0/inst/register/final_data3_4_reg[6]'
INFO: [Synth 8-3886] merging instance 'design_1_i/AES_IP_TOP_0/inst/register/final_data1_4_reg[2]' (FDCE) to 'design_1_i/AES_IP_TOP_0/inst/register/final_data3_4_reg[6]'
INFO: [Synth 8-3886] merging instance 'design_1_i/AES_IP_TOP_0/inst/register/final_data1_3_reg[2]' (FDCE) to 'design_1_i/AES_IP_TOP_0/inst/register/final_data3_4_reg[3]'
INFO: [Synth 8-3886] merging instance 'design_1_i/AES_IP_TOP_0/inst/register/final_data1_2_reg[2]' (FDCE) to 'design_1_i/AES_IP_TOP_0/inst/register/final_data3_4_reg[3]'
INFO: [Synth 8-3886] merging instance 'design_1_i/AES_IP_TOP_0/inst/register/final_data1_1_reg[2]' (FDCE) to 'design_1_i/AES_IP_TOP_0/inst/register/final_data3_4_reg[3]'
INFO: [Synth 8-3886] merging instance 'design_1_i/AES_IP_TOP_0/inst/register/final_data2_4_reg[2]' (FDCE) to 'design_1_i/AES_IP_TOP_0/inst/register/final_data3_4_reg[6]'
INFO: [Synth 8-3886] merging instance 'design_1_i/AES_IP_TOP_0/inst/register/final_data2_3_reg[2]' (FDCE) to 'design_1_i/AES_IP_TOP_0/inst/register/final_data3_4_reg[3]'
INFO: [Synth 8-3886] merging instance 'design_1_i/AES_IP_TOP_0/inst/register/final_data2_2_reg[2]' (FDCE) to 'design_1_i/AES_IP_TOP_0/inst/register/final_data3_4_reg[3]'
INFO: [Synth 8-3886] merging instance 'design_1_i/AES_IP_TOP_0/inst/register/final_data2_1_reg[2]' (FDCE) to 'design_1_i/AES_IP_TOP_0/inst/register/final_data3_4_reg[6]'
INFO: [Synth 8-3886] merging instance 'design_1_i/AES_IP_TOP_0/inst/register/final_data3_4_reg[3]' (FDCE) to 'design_1_i/AES_IP_TOP_0/inst/register/final_data3_4_reg[4]'
INFO: [Synth 8-3886] merging instance 'design_1_i/AES_IP_TOP_0/inst/register/final_data3_3_reg[3]' (FDCE) to 'design_1_i/AES_IP_TOP_0/inst/register/final_data3_4_reg[6]'
INFO: [Synth 8-3886] merging instance 'design_1_i/AES_IP_TOP_0/inst/register/final_data3_2_reg[3]' (FDCE) to 'design_1_i/AES_IP_TOP_0/inst/register/final_data3_4_reg[4]'
INFO: [Synth 8-3886] merging instance 'design_1_i/AES_IP_TOP_0/inst/register/final_data3_1_reg[3]' (FDCE) to 'design_1_i/AES_IP_TOP_0/inst/register/final_data3_4_reg[6]'
INFO: [Synth 8-3886] merging instance 'design_1_i/AES_IP_TOP_0/inst/register/final_data1_4_reg[3]' (FDCE) to 'design_1_i/AES_IP_TOP_0/inst/register/final_data3_4_reg[4]'
INFO: [Synth 8-3886] merging instance 'design_1_i/AES_IP_TOP_0/inst/register/final_data1_3_reg[3]' (FDCE) to 'design_1_i/AES_IP_TOP_0/inst/register/final_data3_4_reg[4]'
INFO: [Synth 8-3886] merging instance 'design_1_i/AES_IP_TOP_0/inst/register/final_data1_2_reg[3]' (FDCE) to 'design_1_i/AES_IP_TOP_0/inst/register/final_data3_4_reg[4]'
INFO: [Synth 8-3886] merging instance 'design_1_i/AES_IP_TOP_0/inst/register/final_data1_1_reg[3]' (FDCE) to 'design_1_i/AES_IP_TOP_0/inst/register/final_data3_4_reg[4]'
INFO: [Synth 8-3886] merging instance 'design_1_i/AES_IP_TOP_0/inst/register/final_data2_4_reg[3]' (FDCE) to 'design_1_i/AES_IP_TOP_0/inst/register/final_data3_4_reg[6]'
INFO: [Synth 8-3886] merging instance 'design_1_i/AES_IP_TOP_0/inst/register/final_data2_3_reg[3]' (FDCE) to 'design_1_i/AES_IP_TOP_0/inst/register/final_data3_4_reg[4]'
INFO: [Synth 8-3886] merging instance 'design_1_i/AES_IP_TOP_0/inst/register/final_data2_2_reg[3]' (FDCE) to 'design_1_i/AES_IP_TOP_0/inst/register/final_data3_4_reg[6]'
INFO: [Synth 8-3886] merging instance 'design_1_i/AES_IP_TOP_0/inst/register/final_data2_1_reg[3]' (FDCE) to 'design_1_i/AES_IP_TOP_0/inst/register/final_data3_4_reg[6]'
INFO: [Synth 8-3886] merging instance 'design_1_i/AES_IP_TOP_0/inst/register/final_data3_4_reg[4]' (FDCE) to 'design_1_i/AES_IP_TOP_0/inst/register/final_data3_4_reg[5]'
INFO: [Synth 8-3886] merging instance 'design_1_i/AES_IP_TOP_0/inst/register/final_data3_3_reg[4]' (FDCE) to 'design_1_i/AES_IP_TOP_0/inst/register/final_data3_4_reg[5]'
INFO: [Synth 8-3886] merging instance 'design_1_i/AES_IP_TOP_0/inst/register/final_data3_2_reg[4]' (FDCE) to 'design_1_i/AES_IP_TOP_0/inst/register/final_data3_4_reg[6]'
INFO: [Synth 8-3886] merging instance 'design_1_i/AES_IP_TOP_0/inst/register/final_data3_1_reg[4]' (FDCE) to 'design_1_i/AES_IP_TOP_0/inst/register/final_data3_4_reg[6]'
INFO: [Synth 8-3886] merging instance 'design_1_i/AES_IP_TOP_0/inst/register/final_data1_4_reg[4]' (FDCE) to 'design_1_i/AES_IP_TOP_0/inst/register/final_data3_4_reg[5]'
INFO: [Synth 8-3886] merging instance 'design_1_i/AES_IP_TOP_0/inst/register/final_data1_3_reg[4]' (FDCE) to 'design_1_i/AES_IP_TOP_0/inst/register/final_data3_4_reg[5]'
INFO: [Synth 8-3886] merging instance 'design_1_i/AES_IP_TOP_0/inst/register/final_data1_2_reg[4]' (FDCE) to 'design_1_i/AES_IP_TOP_0/inst/register/final_data3_4_reg[5]'
INFO: [Synth 8-3886] merging instance 'design_1_i/AES_IP_TOP_0/inst/register/final_data1_1_reg[4]' (FDCE) to 'design_1_i/AES_IP_TOP_0/inst/register/final_data3_4_reg[6]'
INFO: [Synth 8-3886] merging instance 'design_1_i/AES_IP_TOP_0/inst/register/final_data2_4_reg[4]' (FDCE) to 'design_1_i/AES_IP_TOP_0/inst/register/final_data3_4_reg[6]'
INFO: [Synth 8-3886] merging instance 'design_1_i/AES_IP_TOP_0/inst/register/final_data2_3_reg[4]' (FDCE) to 'design_1_i/AES_IP_TOP_0/inst/register/final_data3_4_reg[6]'
INFO: [Synth 8-3886] merging instance 'design_1_i/AES_IP_TOP_0/inst/register/final_data2_2_reg[4]' (FDCE) to 'design_1_i/AES_IP_TOP_0/inst/register/final_data3_4_reg[5]'
INFO: [Synth 8-3886] merging instance 'design_1_i/AES_IP_TOP_0/inst/register/final_data2_1_reg[4]' (FDCE) to 'design_1_i/AES_IP_TOP_0/inst/register/final_data3_4_reg[6]'
INFO: [Synth 8-3886] merging instance 'design_1_i/AES_IP_TOP_0/inst/register/final_data3_4_reg[5]' (FDCE) to 'design_1_i/AES_IP_TOP_0/inst/register/final_data3_4_reg[9]'
INFO: [Synth 8-3886] merging instance 'design_1_i/AES_IP_TOP_0/inst/register/final_data3_3_reg[5]' (FDCE) to 'design_1_i/AES_IP_TOP_0/inst/register/final_data3_4_reg[9]'
INFO: [Synth 8-3886] merging instance 'design_1_i/AES_IP_TOP_0/inst/register/final_data3_2_reg[5]' (FDCE) to 'design_1_i/AES_IP_TOP_0/inst/register/final_data3_4_reg[9]'
INFO: [Synth 8-3886] merging instance 'design_1_i/AES_IP_TOP_0/inst/register/final_data3_1_reg[5]' (FDCE) to 'design_1_i/AES_IP_TOP_0/inst/register/final_data3_4_reg[6]'
INFO: [Synth 8-3886] merging instance 'design_1_i/AES_IP_TOP_0/inst/register/final_data1_4_reg[5]' (FDCE) to 'design_1_i/AES_IP_TOP_0/inst/register/final_data3_4_reg[6]'
INFO: [Synth 8-3886] merging instance 'design_1_i/AES_IP_TOP_0/inst/register/final_data1_3_reg[5]' (FDCE) to 'design_1_i/AES_IP_TOP_0/inst/register/final_data3_4_reg[9]'
INFO: [Synth 8-3886] merging instance 'design_1_i/AES_IP_TOP_0/inst/register/final_data1_2_reg[5]' (FDCE) to 'design_1_i/AES_IP_TOP_0/inst/register/final_data3_4_reg[9]'
INFO: [Synth 8-3886] merging instance 'design_1_i/AES_IP_TOP_0/inst/register/final_data1_1_reg[5]' (FDCE) to 'design_1_i/AES_IP_TOP_0/inst/register/final_data3_4_reg[9]'
INFO: [Synth 8-3886] merging instance 'design_1_i/AES_IP_TOP_0/inst/register/final_data2_4_reg[5]' (FDCE) to 'design_1_i/AES_IP_TOP_0/inst/register/final_data3_4_reg[6]'
INFO: [Synth 8-3886] merging instance 'design_1_i/AES_IP_TOP_0/inst/register/final_data2_3_reg[5]' (FDCE) to 'design_1_i/AES_IP_TOP_0/inst/register/final_data3_4_reg[6]'
INFO: [Synth 8-3886] merging instance 'design_1_i/AES_IP_TOP_0/inst/register/final_data2_2_reg[5]' (FDCE) to 'design_1_i/AES_IP_TOP_0/inst/register/final_data3_4_reg[9]'
INFO: [Synth 8-3886] merging instance 'design_1_i/AES_IP_TOP_0/inst/register/final_data2_1_reg[5]' (FDCE) to 'design_1_i/AES_IP_TOP_0/inst/register/final_data3_4_reg[6]'
INFO: [Synth 8-3886] merging instance 'design_1_i/AES_IP_TOP_0/inst/register/final_data3_4_reg[6]' (FDCE) to 'design_1_i/AES_IP_TOP_0/inst/register/final_data3_4_reg[7]'
INFO: [Synth 8-3886] merging instance 'design_1_i/AES_IP_TOP_0/inst/register/final_data3_3_reg[6]' (FDCE) to 'design_1_i/AES_IP_TOP_0/inst/register/final_data3_4_reg[9]'
INFO: [Synth 8-3886] merging instance 'design_1_i/AES_IP_TOP_0/inst/register/final_data3_2_reg[6]' (FDCE) to 'design_1_i/AES_IP_TOP_0/inst/register/final_data3_4_reg[7]'
INFO: [Synth 8-3886] merging instance 'design_1_i/AES_IP_TOP_0/inst/register/final_data3_1_reg[6]' (FDCE) to 'design_1_i/AES_IP_TOP_0/inst/register/final_data3_4_reg[9]'
INFO: [Synth 8-3886] merging instance 'design_1_i/AES_IP_TOP_0/inst/register/final_data1_4_reg[6]' (FDCE) to 'design_1_i/AES_IP_TOP_0/inst/register/final_data3_4_reg[7]'
INFO: [Synth 8-3886] merging instance 'design_1_i/AES_IP_TOP_0/inst/register/final_data1_3_reg[6]' (FDCE) to 'design_1_i/AES_IP_TOP_0/inst/register/final_data3_4_reg[9]'
INFO: [Synth 8-3886] merging instance 'design_1_i/AES_IP_TOP_0/inst/register/final_data1_2_reg[6]' (FDCE) to 'design_1_i/AES_IP_TOP_0/inst/register/final_data3_4_reg[9]'
INFO: [Synth 8-3886] merging instance 'design_1_i/AES_IP_TOP_0/inst/register/final_data1_1_reg[6]' (FDCE) to 'design_1_i/AES_IP_TOP_0/inst/register/final_data3_4_reg[9]'
INFO: [Synth 8-3886] merging instance 'design_1_i/AES_IP_TOP_0/inst/register/final_data2_4_reg[6]' (FDCE) to 'design_1_i/AES_IP_TOP_0/inst/register/final_data3_4_reg[7]'
INFO: [Synth 8-3886] merging instance 'design_1_i/AES_IP_TOP_0/inst/register/final_data2_3_reg[6]' (FDCE) to 'design_1_i/AES_IP_TOP_0/inst/register/final_data3_4_reg[7]'
INFO: [Synth 8-3886] merging instance 'design_1_i/AES_IP_TOP_0/inst/register/final_data2_2_reg[6]' (FDCE) to 'design_1_i/AES_IP_TOP_0/inst/register/final_data3_4_reg[7]'
INFO: [Synth 8-3886] merging instance 'design_1_i/AES_IP_TOP_0/inst/register/final_data2_1_reg[6]' (FDCE) to 'design_1_i/AES_IP_TOP_0/inst/register/final_data3_4_reg[9]'
INFO: [Synth 8-3886] merging instance 'design_1_i/AES_IP_TOP_0/inst/register/final_data3_4_reg[7]' (FDCE) to 'design_1_i/AES_IP_TOP_0/inst/register/final_data3_4_reg[8]'
INFO: [Synth 8-3886] merging instance 'design_1_i/AES_IP_TOP_0/inst/register/final_data3_3_reg[7]' (FDCE) to 'design_1_i/AES_IP_TOP_0/inst/register/final_data3_4_reg[8]'
INFO: [Synth 8-3886] merging instance 'design_1_i/AES_IP_TOP_0/inst/register/final_data3_2_reg[7]' (FDCE) to 'design_1_i/AES_IP_TOP_0/inst/register/final_data3_4_reg[9]'
INFO: [Synth 8-3886] merging instance 'design_1_i/AES_IP_TOP_0/inst/register/final_data3_1_reg[7]' (FDCE) to 'design_1_i/AES_IP_TOP_0/inst/register/final_data3_4_reg[9]'
INFO: [Synth 8-3886] merging instance 'design_1_i/AES_IP_TOP_0/inst/register/final_data1_4_reg[7]' (FDCE) to 'design_1_i/AES_IP_TOP_0/inst/register/final_data3_4_reg[8]'
INFO: [Synth 8-3886] merging instance 'design_1_i/AES_IP_TOP_0/inst/register/final_data1_3_reg[7]' (FDCE) to 'design_1_i/AES_IP_TOP_0/inst/register/final_data3_4_reg[9]'
INFO: [Synth 8-3886] merging instance 'design_1_i/AES_IP_TOP_0/inst/register/final_data1_2_reg[7]' (FDCE) to 'design_1_i/AES_IP_TOP_0/inst/register/final_data3_4_reg[9]'
INFO: [Synth 8-3886] merging instance 'design_1_i/AES_IP_TOP_0/inst/register/final_data1_1_reg[7]' (FDCE) to 'design_1_i/AES_IP_TOP_0/inst/register/final_data3_4_reg[9]'
INFO: [Synth 8-3886] merging instance 'design_1_i/AES_IP_TOP_0/inst/register/final_data2_4_reg[7]' (FDCE) to 'design_1_i/AES_IP_TOP_0/inst/register/final_data3_4_reg[8]'
INFO: [Synth 8-3886] merging instance 'design_1_i/AES_IP_TOP_0/inst/register/final_data2_3_reg[7]' (FDCE) to 'design_1_i/AES_IP_TOP_0/inst/register/final_data3_4_reg[8]'
INFO: [Common 17-14] Message 'Synth 8-3886' appears 100 times and further instances of the messages will be disabled. Use the Tcl command set_msg_config to change the current settings.
INFO: [Synth 8-3333] propagating constant 0 across sequential element (design_1_i/AES_IP_TOP_0/\inst/register/final_data2_1_reg[31] )
INFO: [Synth 8-3333] propagating constant 0 across sequential element (design_1_i/AES_IP_TOP_0/\inst/aes_ip_v1_0_M00_AXI_inst/axi_araddr_reg[31] )
INFO: [Synth 8-3333] propagating constant 0 across sequential element (design_1_i/AES_IP_TOP_0/\inst/aes_ip_v1_0_M00_AXI_inst/axi_awaddr_reg[31] )
INFO: [Synth 8-3332] Sequential element (inst/register/final_data2_1_reg[31]) is unused and will be removed from module design_1_AES_IP_TOP_0_1.
INFO: [Synth 8-3332] Sequential element (inst/aes_ip_v1_0_M00_AXI_inst/write_compare_done_reg) is unused and will be removed from module design_1_AES_IP_TOP_0_1.
INFO: [Synth 8-3332] Sequential element (inst/aes_ip_v1_0_M00_AXI_inst/read_index_reg[0]) is unused and will be removed from module design_1_AES_IP_TOP_0_1.
INFO: [Synth 8-3332] Sequential element (inst/aes_ip_v1_0_M00_AXI_inst/read_compare_done_reg) is unused and will be removed from module design_1_AES_IP_TOP_0_1.
INFO: [Synth 8-3332] Sequential element (inst/aes_ip_v1_0_M00_AXI_inst/error_reg_reg) is unused and will be removed from module design_1_AES_IP_TOP_0_1.
INFO: [Synth 8-3332] Sequential element (inst/aes_ip_v1_0_M00_AXI_inst/read_ERROR_reg) is unused and will be removed from module design_1_AES_IP_TOP_0_1.
INFO: [Synth 8-3332] Sequential element (inst/aes_ip_v1_0_M00_AXI_inst/axi_awaddr_reg[31]) is unused and will be removed from module design_1_AES_IP_TOP_0_1.
INFO: [Synth 8-3332] Sequential element (inst/aes_ip_v1_0_M00_AXI_inst/axi_araddr_reg[31]) is unused and will be removed from module design_1_AES_IP_TOP_0_1.
WARNING: [Synth 8-3332] Sequential element (R_inst[0].flag_reg_reg[0]) is unused and will be removed from module AES128.
WARNING: [Synth 8-3332] Sequential element (EXT_LPF/ACTIVE_LOW_EXT.ACT_LO_EXT/GENERATE_LEVEL_P_S_CDC.SINGLE_BIT.CROSS_PLEVEL_IN2SCNDRY_s_level_out_d5) is unused and will be removed from module proc_sys_reset.
WARNING: [Synth 8-3332] Sequential element (EXT_LPF/ACTIVE_LOW_EXT.ACT_LO_EXT/GENERATE_LEVEL_P_S_CDC.SINGLE_BIT.CROSS_PLEVEL_IN2SCNDRY_s_level_out_d6) is unused and will be removed from module proc_sys_reset.
WARNING: [Synth 8-3332] Sequential element (EXT_LPF/ACTIVE_LOW_AUX.ACT_LO_AUX/GENERATE_LEVEL_P_S_CDC.SINGLE_BIT.CROSS_PLEVEL_IN2SCNDRY_s_level_out_d5) is unused and will be removed from module proc_sys_reset.
WARNING: [Synth 8-3332] Sequential element (EXT_LPF/ACTIVE_LOW_AUX.ACT_LO_AUX/GENERATE_LEVEL_P_S_CDC.SINGLE_BIT.CROSS_PLEVEL_IN2SCNDRY_s_level_out_d6) is unused and will be removed from module proc_sys_reset.
INFO: [Synth 8-3333] propagating constant 0 across sequential element (design_1_i/i_0/axi_interconnect_0/\m00_couplers/auto_ds /inst/\gen_downsizer.gen_simple_downsizer.axi_downsizer_inst/USE_READ.read_addr_inst/num_transactions_q_reg[11] )
INFO: [Synth 8-3333] propagating constant 0 across sequential element (design_1_i/i_0/axi_interconnect_0/\m00_couplers/auto_ds /inst/\gen_downsizer.gen_simple_downsizer.axi_downsizer_inst/USE_READ.read_addr_inst/next_mi_addr_reg[1] )
INFO: [Synth 8-3333] propagating constant 0 across sequential element (design_1_i/i_0/axi_interconnect_0/\m00_couplers/auto_ds /inst/\gen_downsizer.gen_simple_downsizer.axi_downsizer_inst/USE_WRITE.write_addr_inst/num_transactions_q_reg[11] )
INFO: [Synth 8-3333] propagating constant 0 across sequential element (design_1_i/i_0/axi_interconnect_0/\m00_couplers/auto_ds /inst/\gen_downsizer.gen_simple_downsizer.axi_downsizer_inst/USE_WRITE.write_addr_inst/next_mi_addr_reg[1] )
WARNING: [Synth 8-3332] Sequential element (inst_fifo_gen/gconvfifo.rf/grf.rf/rstblk/ngwrdrst.grst.g7serrst.gnsckt_wrst.gcc_rst.sckt_wr_rst_cc_reg[3]) is unused and will be removed from module fifo_generator_v13_2_1.
WARNING: [Synth 8-3332] Sequential element (inst_fifo_gen/gconvfifo.rf/grf.rf/rstblk/ngwrdrst.grst.g7serrst.gnsckt_wrst.gcc_rst.sckt_wr_rst_cc_reg[2]) is unused and will be removed from module fifo_generator_v13_2_1.
WARNING: [Synth 8-3332] Sequential element (inst_fifo_gen/gconvfifo.rf/grf.rf/rstblk/ngwrdrst.grst.g7serrst.gnsckt_wrst.gcc_rst.sckt_wr_rst_cc_reg[3]) is unused and will be removed from module fifo_generator_v13_2_1__parameterized0.
WARNING: [Synth 8-3332] Sequential element (inst_fifo_gen/gconvfifo.rf/grf.rf/rstblk/ngwrdrst.grst.g7serrst.gnsckt_wrst.gcc_rst.sckt_wr_rst_cc_reg[2]) is unused and will be removed from module fifo_generator_v13_2_1__parameterized0.
WARNING: [Synth 8-3332] Sequential element (inst_fifo_gen/gconvfifo.rf/grf.rf/gntv_or_sync_fifo.mem/goreg_dm.dout_i_reg[27]) is unused and will be removed from module fifo_generator_v13_2_1__parameterized0.
WARNING: [Synth 8-3332] Sequential element (inst_fifo_gen/gconvfifo.rf/grf.rf/gntv_or_sync_fifo.mem/gdm.dm_gen.dm/gpr1.dout_i_reg[27]) is unused and will be removed from module fifo_generator_v13_2_1__parameterized0.
INFO: [Synth 8-3332] Sequential element (gen_downsizer.gen_simple_downsizer.axi_downsizer_inst/USE_WRITE.write_addr_inst/num_transactions_q_reg[11]) is unused and will be removed from module axi_dwidth_converter_v2_1_15_top.
INFO: [Synth 8-3332] Sequential element (gen_downsizer.gen_simple_downsizer.axi_downsizer_inst/USE_WRITE.write_addr_inst/next_mi_addr_reg[1]) is unused and will be removed from module axi_dwidth_converter_v2_1_15_top.
INFO: [Synth 8-3332] Sequential element (gen_downsizer.gen_simple_downsizer.axi_downsizer_inst/USE_WRITE.write_addr_inst/S_AXI_ALOCK_Q_reg[1]) is unused and will be removed from module axi_dwidth_converter_v2_1_15_top.
WARNING: [Synth 8-3332] Sequential element (inst_fifo_gen/gconvfifo.rf/grf.rf/rstblk/ngwrdrst.grst.g7serrst.gnsckt_wrst.gcc_rst.sckt_wr_rst_cc_reg[3]) is unused and will be removed from module fifo_generator_v13_2_1__parameterized0__xdcDup__1.
WARNING: [Synth 8-3332] Sequential element (inst_fifo_gen/gconvfifo.rf/grf.rf/rstblk/ngwrdrst.grst.g7serrst.gnsckt_wrst.gcc_rst.sckt_wr_rst_cc_reg[2]) is unused and will be removed from module fifo_generator_v13_2_1__parameterized0__xdcDup__1.
INFO: [Synth 8-3332] Sequential element (gen_downsizer.gen_simple_downsizer.axi_downsizer_inst/USE_READ.read_addr_inst/num_transactions_q_reg[11]) is unused and will be removed from module axi_dwidth_converter_v2_1_15_top.
INFO: [Synth 8-3332] Sequential element (gen_downsizer.gen_simple_downsizer.axi_downsizer_inst/USE_READ.read_addr_inst/next_mi_addr_reg[1]) is unused and will be removed from module axi_dwidth_converter_v2_1_15_top.
INFO: [Synth 8-3332] Sequential element (gen_downsizer.gen_simple_downsizer.axi_downsizer_inst/USE_READ.read_addr_inst/S_AXI_ALOCK_Q_reg[1]) is unused and will be removed from module axi_dwidth_converter_v2_1_15_top.
INFO: [Synth 8-3332] Sequential element (inst/gen_axilite.gen_b2s_conv.axilite_b2s/SI_REG/aw.aw_pipe/skid_buffer_reg[61]) is unused and will be removed from module design_1_auto_pc_0.
INFO: [Synth 8-3332] Sequential element (inst/gen_axilite.gen_b2s_conv.axilite_b2s/SI_REG/aw.aw_pipe/skid_buffer_reg[60]) is unused and will be removed from module design_1_auto_pc_0.
INFO: [Synth 8-3332] Sequential element (inst/gen_axilite.gen_b2s_conv.axilite_b2s/SI_REG/aw.aw_pipe/skid_buffer_reg[59]) is unused and will be removed from module design_1_auto_pc_0.
INFO: [Synth 8-3332] Sequential element (inst/gen_axilite.gen_b2s_conv.axilite_b2s/SI_REG/aw.aw_pipe/skid_buffer_reg[58]) is unused and will be removed from module design_1_auto_pc_0.
INFO: [Synth 8-3332] Sequential element (inst/gen_axilite.gen_b2s_conv.axilite_b2s/SI_REG/aw.aw_pipe/skid_buffer_reg[57]) is unused and will be removed from module design_1_auto_pc_0.
INFO: [Synth 8-3332] Sequential element (inst/gen_axilite.gen_b2s_conv.axilite_b2s/SI_REG/aw.aw_pipe/skid_buffer_reg[56]) is unused and will be removed from module design_1_auto_pc_0.
INFO: [Synth 8-3332] Sequential element (inst/gen_axilite.gen_b2s_conv.axilite_b2s/SI_REG/aw.aw_pipe/skid_buffer_reg[55]) is unused and will be removed from module design_1_auto_pc_0.
INFO: [Synth 8-3332] Sequential element (inst/gen_axilite.gen_b2s_conv.axilite_b2s/SI_REG/aw.aw_pipe/skid_buffer_reg[54]) is unused and will be removed from module design_1_auto_pc_0.
INFO: [Synth 8-3332] Sequential element (inst/gen_axilite.gen_b2s_conv.axilite_b2s/SI_REG/aw.aw_pipe/skid_buffer_reg[53]) is unused and will be removed from module design_1_auto_pc_0.
INFO: [Synth 8-3332] Sequential element (inst/gen_axilite.gen_b2s_conv.axilite_b2s/SI_REG/aw.aw_pipe/skid_buffer_reg[52]) is unused and will be removed from module design_1_auto_pc_0.
INFO: [Synth 8-3332] Sequential element (inst/gen_axilite.gen_b2s_conv.axilite_b2s/SI_REG/aw.aw_pipe/skid_buffer_reg[43]) is unused and will be removed from module design_1_auto_pc_0.
INFO: [Synth 8-3332] Sequential element (inst/gen_axilite.gen_b2s_conv.axilite_b2s/SI_REG/aw.aw_pipe/skid_buffer_reg[42]) is unused and will be removed from module design_1_auto_pc_0.
INFO: [Synth 8-3332] Sequential element (inst/gen_axilite.gen_b2s_conv.axilite_b2s/SI_REG/aw.aw_pipe/skid_buffer_reg[41]) is unused and will be removed from module design_1_auto_pc_0.
INFO: [Synth 8-3332] Sequential element (inst/gen_axilite.gen_b2s_conv.axilite_b2s/SI_REG/aw.aw_pipe/skid_buffer_reg[40]) is unused and will be removed from module design_1_auto_pc_0.
INFO: [Synth 8-3332] Sequential element (inst/gen_axilite.gen_b2s_conv.axilite_b2s/SI_REG/aw.aw_pipe/skid_buffer_reg[37]) is unused and will be removed from module design_1_auto_pc_0.
INFO: [Synth 8-3332] Sequential element (inst/gen_axilite.gen_b2s_conv.axilite_b2s/SI_REG/aw.aw_pipe/m_payload_i_reg[53]) is unused and will be removed from module design_1_auto_pc_0.
INFO: [Synth 8-3332] Sequential element (inst/gen_axilite.gen_b2s_conv.axilite_b2s/SI_REG/aw.aw_pipe/m_payload_i_reg[52]) is unused and will be removed from module design_1_auto_pc_0.
INFO: [Synth 8-3332] Sequential element (inst/gen_axilite.gen_b2s_conv.axilite_b2s/SI_REG/aw.aw_pipe/m_payload_i_reg[43]) is unused and will be removed from module design_1_auto_pc_0.
INFO: [Synth 8-3332] Sequential element (inst/gen_axilite.gen_b2s_conv.axilite_b2s/SI_REG/aw.aw_pipe/m_payload_i_reg[42]) is unused and will be removed from module design_1_auto_pc_0.
INFO: [Synth 8-3332] Sequential element (inst/gen_axilite.gen_b2s_conv.axilite_b2s/SI_REG/aw.aw_pipe/m_payload_i_reg[41]) is unused and will be removed from module design_1_auto_pc_0.
INFO: [Synth 8-3332] Sequential element (inst/gen_axilite.gen_b2s_conv.axilite_b2s/SI_REG/aw.aw_pipe/m_payload_i_reg[40]) is unused and will be removed from module design_1_auto_pc_0.
INFO: [Synth 8-3332] Sequential element (inst/gen_axilite.gen_b2s_conv.axilite_b2s/SI_REG/aw.aw_pipe/m_payload_i_reg[37]) is unused and will be removed from module design_1_auto_pc_0.
INFO: [Synth 8-3332] Sequential element (inst/gen_axilite.gen_b2s_conv.axilite_b2s/WR.aw_channel_0/s_awid_r_reg[0]) is unused and will be removed from module design_1_auto_pc_0.
INFO: [Synth 8-3332] Sequential element (inst/gen_axilite.gen_b2s_conv.axilite_b2s/SI_REG/ar.ar_pipe/skid_buffer_reg[61]) is unused and will be removed from module design_1_auto_pc_0.
INFO: [Synth 8-3332] Sequential element (inst/gen_axilite.gen_b2s_conv.axilite_b2s/SI_REG/ar.ar_pipe/skid_buffer_reg[60]) is unused and will be removed from module design_1_auto_pc_0.
INFO: [Synth 8-3332] Sequential element (inst/gen_axilite.gen_b2s_conv.axilite_b2s/SI_REG/ar.ar_pipe/skid_buffer_reg[59]) is unused and will be removed from module design_1_auto_pc_0.
INFO: [Synth 8-3332] Sequential element (inst/gen_axilite.gen_b2s_conv.axilite_b2s/SI_REG/ar.ar_pipe/skid_buffer_reg[58]) is unused and will be removed from module design_1_auto_pc_0.
INFO: [Synth 8-3332] Sequential element (inst/gen_axilite.gen_b2s_conv.axilite_b2s/SI_REG/ar.ar_pipe/skid_buffer_reg[57]) is unused and will be removed from module design_1_auto_pc_0.
INFO: [Synth 8-3332] Sequential element (inst/gen_axilite.gen_b2s_conv.axilite_b2s/SI_REG/ar.ar_pipe/skid_buffer_reg[56]) is unused and will be removed from module design_1_auto_pc_0.
INFO: [Synth 8-3332] Sequential element (inst/gen_axilite.gen_b2s_conv.axilite_b2s/SI_REG/ar.ar_pipe/skid_buffer_reg[55]) is unused and will be removed from module design_1_auto_pc_0.
INFO: [Synth 8-3332] Sequential element (inst/gen_axilite.gen_b2s_conv.axilite_b2s/SI_REG/ar.ar_pipe/skid_buffer_reg[54]) is unused and will be removed from module design_1_auto_pc_0.
INFO: [Synth 8-3332] Sequential element (inst/gen_axilite.gen_b2s_conv.axilite_b2s/SI_REG/ar.ar_pipe/skid_buffer_reg[53]) is unused and will be removed from module design_1_auto_pc_0.
INFO: [Synth 8-3332] Sequential element (inst/gen_axilite.gen_b2s_conv.axilite_b2s/SI_REG/ar.ar_pipe/skid_buffer_reg[52]) is unused and will be removed from module design_1_auto_pc_0.
INFO: [Synth 8-3332] Sequential element (inst/gen_axilite.gen_b2s_conv.axilite_b2s/SI_REG/ar.ar_pipe/skid_buffer_reg[43]) is unused and will be removed from module design_1_auto_pc_0.
INFO: [Synth 8-3332] Sequential element (inst/gen_axilite.gen_b2s_conv.axilite_b2s/SI_REG/ar.ar_pipe/skid_buffer_reg[42]) is unused and will be removed from module design_1_auto_pc_0.
INFO: [Synth 8-3332] Sequential element (inst/gen_axilite.gen_b2s_conv.axilite_b2s/SI_REG/ar.ar_pipe/skid_buffer_reg[41]) is unused and will be removed from module design_1_auto_pc_0.
INFO: [Synth 8-3332] Sequential element (inst/gen_axilite.gen_b2s_conv.axilite_b2s/SI_REG/ar.ar_pipe/skid_buffer_reg[40]) is unused and will be removed from module design_1_auto_pc_0.
INFO: [Synth 8-3332] Sequential element (inst/gen_axilite.gen_b2s_conv.axilite_b2s/SI_REG/ar.ar_pipe/skid_buffer_reg[37]) is unused and will be removed from module design_1_auto_pc_0.
INFO: [Synth 8-3332] Sequential element (inst/gen_axilite.gen_b2s_conv.axilite_b2s/SI_REG/ar.ar_pipe/m_payload_i_reg[53]) is unused and will be removed from module design_1_auto_pc_0.
INFO: [Synth 8-3332] Sequential element (inst/gen_axilite.gen_b2s_conv.axilite_b2s/SI_REG/ar.ar_pipe/m_payload_i_reg[52]) is unused and will be removed from module design_1_auto_pc_0.
INFO: [Synth 8-3332] Sequential element (inst/gen_axilite.gen_b2s_conv.axilite_b2s/SI_REG/ar.ar_pipe/m_payload_i_reg[43]) is unused and will be removed from module design_1_auto_pc_0.
INFO: [Synth 8-3332] Sequential element (inst/gen_axilite.gen_b2s_conv.axilite_b2s/SI_REG/ar.ar_pipe/m_payload_i_reg[42]) is unused and will be removed from module design_1_auto_pc_0.
INFO: [Synth 8-3332] Sequential element (inst/gen_axilite.gen_b2s_conv.axilite_b2s/SI_REG/ar.ar_pipe/m_payload_i_reg[41]) is unused and will be removed from module design_1_auto_pc_0.
INFO: [Synth 8-3332] Sequential element (inst/gen_axilite.gen_b2s_conv.axilite_b2s/SI_REG/ar.ar_pipe/m_payload_i_reg[40]) is unused and will be removed from module design_1_auto_pc_0.
INFO: [Synth 8-3332] Sequential element (inst/gen_axilite.gen_b2s_conv.axilite_b2s/SI_REG/ar.ar_pipe/m_payload_i_reg[37]) is unused and will be removed from module design_1_auto_pc_0.
INFO: [Synth 8-3332] Sequential element (inst/gen_axilite.gen_b2s_conv.axilite_b2s/RD.ar_channel_0/s_arid_r_reg[0]) is unused and will be removed from module design_1_auto_pc_0.
INFO: [Synth 8-3332] Sequential element (inst/gen_axilite.gen_b2s_conv.axilite_b2s/RD.r_channel_0/r_arid_r_reg[0]) is unused and will be removed from module design_1_auto_pc_0.
INFO: [Synth 8-3332] Sequential element (inst/gen_axilite.gen_b2s_conv.axilite_b2s/SI_REG/b.b_pipe/skid_buffer_reg[2]) is unused and will be removed from module design_1_auto_pc_0.
INFO: [Synth 8-3332] Sequential element (inst/gen_axilite.gen_b2s_conv.axilite_b2s/SI_REG/r.r_pipe/skid_buffer_reg[35]) is unused and will be removed from module design_1_auto_pc_0.
INFO: [Synth 8-3332] Sequential element (gen_upsizer.gen_full_upsizer.axi_upsizer_inst/USE_WRITE.write_addr_inst/GEN_CMD_QUEUE.cmd_queue/USE_FF_OUT.USE_RTL_OUTPUT_PIPELINE.M_MESG_Q_reg[16]) is unused and will be removed from module axi_dwidth_converter_v2_1_15_top__parameterized0.
INFO: [Synth 8-3332] Sequential element (gen_upsizer.gen_full_upsizer.axi_upsizer_inst/USE_WRITE.write_addr_inst/GEN_CMD_QUEUE.cmd_queue/USE_FF_OUT.USE_RTL_OUTPUT_PIPELINE.M_MESG_Q_reg[15]) is unused and will be removed from module axi_dwidth_converter_v2_1_15_top__parameterized0.
INFO: [Synth 8-3332] Sequential element (gen_upsizer.gen_full_upsizer.axi_upsizer_inst/USE_READ.gen_non_fifo_r_upsizer.mi_register_slice_inst/aw.aw_pipe/aresetn_d_reg[1]) is unused and will be removed from module axi_dwidth_converter_v2_1_15_top__parameterized0.
INFO: [Synth 8-3332] Sequential element (gen_upsizer.gen_full_upsizer.axi_upsizer_inst/USE_READ.gen_non_fifo_r_upsizer.mi_register_slice_inst/aw.aw_pipe/aresetn_d_reg[0]) is unused and will be removed from module axi_dwidth_converter_v2_1_15_top__parameterized0.
INFO: [Synth 8-3332] Sequential element (gen_upsizer.gen_full_upsizer.axi_upsizer_inst/USE_READ.gen_non_fifo_r_upsizer.mi_register_slice_inst/aw.aw_pipe/m_valid_i_reg) is unused and will be removed from module axi_dwidth_converter_v2_1_15_top__parameterized0.
INFO: [Synth 8-3332] Sequential element (gen_upsizer.gen_full_upsizer.axi_upsizer_inst/USE_READ.gen_non_fifo_r_upsizer.mi_register_slice_inst/aw.aw_pipe/s_ready_i_reg) is unused and will be removed from module axi_dwidth_converter_v2_1_15_top__parameterized0.
INFO: [Synth 8-3332] Sequential element (gen_upsizer.gen_full_upsizer.axi_upsizer_inst/USE_READ.gen_non_fifo_r_upsizer.mi_register_slice_inst/aw.aw_pipe/m_payload_i_reg[61]) is unused and will be removed from module axi_dwidth_converter_v2_1_15_top__parameterized0.
INFO: [Synth 8-3332] Sequential element (gen_upsizer.gen_full_upsizer.axi_upsizer_inst/USE_READ.gen_non_fifo_r_upsizer.mi_register_slice_inst/aw.aw_pipe/m_payload_i_reg[60]) is unused and will be removed from module axi_dwidth_converter_v2_1_15_top__parameterized0.
INFO: [Synth 8-3332] Sequential element (gen_upsizer.gen_full_upsizer.axi_upsizer_inst/USE_READ.gen_non_fifo_r_upsizer.mi_register_slice_inst/aw.aw_pipe/m_payload_i_reg[59]) is unused and will be removed from module axi_dwidth_converter_v2_1_15_top__parameterized0.
INFO: [Synth 8-3332] Sequential element (gen_upsizer.gen_full_upsizer.axi_upsizer_inst/USE_READ.gen_non_fifo_r_upsizer.mi_register_slice_inst/aw.aw_pipe/m_payload_i_reg[58]) is unused and will be removed from module axi_dwidth_converter_v2_1_15_top__parameterized0.
INFO: [Synth 8-3332] Sequential element (gen_upsizer.gen_full_upsizer.axi_upsizer_inst/USE_READ.gen_non_fifo_r_upsizer.mi_register_slice_inst/aw.aw_pipe/m_payload_i_reg[57]) is unused and will be removed from module axi_dwidth_converter_v2_1_15_top__parameterized0.
INFO: [Synth 8-3332] Sequential element (gen_upsizer.gen_full_upsizer.axi_upsizer_inst/USE_READ.gen_non_fifo_r_upsizer.mi_register_slice_inst/aw.aw_pipe/m_payload_i_reg[56]) is unused and will be removed from module axi_dwidth_converter_v2_1_15_top__parameterized0.
INFO: [Synth 8-3332] Sequential element (gen_upsizer.gen_full_upsizer.axi_upsizer_inst/USE_READ.gen_non_fifo_r_upsizer.mi_register_slice_inst/aw.aw_pipe/m_payload_i_reg[55]) is unused and will be removed from module axi_dwidth_converter_v2_1_15_top__parameterized0.
INFO: [Synth 8-3332] Sequential element (gen_upsizer.gen_full_upsizer.axi_upsizer_inst/USE_READ.gen_non_fifo_r_upsizer.mi_register_slice_inst/aw.aw_pipe/m_payload_i_reg[54]) is unused and will be removed from module axi_dwidth_converter_v2_1_15_top__parameterized0.
INFO: [Synth 8-3332] Sequential element (gen_upsizer.gen_full_upsizer.axi_upsizer_inst/USE_READ.gen_non_fifo_r_upsizer.mi_register_slice_inst/aw.aw_pipe/m_payload_i_reg[53]) is unused and will be removed from module axi_dwidth_converter_v2_1_15_top__parameterized0.
INFO: [Synth 8-3332] Sequential element (gen_upsizer.gen_full_upsizer.axi_upsizer_inst/USE_READ.gen_non_fifo_r_upsizer.mi_register_slice_inst/aw.aw_pipe/m_payload_i_reg[52]) is unused and will be removed from module axi_dwidth_converter_v2_1_15_top__parameterized0.
INFO: [Synth 8-3332] Sequential element (gen_upsizer.gen_full_upsizer.axi_upsizer_inst/USE_READ.gen_non_fifo_r_upsizer.mi_register_slice_inst/aw.aw_pipe/m_payload_i_reg[51]) is unused and will be removed from module axi_dwidth_converter_v2_1_15_top__parameterized0.
INFO: [Synth 8-3332] Sequential element (gen_upsizer.gen_full_upsizer.axi_upsizer_inst/USE_READ.gen_non_fifo_r_upsizer.mi_register_slice_inst/aw.aw_pipe/m_payload_i_reg[50]) is unused and will be removed from module axi_dwidth_converter_v2_1_15_top__parameterized0.
INFO: [Synth 8-3332] Sequential element (gen_upsizer.gen_full_upsizer.axi_upsizer_inst/USE_READ.gen_non_fifo_r_upsizer.mi_register_slice_inst/aw.aw_pipe/m_payload_i_reg[49]) is unused and will be removed from module axi_dwidth_converter_v2_1_15_top__parameterized0.
INFO: [Synth 8-3332] Sequential element (gen_upsizer.gen_full_upsizer.axi_upsizer_inst/USE_READ.gen_non_fifo_r_upsizer.mi_register_slice_inst/aw.aw_pipe/m_payload_i_reg[48]) is unused and will be removed from module axi_dwidth_converter_v2_1_15_top__parameterized0.
INFO: [Synth 8-3332] Sequential element (gen_upsizer.gen_full_upsizer.axi_upsizer_inst/USE_READ.gen_non_fifo_r_upsizer.mi_register_slice_inst/aw.aw_pipe/m_payload_i_reg[47]) is unused and will be removed from module axi_dwidth_converter_v2_1_15_top__parameterized0.
INFO: [Synth 8-3332] Sequential element (gen_upsizer.gen_full_upsizer.axi_upsizer_inst/USE_READ.gen_non_fifo_r_upsizer.mi_register_slice_inst/aw.aw_pipe/m_payload_i_reg[46]) is unused and will be removed from module axi_dwidth_converter_v2_1_15_top__parameterized0.
INFO: [Synth 8-3332] Sequential element (gen_upsizer.gen_full_upsizer.axi_upsizer_inst/USE_READ.gen_non_fifo_r_upsizer.mi_register_slice_inst/aw.aw_pipe/m_payload_i_reg[45]) is unused and will be removed from module axi_dwidth_converter_v2_1_15_top__parameterized0.
INFO: [Synth 8-3332] Sequential element (gen_upsizer.gen_full_upsizer.axi_upsizer_inst/USE_READ.gen_non_fifo_r_upsizer.mi_register_slice_inst/aw.aw_pipe/m_payload_i_reg[44]) is unused and will be removed from module axi_dwidth_converter_v2_1_15_top__parameterized0.
INFO: [Common 17-14] Message 'Synth 8-3332' appears 100 times and further instances of the messages will be disabled. Use the Tcl command set_msg_config to change the current settings.
INFO: [Synth 8-3333] propagating constant 0 across sequential element (design_1_i/i_0/axi_interconnect_0/xbar/\inst/gen_samd.crossbar_samd /\gen_slave_slots[1].gen_si_read.si_transactor_ar /\gen_multi_thread.active_region_reg[2] )
INFO: [Synth 8-3333] propagating constant 0 across sequential element (design_1_i/i_0/axi_interconnect_0/xbar/\inst/gen_samd.crossbar_samd /\gen_slave_slots[1].gen_si_read.si_transactor_ar /\gen_multi_thread.active_region_reg[10] )
INFO: [Synth 8-3333] propagating constant 0 across sequential element (design_1_i/i_0/axi_interconnect_0/xbar/\inst/gen_samd.crossbar_samd /\gen_slave_slots[0].gen_si_read.si_transactor_ar /\gen_single_thread.active_region_reg[2] )
INFO: [Synth 8-3333] propagating constant 0 across sequential element (design_1_i/i_0/axi_interconnect_0/xbar/\inst/gen_samd.crossbar_samd /\gen_slave_slots[1].gen_si_write.si_transactor_aw /\gen_multi_thread.active_region_reg[2] )
INFO: [Synth 8-3333] propagating constant 0 across sequential element (design_1_i/i_0/axi_interconnect_0/xbar/\inst/gen_samd.crossbar_samd /\gen_slave_slots[1].gen_si_write.si_transactor_aw /\gen_multi_thread.active_region_reg[10] )
INFO: [Synth 8-3333] propagating constant 0 across sequential element (design_1_i/i_0/axi_interconnect_0/xbar/\inst/gen_samd.crossbar_samd /\gen_slave_slots[0].gen_si_write.si_transactor_aw /\gen_single_thread.active_region_reg[2] )
INFO: [Synth 8-3333] propagating constant 0 across sequential element (design_1_i/i_0/axi_interconnect_0/xbar/\inst/gen_samd.crossbar_samd /addr_arbiter_ar/\gen_arbiter.m_mesg_i_reg[53] )
INFO: [Synth 8-3333] propagating constant 0 across sequential element (design_1_i/i_0/axi_interconnect_0/xbar/\inst/gen_samd.crossbar_samd /addr_arbiter_aw/\gen_arbiter.m_mesg_i_reg[53] )
INFO: [Synth 8-3333] propagating constant 0 across sequential element (design_1_i/i_0/axi_interconnect_0/xbar/\inst/gen_samd.crossbar_samd /\gen_master_slots[2].reg_slice_mi /\b.b_pipe/m_payload_i_reg[4] )
INFO: [Synth 8-3333] propagating constant 1 across sequential element (design_1_i/i_0/axi_interconnect_0/xbar/\inst/gen_samd.crossbar_samd /\gen_master_slots[2].reg_slice_mi /\b.b_pipe/m_payload_i_reg[1] )
INFO: [Synth 8-3333] propagating constant 0 across sequential element (design_1_i/i_1/axi_bram_ctrl_0/\U0/gext_inst.abcv4_0_ext_inst/GEN_AXI4.I_FULL_AXI/I_RD_CHNL/GEN_RRESP.axi_rresp_int_reg[1] )
INFO: [Synth 8-3333] propagating constant 0 across sequential element (design_1_i/i_1/axi_bram_ctrl_0/\U0/gext_inst.abcv4_0_ext_inst/GEN_AXI4.I_FULL_AXI/I_WR_CHNL/GEN_BRESP.axi_bresp_int_reg[1] )
---------------------------------------------------------------------------------
Finished Cross Boundary and Area Optimization : Time (s): cpu = 00:03:14 ; elapsed = 00:03:19 . Memory (MB): peak = 1407.488 ; gain = 1076.977
---------------------------------------------------------------------------------
---------------------------------------------------------------------------------
Start ROM, RAM, DSP and Shift Register Reporting
---------------------------------------------------------------------------------

ROM:
+----------------+------------+---------------+----------------+
|Module Name     | RTL Object | Depth x Width | Implemented As | 
+----------------+------------+---------------+----------------+
|GENERATE_KEY    | S_BOX17    | 256x8         | LUT            | 
|GENERATE_KEY    | S_BOX16    | 256x8         | LUT            | 
|GENERATE_KEY    | S_BOX15    | 256x8         | LUT            | 
|GENERATE_KEY    | S_BOX      | 256x8         | LUT            | 
|SUB_BYTES       | S_BOX14    | 256x8         | LUT            | 
|SUB_BYTES       | S_BOX13    | 256x8         | LUT            | 
|SUB_BYTES       | S_BOX12    | 256x8         | LUT            | 
|SUB_BYTES       | S_BOX11    | 256x8         | LUT            | 
|SUB_BYTES       | S_BOX10    | 256x8         | LUT            | 
|SUB_BYTES       | S_BOX9     | 256x8         | LUT            | 
|SUB_BYTES       | S_BOX8     | 256x8         | LUT            | 
|SUB_BYTES       | S_BOX7     | 256x8         | LUT            | 
|SUB_BYTES       | S_BOX6     | 256x8         | LUT            | 
|SUB_BYTES       | S_BOX5     | 256x8         | LUT            | 
|SUB_BYTES       | S_BOX4     | 256x8         | LUT            | 
|SUB_BYTES       | S_BOX3     | 256x8         | LUT            | 
|SUB_BYTES       | S_BOX2     | 256x8         | LUT            | 
|SUB_BYTES       | S_BOX1     | 256x8         | LUT            | 
|SUB_BYTES       | S_BOX0     | 256x8         | LUT            | 
|SUB_BYTES       | S_BOX      | 256x8         | LUT            | 
|GENERATE_KEY    | S_BOX17    | 256x8         | LUT            | 
|GENERATE_KEY    | S_BOX16    | 256x8         | LUT            | 
|GENERATE_KEY    | S_BOX15    | 256x8         | LUT            | 
|GENERATE_KEY    | S_BOX      | 256x8         | LUT            | 
|ROUND_ITERATION | SB/S_BOX14 | 256x8         | LUT            | 
|ROUND_ITERATION | SB/S_BOX13 | 256x8         | LUT            | 
|ROUND_ITERATION | SB/S_BOX12 | 256x8         | LUT            | 
|ROUND_ITERATION | SB/S_BOX11 | 256x8         | LUT            | 
|ROUND_ITERATION | SB/S_BOX10 | 256x8         | LUT            | 
|ROUND_ITERATION | SB/S_BOX9  | 256x8         | LUT            | 
|ROUND_ITERATION | SB/S_BOX8  | 256x8         | LUT            | 
|ROUND_ITERATION | SB/S_BOX7  | 256x8         | LUT            | 
|ROUND_ITERATION | SB/S_BOX6  | 256x8         | LUT            | 
|ROUND_ITERATION | SB/S_BOX5  | 256x8         | LUT            | 
|ROUND_ITERATION | SB/S_BOX4  | 256x8         | LUT            | 
|ROUND_ITERATION | SB/S_BOX3  | 256x8         | LUT            | 
|ROUND_ITERATION | SB/S_BOX2  | 256x8         | LUT            | 
|ROUND_ITERATION | SB/S_BOX1  | 256x8         | LUT            | 
|ROUND_ITERATION | SB/S_BOX0  | 256x8         | LUT            | 
|ROUND_ITERATION | SB/S_BOX   | 256x8         | LUT            | 
|ROUND_ITERATION | SB/S_BOX14 | 256x8         | LUT            | 
|ROUND_ITERATION | SB/S_BOX13 | 256x8         | LUT            | 
|ROUND_ITERATION | SB/S_BOX12 | 256x8         | LUT            | 
|ROUND_ITERATION | SB/S_BOX11 | 256x8         | LUT            | 
|ROUND_ITERATION | SB/S_BOX10 | 256x8         | LUT            | 
|ROUND_ITERATION | SB/S_BOX9  | 256x8         | LUT            | 
|ROUND_ITERATION | SB/S_BOX8  | 256x8         | LUT            | 
|ROUND_ITERATION | SB/S_BOX7  | 256x8         | LUT            | 
|ROUND_ITERATION | SB/S_BOX6  | 256x8         | LUT            | 
|ROUND_ITERATION | SB/S_BOX5  | 256x8         | LUT            | 
|ROUND_ITERATION | SB/S_BOX4  | 256x8         | LUT            | 
|ROUND_ITERATION | SB/S_BOX3  | 256x8         | LUT            | 
|ROUND_ITERATION | SB/S_BOX2  | 256x8         | LUT            | 
|ROUND_ITERATION | SB/S_BOX1  | 256x8         | LUT            | 
|ROUND_ITERATION | SB/S_BOX0  | 256x8         | LUT            | 
|ROUND_ITERATION | SB/S_BOX   | 256x8         | LUT            | 
|ROUND_ITERATION | SB/S_BOX14 | 256x8         | LUT            | 
|ROUND_ITERATION | SB/S_BOX13 | 256x8         | LUT            | 
|ROUND_ITERATION | SB/S_BOX12 | 256x8         | LUT            | 
|ROUND_ITERATION | SB/S_BOX11 | 256x8         | LUT            | 
|ROUND_ITERATION | SB/S_BOX10 | 256x8         | LUT            | 
|ROUND_ITERATION | SB/S_BOX9  | 256x8         | LUT            | 
|ROUND_ITERATION | SB/S_BOX8  | 256x8         | LUT            | 
|ROUND_ITERATION | SB/S_BOX7  | 256x8         | LUT            | 
|ROUND_ITERATION | SB/S_BOX6  | 256x8         | LUT            | 
|ROUND_ITERATION | SB/S_BOX5  | 256x8         | LUT            | 
|ROUND_ITERATION | SB/S_BOX4  | 256x8         | LUT            | 
|ROUND_ITERATION | SB/S_BOX3  | 256x8         | LUT            | 
|ROUND_ITERATION | SB/S_BOX2  | 256x8         | LUT            | 
|ROUND_ITERATION | SB/S_BOX1  | 256x8         | LUT            | 
|ROUND_ITERATION | SB/S_BOX0  | 256x8         | LUT            | 
|ROUND_ITERATION | SB/S_BOX   | 256x8         | LUT            | 
|ROUND_ITERATION | SB/S_BOX14 | 256x8         | LUT            | 
|ROUND_ITERATION | SB/S_BOX13 | 256x8         | LUT            | 
|ROUND_ITERATION | SB/S_BOX12 | 256x8         | LUT            | 
|ROUND_ITERATION | SB/S_BOX11 | 256x8         | LUT            | 
|ROUND_ITERATION | SB/S_BOX10 | 256x8         | LUT            | 
|ROUND_ITERATION | SB/S_BOX9  | 256x8         | LUT            | 
|ROUND_ITERATION | SB/S_BOX8  | 256x8         | LUT            | 
|ROUND_ITERATION | SB/S_BOX7  | 256x8         | LUT            | 
|ROUND_ITERATION | SB/S_BOX6  | 256x8         | LUT            | 
|ROUND_ITERATION | SB/S_BOX5  | 256x8         | LUT            | 
|ROUND_ITERATION | SB/S_BOX4  | 256x8         | LUT            | 
|ROUND_ITERATION | SB/S_BOX3  | 256x8         | LUT            | 
|ROUND_ITERATION | SB/S_BOX2  | 256x8         | LUT            | 
|ROUND_ITERATION | SB/S_BOX1  | 256x8         | LUT            | 
|ROUND_ITERATION | SB/S_BOX0  | 256x8         | LUT            | 
|ROUND_ITERATION | SB/S_BOX   | 256x8         | LUT            | 
|ROUND_ITERATION | SB/S_BOX14 | 256x8         | LUT            | 
|ROUND_ITERATION | SB/S_BOX13 | 256x8         | LUT            | 
|ROUND_ITERATION | SB/S_BOX12 | 256x8         | LUT            | 
|ROUND_ITERATION | SB/S_BOX11 | 256x8         | LUT            | 
|ROUND_ITERATION | SB/S_BOX10 | 256x8         | LUT            | 
|ROUND_ITERATION | SB/S_BOX9  | 256x8         | LUT            | 
|ROUND_ITERATION | SB/S_BOX8  | 256x8         | LUT            | 
|ROUND_ITERATION | SB/S_BOX7  | 256x8         | LUT            | 
|ROUND_ITERATION | SB/S_BOX6  | 256x8         | LUT            | 
|ROUND_ITERATION | SB/S_BOX5  | 256x8         | LUT            | 
|ROUND_ITERATION | SB/S_BOX4  | 256x8         | LUT            | 
|ROUND_ITERATION | SB/S_BOX3  | 256x8         | LUT            | 
|ROUND_ITERATION | SB/S_BOX2  | 256x8         | LUT            | 
|ROUND_ITERATION | SB/S_BOX1  | 256x8         | LUT            | 
|ROUND_ITERATION | SB/S_BOX0  | 256x8         | LUT            | 
|ROUND_ITERATION | SB/S_BOX   | 256x8         | LUT            | 
|ROUND_ITERATION | SB/S_BOX14 | 256x8         | LUT            | 
|ROUND_ITERATION | SB/S_BOX13 | 256x8         | LUT            | 
|ROUND_ITERATION | SB/S_BOX12 | 256x8         | LUT            | 
|ROUND_ITERATION | SB/S_BOX11 | 256x8         | LUT            | 
|ROUND_ITERATION | SB/S_BOX10 | 256x8         | LUT            | 
|ROUND_ITERATION | SB/S_BOX9  | 256x8         | LUT            | 
|ROUND_ITERATION | SB/S_BOX8  | 256x8         | LUT            | 
|ROUND_ITERATION | SB/S_BOX7  | 256x8         | LUT            | 
|ROUND_ITERATION | SB/S_BOX6  | 256x8         | LUT            | 
|ROUND_ITERATION | SB/S_BOX5  | 256x8         | LUT            | 
|ROUND_ITERATION | SB/S_BOX4  | 256x8         | LUT            | 
|ROUND_ITERATION | SB/S_BOX3  | 256x8         | LUT            | 
|ROUND_ITERATION | SB/S_BOX2  | 256x8         | LUT            | 
|ROUND_ITERATION | SB/S_BOX1  | 256x8         | LUT            | 
|ROUND_ITERATION | SB/S_BOX0  | 256x8         | LUT            | 
|ROUND_ITERATION | SB/S_BOX   | 256x8         | LUT            | 
|ROUND_ITERATION | SB/S_BOX14 | 256x8         | LUT            | 
|ROUND_ITERATION | SB/S_BOX13 | 256x8         | LUT            | 
|ROUND_ITERATION | SB/S_BOX12 | 256x8         | LUT            | 
|ROUND_ITERATION | SB/S_BOX11 | 256x8         | LUT            | 
|ROUND_ITERATION | SB/S_BOX10 | 256x8         | LUT            | 
|ROUND_ITERATION | SB/S_BOX9  | 256x8         | LUT            | 
|ROUND_ITERATION | SB/S_BOX8  | 256x8         | LUT            | 
|ROUND_ITERATION | SB/S_BOX7  | 256x8         | LUT            | 
|ROUND_ITERATION | SB/S_BOX6  | 256x8         | LUT            | 
|ROUND_ITERATION | SB/S_BOX5  | 256x8         | LUT            | 
|ROUND_ITERATION | SB/S_BOX4  | 256x8         | LUT            | 
|ROUND_ITERATION | SB/S_BOX3  | 256x8         | LUT            | 
|ROUND_ITERATION | SB/S_BOX2  | 256x8         | LUT            | 
|ROUND_ITERATION | SB/S_BOX1  | 256x8         | LUT            | 
|ROUND_ITERATION | SB/S_BOX0  | 256x8         | LUT            | 
|ROUND_ITERATION | SB/S_BOX   | 256x8         | LUT            | 
|ROUND_ITERATION | SB/S_BOX14 | 256x8         | LUT            | 
|ROUND_ITERATION | SB/S_BOX13 | 256x8         | LUT            | 
|ROUND_ITERATION | SB/S_BOX12 | 256x8         | LUT            | 
|ROUND_ITERATION | SB/S_BOX11 | 256x8         | LUT            | 
|ROUND_ITERATION | SB/S_BOX10 | 256x8         | LUT            | 
|ROUND_ITERATION | SB/S_BOX9  | 256x8         | LUT            | 
|ROUND_ITERATION | SB/S_BOX8  | 256x8         | LUT            | 
|ROUND_ITERATION | SB/S_BOX7  | 256x8         | LUT            | 
|ROUND_ITERATION | SB/S_BOX6  | 256x8         | LUT            | 
|ROUND_ITERATION | SB/S_BOX5  | 256x8         | LUT            | 
|ROUND_ITERATION | SB/S_BOX4  | 256x8         | LUT            | 
|ROUND_ITERATION | SB/S_BOX3  | 256x8         | LUT            | 
|ROUND_ITERATION | SB/S_BOX2  | 256x8         | LUT            | 
|ROUND_ITERATION | SB/S_BOX1  | 256x8         | LUT            | 
|ROUND_ITERATION | SB/S_BOX0  | 256x8         | LUT            | 
|ROUND_ITERATION | SB/S_BOX   | 256x8         | LUT            | 
|ROUND_ITERATION | SB/S_BOX14 | 256x8         | LUT            | 
|ROUND_ITERATION | SB/S_BOX13 | 256x8         | LUT            | 
|ROUND_ITERATION | SB/S_BOX12 | 256x8         | LUT            | 
|ROUND_ITERATION | SB/S_BOX11 | 256x8         | LUT            | 
|ROUND_ITERATION | SB/S_BOX10 | 256x8         | LUT            | 
|ROUND_ITERATION | SB/S_BOX9  | 256x8         | LUT            | 
|ROUND_ITERATION | SB/S_BOX8  | 256x8         | LUT            | 
|ROUND_ITERATION | SB/S_BOX7  | 256x8         | LUT            | 
|ROUND_ITERATION | SB/S_BOX6  | 256x8         | LUT            | 
|ROUND_ITERATION | SB/S_BOX5  | 256x8         | LUT            | 
|ROUND_ITERATION | SB/S_BOX4  | 256x8         | LUT            | 
|ROUND_ITERATION | SB/S_BOX3  | 256x8         | LUT            | 
|ROUND_ITERATION | SB/S_BOX2  | 256x8         | LUT            | 
|ROUND_ITERATION | SB/S_BOX1  | 256x8         | LUT            | 
|ROUND_ITERATION | SB/S_BOX0  | 256x8         | LUT            | 
|ROUND_ITERATION | SB/S_BOX   | 256x8         | LUT            | 
|ROUND_ITERATION | SB/S_BOX14 | 256x8         | LUT            | 
|ROUND_ITERATION | SB/S_BOX13 | 256x8         | LUT            | 
|ROUND_ITERATION | SB/S_BOX12 | 256x8         | LUT            | 
|ROUND_ITERATION | SB/S_BOX11 | 256x8         | LUT            | 
|ROUND_ITERATION | SB/S_BOX10 | 256x8         | LUT            | 
|ROUND_ITERATION | SB/S_BOX9  | 256x8         | LUT            | 
|ROUND_ITERATION | SB/S_BOX8  | 256x8         | LUT            | 
|ROUND_ITERATION | SB/S_BOX7  | 256x8         | LUT            | 
|ROUND_ITERATION | SB/S_BOX6  | 256x8         | LUT            | 
|ROUND_ITERATION | SB/S_BOX5  | 256x8         | LUT            | 
|ROUND_ITERATION | SB/S_BOX4  | 256x8         | LUT            | 
|ROUND_ITERATION | SB/S_BOX3  | 256x8         | LUT            | 
|ROUND_ITERATION | SB/S_BOX2  | 256x8         | LUT            | 
|ROUND_ITERATION | SB/S_BOX1  | 256x8         | LUT            | 
|ROUND_ITERATION | SB/S_BOX0  | 256x8         | LUT            | 
|ROUND_ITERATION | SB/S_BOX   | 256x8         | LUT            | 
+----------------+------------+---------------+----------------+


Distributed RAM: Preliminary Mapping  Report (see note below)
+---------------------------------------------------------------------------------------------------------------------------------------------------------------------------------------------+-------------------------------------------------------------------------------+----------------+----------------------+---------------+
|Module Name                                                                                                                                                                                  | RTL Object                                                                    | Inference      | Size (Depth x Width) | Primitives    | 
+---------------------------------------------------------------------------------------------------------------------------------------------------------------------------------------------+-------------------------------------------------------------------------------+----------------+----------------------+---------------+
|design_1_i/AES_IP_TOP_0                                                                                                                                                                      | inst/aes_ip_v1_0_M00_AXI_inst/FIFO/RAM_reg                                    | Implied        | 64 x 128             | RAM64M x 43   | 
|design_1_i/i_0/axi_interconnect_0/\m00_couplers/auto_ds /inst/\gen_downsizer.gen_simple_downsizer.axi_downsizer_inst/USE_WRITE.write_addr_inst/USE_B_CHANNEL.cmd_b_queue/inst/fifo_gen_inst  | inst_fifo_gen/gconvfifo.rf/grf.rf/gntv_or_sync_fifo.mem/gdm.dm_gen.dm/RAM_reg | User Attribute | 32 x 9               | RAM32M x 2    | 
|design_1_i/i_0/axi_interconnect_0/\m00_couplers/auto_ds /inst/\gen_downsizer.gen_simple_downsizer.axi_downsizer_inst/USE_WRITE.write_addr_inst/cmd_queue/inst/fifo_gen_inst                  | inst_fifo_gen/gconvfifo.rf/grf.rf/gntv_or_sync_fifo.mem/gdm.dm_gen.dm/RAM_reg | User Attribute | 32 x 29              | RAM32M x 5    | 
|design_1_i/i_0/axi_interconnect_0/\m00_couplers/auto_ds /inst/\gen_downsizer.gen_simple_downsizer.axi_downsizer_inst/USE_READ.read_addr_inst/cmd_queue/inst/fifo_gen_inst                    | inst_fifo_gen/gconvfifo.rf/grf.rf/gntv_or_sync_fifo.mem/gdm.dm_gen.dm/RAM_reg | User Attribute | 32 x 29              | RAM32M x 5    | 
+---------------------------------------------------------------------------------------------------------------------------------------------------------------------------------------------+-------------------------------------------------------------------------------+----------------+----------------------+---------------+

Note: The table above is a preliminary report that shows the Distributed RAMs at the current stage of the synthesis flow. Some Distributed RAMs may be reimplemented as non Distributed RAM primitives later in the synthesis flow. Multiple instantiated RAMs are reported only once.
---------------------------------------------------------------------------------
Finished ROM, RAM, DSP and Shift Register Reporting
---------------------------------------------------------------------------------

Report RTL Partitions: 
+------+------------------------+------------+----------+
|      |RTL Partition           |Replication |Instances |
+------+------------------------+------------+----------+
|1     |design_1_AES_IP_TOP_0_1 |           1|     28761|
|2     |design_1__GB1           |           1|     15308|
|3     |design_1__GB2           |           1|      2729|
+------+------------------------+------------+----------+
---------------------------------------------------------------------------------
Start Applying XDC Timing Constraints
---------------------------------------------------------------------------------
---------------------------------------------------------------------------------
Finished Applying XDC Timing Constraints : Time (s): cpu = 00:03:20 ; elapsed = 00:03:25 . Memory (MB): peak = 1407.488 ; gain = 1076.977
---------------------------------------------------------------------------------
---------------------------------------------------------------------------------
Start Timing Optimization
---------------------------------------------------------------------------------
---------------------------------------------------------------------------------
Finished Timing Optimization : Time (s): cpu = 00:03:24 ; elapsed = 00:03:29 . Memory (MB): peak = 1413.570 ; gain = 1083.059
---------------------------------------------------------------------------------
---------------------------------------------------------------------------------
Start ROM, RAM, DSP and Shift Register Reporting
---------------------------------------------------------------------------------

Distributed RAM: Final Mapping  Report
+---------------------------------------------------------------------------------------------------------------------------------------------------------------------------------------------+-------------------------------------------------------------------------------+----------------+----------------------+---------------+
|Module Name                                                                                                                                                                                  | RTL Object                                                                    | Inference      | Size (Depth x Width) | Primitives    | 
+---------------------------------------------------------------------------------------------------------------------------------------------------------------------------------------------+-------------------------------------------------------------------------------+----------------+----------------------+---------------+
|design_1_i/AES_IP_TOP_0                                                                                                                                                                      | inst/aes_ip_v1_0_M00_AXI_inst/FIFO/RAM_reg                                    | Implied        | 64 x 128             | RAM64M x 43   | 
|design_1_i/i_0/axi_interconnect_0/\m00_couplers/auto_ds /inst/\gen_downsizer.gen_simple_downsizer.axi_downsizer_inst/USE_WRITE.write_addr_inst/USE_B_CHANNEL.cmd_b_queue/inst/fifo_gen_inst  | inst_fifo_gen/gconvfifo.rf/grf.rf/gntv_or_sync_fifo.mem/gdm.dm_gen.dm/RAM_reg | User Attribute | 32 x 9               | RAM32M x 2    | 
|design_1_i/i_0/axi_interconnect_0/\m00_couplers/auto_ds /inst/\gen_downsizer.gen_simple_downsizer.axi_downsizer_inst/USE_WRITE.write_addr_inst/cmd_queue/inst/fifo_gen_inst                  | inst_fifo_gen/gconvfifo.rf/grf.rf/gntv_or_sync_fifo.mem/gdm.dm_gen.dm/RAM_reg | User Attribute | 32 x 29              | RAM32M x 5    | 
|design_1_i/i_0/axi_interconnect_0/\m00_couplers/auto_ds /inst/\gen_downsizer.gen_simple_downsizer.axi_downsizer_inst/USE_READ.read_addr_inst/cmd_queue/inst/fifo_gen_inst                    | inst_fifo_gen/gconvfifo.rf/grf.rf/gntv_or_sync_fifo.mem/gdm.dm_gen.dm/RAM_reg | User Attribute | 32 x 29              | RAM32M x 5    | 
+---------------------------------------------------------------------------------------------------------------------------------------------------------------------------------------------+-------------------------------------------------------------------------------+----------------+----------------------+---------------+

---------------------------------------------------------------------------------
Finished ROM, RAM, DSP and Shift Register Reporting
---------------------------------------------------------------------------------

Report RTL Partitions: 
+------+------------------------+------------+----------+
|      |RTL Partition           |Replication |Instances |
+------+------------------------+------------+----------+
|1     |design_1_AES_IP_TOP_0_1 |           1|     28761|
|2     |design_1__GB1           |           1|     15319|
|3     |design_1__GB2           |           1|      2729|
+------+------------------------+------------+----------+
---------------------------------------------------------------------------------
Start Technology Mapping
---------------------------------------------------------------------------------
---------------------------------------------------------------------------------
Finished Technology Mapping : Time (s): cpu = 00:03:31 ; elapsed = 00:03:37 . Memory (MB): peak = 1421.164 ; gain = 1090.652
---------------------------------------------------------------------------------

Report RTL Partitions: 
+-+--------------+------------+----------+
| |RTL Partition |Replication |Instances |
+-+--------------+------------+----------+
+-+--------------+------------+----------+
---------------------------------------------------------------------------------
Start IO Insertion
---------------------------------------------------------------------------------
---------------------------------------------------------------------------------
Start Flattening Before IO Insertion
---------------------------------------------------------------------------------
---------------------------------------------------------------------------------
Finished Flattening Before IO Insertion
---------------------------------------------------------------------------------
---------------------------------------------------------------------------------
Start Final Netlist Cleanup
---------------------------------------------------------------------------------
INFO: [Synth 8-5365] Flop inst/gen_axilite.gen_b2s_conv.axilite_b2s/SI_REG/ar.ar_pipe/aresetn_d_reg[1] is being inverted and renamed to inst/gen_axilite.gen_b2s_conv.axilite_b2s/SI_REG/ar.ar_pipe/aresetn_d_reg[1]_inv.
INFO: [Synth 8-4618] Found max_fanout attribute set to 10 on net \inst/gen_axilite.gen_b2s_conv.axilite_b2s/WR.b_channel_0/bid_fifo_0/cnt_read [1]. Fanout reduced from 15 to 8 by creating 1 replicas.
INFO: [Synth 8-4618] Found max_fanout attribute set to 10 on net \inst/gen_axilite.gen_b2s_conv.axilite_b2s/WR.b_channel_0/bid_fifo_0/cnt_read [0]. Fanout reduced from 16 to 8 by creating 1 replicas.
INFO: [Synth 8-4618] Found max_fanout attribute set to 10 on net \inst/gen_axilite.gen_b2s_conv.axilite_b2s/RD.r_channel_0/rd_data_fifo_0/cnt_read [0]. Fanout reduced from 43 to 9 by creating 4 replicas.
INFO: [Synth 8-4618] Found max_fanout attribute set to 10 on net \inst/gen_axilite.gen_b2s_conv.axilite_b2s/RD.r_channel_0/rd_data_fifo_0/cnt_read [1]. Fanout reduced from 42 to 9 by creating 4 replicas.
INFO: [Synth 8-4618] Found max_fanout attribute set to 10 on net \inst/gen_axilite.gen_b2s_conv.axilite_b2s/RD.r_channel_0/rd_data_fifo_0/cnt_read [2]. Fanout reduced from 41 to 9 by creating 4 replicas.
INFO: [Synth 8-4618] Found max_fanout attribute set to 10 on net \inst/gen_axilite.gen_b2s_conv.axilite_b2s/RD.r_channel_0/rd_data_fifo_0/cnt_read [3]. Fanout reduced from 40 to 9 by creating 4 replicas.
INFO: [Synth 8-4618] Found max_fanout attribute set to 10 on net \inst/gen_axilite.gen_b2s_conv.axilite_b2s/RD.r_channel_0/rd_data_fifo_0/cnt_read [4]. Fanout reduced from 39 to 9 by creating 4 replicas.
INFO: [Synth 8-4618] Found max_fanout attribute set to 20 on net \inst/gen_axilite.gen_b2s_conv.axilite_b2s/RD.ar_channel_0/ar_cmd_fsm_0/state [1]. Fanout reduced from 23 to 12 by creating 1 replicas.
INFO: [Synth 8-4618] Found max_fanout attribute set to 20 on net \inst/gen_axilite.gen_b2s_conv.axilite_b2s/RD.ar_channel_0/ar_cmd_fsm_0/state [0]. Fanout reduced from 25 to 13 by creating 1 replicas.
---------------------------------------------------------------------------------
Finished Final Netlist Cleanup
---------------------------------------------------------------------------------
WARNING: [Synth 8-5396] Clock pin C has keep related attribute (keep/mark_debug/dont_touch) which could create extra logic on its net [d:/ProgramEnvironment/vivado2017/system_aes/system_aes.srcs/sources_1/bd/design_1/ipshared/3ed1/hdl/axi_register_slice_v2_1_vl_rfs.v:447]
WARNING: [Synth 8-5396] Clock pin C has keep related attribute (keep/mark_debug/dont_touch) which could create extra logic on its net [d:/ProgramEnvironment/vivado2017/system_aes/system_aes.srcs/sources_1/bd/design_1/ipshared/3ed1/hdl/axi_register_slice_v2_1_vl_rfs.v:447]
WARNING: [Synth 8-5396] Clock pin C has keep related attribute (keep/mark_debug/dont_touch) which could create extra logic on its net [d:/ProgramEnvironment/vivado2017/system_aes/system_aes.srcs/sources_1/bd/design_1/ipshared/3ed1/hdl/axi_register_slice_v2_1_vl_rfs.v:447]
WARNING: [Synth 8-5396] Clock pin C has keep related attribute (keep/mark_debug/dont_touch) which could create extra logic on its net [d:/ProgramEnvironment/vivado2017/system_aes/system_aes.srcs/sources_1/bd/design_1/ipshared/3ed1/hdl/axi_register_slice_v2_1_vl_rfs.v:447]
WARNING: [Synth 8-5396] Clock pin C has keep related attribute (keep/mark_debug/dont_touch) which could create extra logic on its net [d:/ProgramEnvironment/vivado2017/system_aes/system_aes.srcs/sources_1/bd/design_1/ipshared/3ed1/hdl/axi_register_slice_v2_1_vl_rfs.v:447]
WARNING: [Synth 8-5396] Clock pin C has keep related attribute (keep/mark_debug/dont_touch) which could create extra logic on its net [d:/ProgramEnvironment/vivado2017/system_aes/system_aes.srcs/sources_1/bd/design_1/ipshared/3ed1/hdl/axi_register_slice_v2_1_vl_rfs.v:447]
WARNING: [Synth 8-5396] Clock pin C has keep related attribute (keep/mark_debug/dont_touch) which could create extra logic on its net [d:/ProgramEnvironment/vivado2017/system_aes/system_aes.srcs/sources_1/bd/design_1/ipshared/3ed1/hdl/axi_register_slice_v2_1_vl_rfs.v:447]
WARNING: [Synth 8-5396] Clock pin C has keep related attribute (keep/mark_debug/dont_touch) which could create extra logic on its net [d:/ProgramEnvironment/vivado2017/system_aes/system_aes.srcs/sources_1/bd/design_1/ipshared/3ed1/hdl/axi_register_slice_v2_1_vl_rfs.v:447]
WARNING: [Synth 8-5396] Clock pin C has keep related attribute (keep/mark_debug/dont_touch) which could create extra logic on its net [d:/ProgramEnvironment/vivado2017/system_aes/system_aes.srcs/sources_1/bd/design_1/ipshared/3ed1/hdl/axi_register_slice_v2_1_vl_rfs.v:447]
WARNING: [Synth 8-5396] Clock pin C has keep related attribute (keep/mark_debug/dont_touch) which could create extra logic on its net [d:/ProgramEnvironment/vivado2017/system_aes/system_aes.srcs/sources_1/bd/design_1/ipshared/3ed1/hdl/axi_register_slice_v2_1_vl_rfs.v:447]
WARNING: [Synth 8-5396] Clock pin C has keep related attribute (keep/mark_debug/dont_touch) which could create extra logic on its net [d:/ProgramEnvironment/vivado2017/system_aes/system_aes.srcs/sources_1/bd/design_1/ipshared/3ed1/hdl/axi_register_slice_v2_1_vl_rfs.v:447]
WARNING: [Synth 8-5396] Clock pin C has keep related attribute (keep/mark_debug/dont_touch) which could create extra logic on its net [d:/ProgramEnvironment/vivado2017/system_aes/system_aes.srcs/sources_1/bd/design_1/ipshared/3ed1/hdl/axi_register_slice_v2_1_vl_rfs.v:447]
WARNING: [Synth 8-5396] Clock pin C has keep related attribute (keep/mark_debug/dont_touch) which could create extra logic on its net [d:/ProgramEnvironment/vivado2017/system_aes/system_aes.srcs/sources_1/bd/design_1/ipshared/3ed1/hdl/axi_register_slice_v2_1_vl_rfs.v:447]
WARNING: [Synth 8-5396] Clock pin C has keep related attribute (keep/mark_debug/dont_touch) which could create extra logic on its net [d:/ProgramEnvironment/vivado2017/system_aes/system_aes.srcs/sources_1/bd/design_1/ipshared/3ed1/hdl/axi_register_slice_v2_1_vl_rfs.v:447]
WARNING: [Synth 8-5396] Clock pin C has keep related attribute (keep/mark_debug/dont_touch) which could create extra logic on its net [d:/ProgramEnvironment/vivado2017/system_aes/system_aes.srcs/sources_1/bd/design_1/ipshared/3ed1/hdl/axi_register_slice_v2_1_vl_rfs.v:447]
WARNING: [Synth 8-5396] Clock pin C has keep related attribute (keep/mark_debug/dont_touch) which could create extra logic on its net [d:/ProgramEnvironment/vivado2017/system_aes/system_aes.srcs/sources_1/bd/design_1/ipshared/3ed1/hdl/axi_register_slice_v2_1_vl_rfs.v:447]
WARNING: [Synth 8-5396] Clock pin C has keep related attribute (keep/mark_debug/dont_touch) which could create extra logic on its net [d:/ProgramEnvironment/vivado2017/system_aes/system_aes.srcs/sources_1/bd/design_1/ipshared/3ed1/hdl/axi_register_slice_v2_1_vl_rfs.v:447]
WARNING: [Synth 8-5396] Clock pin C has keep related attribute (keep/mark_debug/dont_touch) which could create extra logic on its net [d:/ProgramEnvironment/vivado2017/system_aes/system_aes.srcs/sources_1/bd/design_1/ipshared/3ed1/hdl/axi_register_slice_v2_1_vl_rfs.v:447]
WARNING: [Synth 8-5396] Clock pin C has keep related attribute (keep/mark_debug/dont_touch) which could create extra logic on its net [d:/ProgramEnvironment/vivado2017/system_aes/system_aes.srcs/sources_1/bd/design_1/ipshared/3ed1/hdl/axi_register_slice_v2_1_vl_rfs.v:447]
WARNING: [Synth 8-5396] Clock pin C has keep related attribute (keep/mark_debug/dont_touch) which could create extra logic on its net [d:/ProgramEnvironment/vivado2017/system_aes/system_aes.srcs/sources_1/bd/design_1/ipshared/3ed1/hdl/axi_register_slice_v2_1_vl_rfs.v:447]
WARNING: [Synth 8-5396] Clock pin C has keep related attribute (keep/mark_debug/dont_touch) which could create extra logic on its net [d:/ProgramEnvironment/vivado2017/system_aes/system_aes.srcs/sources_1/bd/design_1/ipshared/3ed1/hdl/axi_register_slice_v2_1_vl_rfs.v:447]
WARNING: [Synth 8-5396] Clock pin C has keep related attribute (keep/mark_debug/dont_touch) which could create extra logic on its net [d:/ProgramEnvironment/vivado2017/system_aes/system_aes.srcs/sources_1/bd/design_1/ipshared/3ed1/hdl/axi_register_slice_v2_1_vl_rfs.v:447]
WARNING: [Synth 8-5396] Clock pin C has keep related attribute (keep/mark_debug/dont_touch) which could create extra logic on its net [d:/ProgramEnvironment/vivado2017/system_aes/system_aes.srcs/sources_1/bd/design_1/ipshared/3ed1/hdl/axi_register_slice_v2_1_vl_rfs.v:447]
WARNING: [Synth 8-5396] Clock pin C has keep related attribute (keep/mark_debug/dont_touch) which could create extra logic on its net [d:/ProgramEnvironment/vivado2017/system_aes/system_aes.srcs/sources_1/bd/design_1/ipshared/3ed1/hdl/axi_register_slice_v2_1_vl_rfs.v:447]
WARNING: [Synth 8-5396] Clock pin C has keep related attribute (keep/mark_debug/dont_touch) which could create extra logic on its net [d:/ProgramEnvironment/vivado2017/system_aes/system_aes.srcs/sources_1/bd/design_1/ipshared/3ed1/hdl/axi_register_slice_v2_1_vl_rfs.v:447]
WARNING: [Synth 8-5396] Clock pin C has keep related attribute (keep/mark_debug/dont_touch) which could create extra logic on its net [d:/ProgramEnvironment/vivado2017/system_aes/system_aes.srcs/sources_1/bd/design_1/ipshared/3ed1/hdl/axi_register_slice_v2_1_vl_rfs.v:447]
WARNING: [Synth 8-5396] Clock pin C has keep related attribute (keep/mark_debug/dont_touch) which could create extra logic on its net [d:/ProgramEnvironment/vivado2017/system_aes/system_aes.srcs/sources_1/bd/design_1/ipshared/3ed1/hdl/axi_register_slice_v2_1_vl_rfs.v:447]
WARNING: [Synth 8-5396] Clock pin C has keep related attribute (keep/mark_debug/dont_touch) which could create extra logic on its net [d:/ProgramEnvironment/vivado2017/system_aes/system_aes.srcs/sources_1/bd/design_1/ipshared/3ed1/hdl/axi_register_slice_v2_1_vl_rfs.v:447]
WARNING: [Synth 8-5396] Clock pin C has keep related attribute (keep/mark_debug/dont_touch) which could create extra logic on its net [d:/ProgramEnvironment/vivado2017/system_aes/system_aes.srcs/sources_1/bd/design_1/ipshared/3ed1/hdl/axi_register_slice_v2_1_vl_rfs.v:447]
WARNING: [Synth 8-5396] Clock pin C has keep related attribute (keep/mark_debug/dont_touch) which could create extra logic on its net [d:/ProgramEnvironment/vivado2017/system_aes/system_aes.srcs/sources_1/bd/design_1/ipshared/3ed1/hdl/axi_register_slice_v2_1_vl_rfs.v:447]
WARNING: [Synth 8-5396] Clock pin C has keep related attribute (keep/mark_debug/dont_touch) which could create extra logic on its net [d:/ProgramEnvironment/vivado2017/system_aes/system_aes.srcs/sources_1/bd/design_1/ipshared/3ed1/hdl/axi_register_slice_v2_1_vl_rfs.v:447]
WARNING: [Synth 8-5396] Clock pin C has keep related attribute (keep/mark_debug/dont_touch) which could create extra logic on its net [d:/ProgramEnvironment/vivado2017/system_aes/system_aes.srcs/sources_1/bd/design_1/ipshared/3ed1/hdl/axi_register_slice_v2_1_vl_rfs.v:447]
WARNING: [Synth 8-5396] Clock pin C has keep related attribute (keep/mark_debug/dont_touch) which could create extra logic on its net [d:/ProgramEnvironment/vivado2017/system_aes/system_aes.srcs/sources_1/bd/design_1/ipshared/3ed1/hdl/axi_register_slice_v2_1_vl_rfs.v:447]
WARNING: [Synth 8-5396] Clock pin C has keep related attribute (keep/mark_debug/dont_touch) which could create extra logic on its net [d:/ProgramEnvironment/vivado2017/system_aes/system_aes.srcs/sources_1/bd/design_1/ipshared/3ed1/hdl/axi_register_slice_v2_1_vl_rfs.v:447]
WARNING: [Synth 8-5396] Clock pin C has keep related attribute (keep/mark_debug/dont_touch) which could create extra logic on its net [d:/ProgramEnvironment/vivado2017/system_aes/system_aes.srcs/sources_1/bd/design_1/ipshared/3ed1/hdl/axi_register_slice_v2_1_vl_rfs.v:447]
WARNING: [Synth 8-5396] Clock pin C has keep related attribute (keep/mark_debug/dont_touch) which could create extra logic on its net [d:/ProgramEnvironment/vivado2017/system_aes/system_aes.srcs/sources_1/bd/design_1/ipshared/3ed1/hdl/axi_register_slice_v2_1_vl_rfs.v:447]
WARNING: [Synth 8-5396] Clock pin C has keep related attribute (keep/mark_debug/dont_touch) which could create extra logic on its net [d:/ProgramEnvironment/vivado2017/system_aes/system_aes.srcs/sources_1/bd/design_1/ipshared/3ed1/hdl/axi_register_slice_v2_1_vl_rfs.v:447]
WARNING: [Synth 8-5396] Clock pin C has keep related attribute (keep/mark_debug/dont_touch) which could create extra logic on its net [d:/ProgramEnvironment/vivado2017/system_aes/system_aes.srcs/sources_1/bd/design_1/ipshared/3ed1/hdl/axi_register_slice_v2_1_vl_rfs.v:447]
WARNING: [Synth 8-5396] Clock pin C has keep related attribute (keep/mark_debug/dont_touch) which could create extra logic on its net [d:/ProgramEnvironment/vivado2017/system_aes/system_aes.srcs/sources_1/bd/design_1/ipshared/3ed1/hdl/axi_register_slice_v2_1_vl_rfs.v:447]
WARNING: [Synth 8-5396] Clock pin C has keep related attribute (keep/mark_debug/dont_touch) which could create extra logic on its net [d:/ProgramEnvironment/vivado2017/system_aes/system_aes.srcs/sources_1/bd/design_1/ipshared/3ed1/hdl/axi_register_slice_v2_1_vl_rfs.v:447]
WARNING: [Synth 8-5396] Clock pin C has keep related attribute (keep/mark_debug/dont_touch) which could create extra logic on its net [d:/ProgramEnvironment/vivado2017/system_aes/system_aes.srcs/sources_1/bd/design_1/ipshared/3ed1/hdl/axi_register_slice_v2_1_vl_rfs.v:447]
WARNING: [Synth 8-5396] Clock pin C has keep related attribute (keep/mark_debug/dont_touch) which could create extra logic on its net [d:/ProgramEnvironment/vivado2017/system_aes/system_aes.srcs/sources_1/bd/design_1/ipshared/3ed1/hdl/axi_register_slice_v2_1_vl_rfs.v:447]
WARNING: [Synth 8-5396] Clock pin C has keep related attribute (keep/mark_debug/dont_touch) which could create extra logic on its net [d:/ProgramEnvironment/vivado2017/system_aes/system_aes.srcs/sources_1/bd/design_1/ipshared/3ed1/hdl/axi_register_slice_v2_1_vl_rfs.v:447]
WARNING: [Synth 8-5396] Clock pin C has keep related attribute (keep/mark_debug/dont_touch) which could create extra logic on its net [d:/ProgramEnvironment/vivado2017/system_aes/system_aes.srcs/sources_1/bd/design_1/ipshared/3ed1/hdl/axi_register_slice_v2_1_vl_rfs.v:447]
WARNING: [Synth 8-5396] Clock pin C has keep related attribute (keep/mark_debug/dont_touch) which could create extra logic on its net [d:/ProgramEnvironment/vivado2017/system_aes/system_aes.srcs/sources_1/bd/design_1/ipshared/3ed1/hdl/axi_register_slice_v2_1_vl_rfs.v:447]
WARNING: [Synth 8-5396] Clock pin C has keep related attribute (keep/mark_debug/dont_touch) which could create extra logic on its net [d:/ProgramEnvironment/vivado2017/system_aes/system_aes.srcs/sources_1/bd/design_1/ipshared/3ed1/hdl/axi_register_slice_v2_1_vl_rfs.v:447]
WARNING: [Synth 8-5396] Clock pin C has keep related attribute (keep/mark_debug/dont_touch) which could create extra logic on its net [d:/ProgramEnvironment/vivado2017/system_aes/system_aes.srcs/sources_1/bd/design_1/ipshared/3ed1/hdl/axi_register_slice_v2_1_vl_rfs.v:447]
WARNING: [Synth 8-5396] Clock pin C has keep related attribute (keep/mark_debug/dont_touch) which could create extra logic on its net [d:/ProgramEnvironment/vivado2017/system_aes/system_aes.srcs/sources_1/bd/design_1/ipshared/3ed1/hdl/axi_register_slice_v2_1_vl_rfs.v:447]
WARNING: [Synth 8-5396] Clock pin C has keep related attribute (keep/mark_debug/dont_touch) which could create extra logic on its net [d:/ProgramEnvironment/vivado2017/system_aes/system_aes.srcs/sources_1/bd/design_1/ipshared/3ed1/hdl/axi_register_slice_v2_1_vl_rfs.v:447]
WARNING: [Synth 8-5396] Clock pin C has keep related attribute (keep/mark_debug/dont_touch) which could create extra logic on its net [d:/ProgramEnvironment/vivado2017/system_aes/system_aes.srcs/sources_1/bd/design_1/ipshared/3ed1/hdl/axi_register_slice_v2_1_vl_rfs.v:447]
WARNING: [Synth 8-5396] Clock pin C has keep related attribute (keep/mark_debug/dont_touch) which could create extra logic on its net [d:/ProgramEnvironment/vivado2017/system_aes/system_aes.srcs/sources_1/bd/design_1/ipshared/3ed1/hdl/axi_register_slice_v2_1_vl_rfs.v:447]
WARNING: [Synth 8-5396] Clock pin C has keep related attribute (keep/mark_debug/dont_touch) which could create extra logic on its net [d:/ProgramEnvironment/vivado2017/system_aes/system_aes.srcs/sources_1/bd/design_1/ipshared/3ed1/hdl/axi_register_slice_v2_1_vl_rfs.v:447]
WARNING: [Synth 8-5396] Clock pin C has keep related attribute (keep/mark_debug/dont_touch) which could create extra logic on its net [d:/ProgramEnvironment/vivado2017/system_aes/system_aes.srcs/sources_1/bd/design_1/ipshared/3ed1/hdl/axi_register_slice_v2_1_vl_rfs.v:447]
WARNING: [Synth 8-5396] Clock pin C has keep related attribute (keep/mark_debug/dont_touch) which could create extra logic on its net [d:/ProgramEnvironment/vivado2017/system_aes/system_aes.srcs/sources_1/bd/design_1/ipshared/3ed1/hdl/axi_register_slice_v2_1_vl_rfs.v:447]
WARNING: [Synth 8-5396] Clock pin C has keep related attribute (keep/mark_debug/dont_touch) which could create extra logic on its net [d:/ProgramEnvironment/vivado2017/system_aes/system_aes.srcs/sources_1/bd/design_1/ipshared/3ed1/hdl/axi_register_slice_v2_1_vl_rfs.v:447]
WARNING: [Synth 8-5396] Clock pin C has keep related attribute (keep/mark_debug/dont_touch) which could create extra logic on its net [d:/ProgramEnvironment/vivado2017/system_aes/system_aes.srcs/sources_1/bd/design_1/ipshared/3ed1/hdl/axi_register_slice_v2_1_vl_rfs.v:447]
WARNING: [Synth 8-5396] Clock pin C has keep related attribute (keep/mark_debug/dont_touch) which could create extra logic on its net [d:/ProgramEnvironment/vivado2017/system_aes/system_aes.srcs/sources_1/bd/design_1/ipshared/3ed1/hdl/axi_register_slice_v2_1_vl_rfs.v:447]
WARNING: [Synth 8-5396] Clock pin C has keep related attribute (keep/mark_debug/dont_touch) which could create extra logic on its net [d:/ProgramEnvironment/vivado2017/system_aes/system_aes.srcs/sources_1/bd/design_1/ipshared/3ed1/hdl/axi_register_slice_v2_1_vl_rfs.v:447]
WARNING: [Synth 8-5396] Clock pin C has keep related attribute (keep/mark_debug/dont_touch) which could create extra logic on its net [d:/ProgramEnvironment/vivado2017/system_aes/system_aes.srcs/sources_1/bd/design_1/ipshared/3ed1/hdl/axi_register_slice_v2_1_vl_rfs.v:447]
WARNING: [Synth 8-5396] Clock pin C has keep related attribute (keep/mark_debug/dont_touch) which could create extra logic on its net [d:/ProgramEnvironment/vivado2017/system_aes/system_aes.srcs/sources_1/bd/design_1/ipshared/3ed1/hdl/axi_register_slice_v2_1_vl_rfs.v:447]
WARNING: [Synth 8-5396] Clock pin C has keep related attribute (keep/mark_debug/dont_touch) which could create extra logic on its net [d:/ProgramEnvironment/vivado2017/system_aes/system_aes.srcs/sources_1/bd/design_1/ipshared/3ed1/hdl/axi_register_slice_v2_1_vl_rfs.v:447]
WARNING: [Synth 8-5396] Clock pin C has keep related attribute (keep/mark_debug/dont_touch) which could create extra logic on its net [d:/ProgramEnvironment/vivado2017/system_aes/system_aes.srcs/sources_1/bd/design_1/ipshared/3ed1/hdl/axi_register_slice_v2_1_vl_rfs.v:447]
WARNING: [Synth 8-5396] Clock pin C has keep related attribute (keep/mark_debug/dont_touch) which could create extra logic on its net [d:/ProgramEnvironment/vivado2017/system_aes/system_aes.srcs/sources_1/bd/design_1/ipshared/3ed1/hdl/axi_register_slice_v2_1_vl_rfs.v:447]
WARNING: [Synth 8-5396] Clock pin C has keep related attribute (keep/mark_debug/dont_touch) which could create extra logic on its net [d:/ProgramEnvironment/vivado2017/system_aes/system_aes.srcs/sources_1/bd/design_1/ipshared/3ed1/hdl/axi_register_slice_v2_1_vl_rfs.v:447]
WARNING: [Synth 8-5396] Clock pin C has keep related attribute (keep/mark_debug/dont_touch) which could create extra logic on its net [d:/ProgramEnvironment/vivado2017/system_aes/system_aes.srcs/sources_1/bd/design_1/ipshared/3ed1/hdl/axi_register_slice_v2_1_vl_rfs.v:447]
WARNING: [Synth 8-5396] Clock pin C has keep related attribute (keep/mark_debug/dont_touch) which could create extra logic on its net [d:/ProgramEnvironment/vivado2017/system_aes/system_aes.srcs/sources_1/bd/design_1/ipshared/3ed1/hdl/axi_register_slice_v2_1_vl_rfs.v:447]
WARNING: [Synth 8-5396] Clock pin C has keep related attribute (keep/mark_debug/dont_touch) which could create extra logic on its net [d:/ProgramEnvironment/vivado2017/system_aes/system_aes.srcs/sources_1/bd/design_1/ipshared/3ed1/hdl/axi_register_slice_v2_1_vl_rfs.v:447]
WARNING: [Synth 8-5396] Clock pin C has keep related attribute (keep/mark_debug/dont_touch) which could create extra logic on its net [d:/ProgramEnvironment/vivado2017/system_aes/system_aes.srcs/sources_1/bd/design_1/ipshared/3ed1/hdl/axi_register_slice_v2_1_vl_rfs.v:447]
WARNING: [Synth 8-5396] Clock pin C has keep related attribute (keep/mark_debug/dont_touch) which could create extra logic on its net [d:/ProgramEnvironment/vivado2017/system_aes/system_aes.srcs/sources_1/bd/design_1/ipshared/3ed1/hdl/axi_register_slice_v2_1_vl_rfs.v:447]
WARNING: [Synth 8-5396] Clock pin C has keep related attribute (keep/mark_debug/dont_touch) which could create extra logic on its net [d:/ProgramEnvironment/vivado2017/system_aes/system_aes.srcs/sources_1/bd/design_1/ipshared/3ed1/hdl/axi_register_slice_v2_1_vl_rfs.v:447]
WARNING: [Synth 8-5396] Clock pin C has keep related attribute (keep/mark_debug/dont_touch) which could create extra logic on its net [d:/ProgramEnvironment/vivado2017/system_aes/system_aes.srcs/sources_1/bd/design_1/ipshared/3ed1/hdl/axi_register_slice_v2_1_vl_rfs.v:447]
WARNING: [Synth 8-5396] Clock pin C has keep related attribute (keep/mark_debug/dont_touch) which could create extra logic on its net [d:/ProgramEnvironment/vivado2017/system_aes/system_aes.srcs/sources_1/bd/design_1/ipshared/3ed1/hdl/axi_register_slice_v2_1_vl_rfs.v:447]
WARNING: [Synth 8-5396] Clock pin C has keep related attribute (keep/mark_debug/dont_touch) which could create extra logic on its net [d:/ProgramEnvironment/vivado2017/system_aes/system_aes.srcs/sources_1/bd/design_1/ipshared/3ed1/hdl/axi_register_slice_v2_1_vl_rfs.v:447]
WARNING: [Synth 8-5396] Clock pin C has keep related attribute (keep/mark_debug/dont_touch) which could create extra logic on its net [d:/ProgramEnvironment/vivado2017/system_aes/system_aes.srcs/sources_1/bd/design_1/ipshared/3ed1/hdl/axi_register_slice_v2_1_vl_rfs.v:447]
WARNING: [Synth 8-5396] Clock pin C has keep related attribute (keep/mark_debug/dont_touch) which could create extra logic on its net [d:/ProgramEnvironment/vivado2017/system_aes/system_aes.srcs/sources_1/bd/design_1/ipshared/3ed1/hdl/axi_register_slice_v2_1_vl_rfs.v:447]
WARNING: [Synth 8-5396] Clock pin C has keep related attribute (keep/mark_debug/dont_touch) which could create extra logic on its net [d:/ProgramEnvironment/vivado2017/system_aes/system_aes.srcs/sources_1/bd/design_1/ipshared/3ed1/hdl/axi_register_slice_v2_1_vl_rfs.v:447]
WARNING: [Synth 8-5396] Clock pin C has keep related attribute (keep/mark_debug/dont_touch) which could create extra logic on its net [d:/ProgramEnvironment/vivado2017/system_aes/system_aes.srcs/sources_1/bd/design_1/ipshared/3ed1/hdl/axi_register_slice_v2_1_vl_rfs.v:447]
WARNING: [Synth 8-5396] Clock pin C has keep related attribute (keep/mark_debug/dont_touch) which could create extra logic on its net [d:/ProgramEnvironment/vivado2017/system_aes/system_aes.srcs/sources_1/bd/design_1/ipshared/3ed1/hdl/axi_register_slice_v2_1_vl_rfs.v:447]
WARNING: [Synth 8-5396] Clock pin C has keep related attribute (keep/mark_debug/dont_touch) which could create extra logic on its net [d:/ProgramEnvironment/vivado2017/system_aes/system_aes.srcs/sources_1/bd/design_1/ipshared/3ed1/hdl/axi_register_slice_v2_1_vl_rfs.v:447]
WARNING: [Synth 8-5396] Clock pin C has keep related attribute (keep/mark_debug/dont_touch) which could create extra logic on its net [d:/ProgramEnvironment/vivado2017/system_aes/system_aes.srcs/sources_1/bd/design_1/ipshared/3ed1/hdl/axi_register_slice_v2_1_vl_rfs.v:447]
WARNING: [Synth 8-5396] Clock pin C has keep related attribute (keep/mark_debug/dont_touch) which could create extra logic on its net [d:/ProgramEnvironment/vivado2017/system_aes/system_aes.srcs/sources_1/bd/design_1/ipshared/3ed1/hdl/axi_register_slice_v2_1_vl_rfs.v:447]
WARNING: [Synth 8-5396] Clock pin C has keep related attribute (keep/mark_debug/dont_touch) which could create extra logic on its net [d:/ProgramEnvironment/vivado2017/system_aes/system_aes.srcs/sources_1/bd/design_1/ipshared/3ed1/hdl/axi_register_slice_v2_1_vl_rfs.v:447]
WARNING: [Synth 8-5396] Clock pin C has keep related attribute (keep/mark_debug/dont_touch) which could create extra logic on its net [d:/ProgramEnvironment/vivado2017/system_aes/system_aes.srcs/sources_1/bd/design_1/ipshared/3ed1/hdl/axi_register_slice_v2_1_vl_rfs.v:447]
WARNING: [Synth 8-5396] Clock pin C has keep related attribute (keep/mark_debug/dont_touch) which could create extra logic on its net [d:/ProgramEnvironment/vivado2017/system_aes/system_aes.srcs/sources_1/bd/design_1/ipshared/3ed1/hdl/axi_register_slice_v2_1_vl_rfs.v:447]
WARNING: [Synth 8-5396] Clock pin C has keep related attribute (keep/mark_debug/dont_touch) which could create extra logic on its net [d:/ProgramEnvironment/vivado2017/system_aes/system_aes.srcs/sources_1/bd/design_1/ipshared/3ed1/hdl/axi_register_slice_v2_1_vl_rfs.v:447]
WARNING: [Synth 8-5396] Clock pin C has keep related attribute (keep/mark_debug/dont_touch) which could create extra logic on its net [d:/ProgramEnvironment/vivado2017/system_aes/system_aes.srcs/sources_1/bd/design_1/ipshared/3ed1/hdl/axi_register_slice_v2_1_vl_rfs.v:447]
WARNING: [Synth 8-5396] Clock pin C has keep related attribute (keep/mark_debug/dont_touch) which could create extra logic on its net [d:/ProgramEnvironment/vivado2017/system_aes/system_aes.srcs/sources_1/bd/design_1/ipshared/3ed1/hdl/axi_register_slice_v2_1_vl_rfs.v:447]
WARNING: [Synth 8-5396] Clock pin C has keep related attribute (keep/mark_debug/dont_touch) which could create extra logic on its net [d:/ProgramEnvironment/vivado2017/system_aes/system_aes.srcs/sources_1/bd/design_1/ipshared/3ed1/hdl/axi_register_slice_v2_1_vl_rfs.v:447]
WARNING: [Synth 8-5396] Clock pin C has keep related attribute (keep/mark_debug/dont_touch) which could create extra logic on its net [d:/ProgramEnvironment/vivado2017/system_aes/system_aes.srcs/sources_1/bd/design_1/ipshared/3ed1/hdl/axi_register_slice_v2_1_vl_rfs.v:447]
WARNING: [Synth 8-5396] Clock pin C has keep related attribute (keep/mark_debug/dont_touch) which could create extra logic on its net [d:/ProgramEnvironment/vivado2017/system_aes/system_aes.srcs/sources_1/bd/design_1/ipshared/3ed1/hdl/axi_register_slice_v2_1_vl_rfs.v:447]
WARNING: [Synth 8-5396] Clock pin C has keep related attribute (keep/mark_debug/dont_touch) which could create extra logic on its net [d:/ProgramEnvironment/vivado2017/system_aes/system_aes.srcs/sources_1/bd/design_1/ipshared/3ed1/hdl/axi_register_slice_v2_1_vl_rfs.v:447]
WARNING: [Synth 8-5396] Clock pin C has keep related attribute (keep/mark_debug/dont_touch) which could create extra logic on its net [d:/ProgramEnvironment/vivado2017/system_aes/system_aes.srcs/sources_1/bd/design_1/ipshared/3ed1/hdl/axi_register_slice_v2_1_vl_rfs.v:447]
WARNING: [Synth 8-5396] Clock pin C has keep related attribute (keep/mark_debug/dont_touch) which could create extra logic on its net [d:/ProgramEnvironment/vivado2017/system_aes/system_aes.srcs/sources_1/bd/design_1/ipshared/3ed1/hdl/axi_register_slice_v2_1_vl_rfs.v:447]
WARNING: [Synth 8-5396] Clock pin C has keep related attribute (keep/mark_debug/dont_touch) which could create extra logic on its net [d:/ProgramEnvironment/vivado2017/system_aes/system_aes.srcs/sources_1/bd/design_1/ipshared/3ed1/hdl/axi_register_slice_v2_1_vl_rfs.v:447]
WARNING: [Synth 8-5396] Clock pin C has keep related attribute (keep/mark_debug/dont_touch) which could create extra logic on its net [d:/ProgramEnvironment/vivado2017/system_aes/system_aes.srcs/sources_1/bd/design_1/ipshared/3ed1/hdl/axi_register_slice_v2_1_vl_rfs.v:447]
WARNING: [Synth 8-5396] Clock pin C has keep related attribute (keep/mark_debug/dont_touch) which could create extra logic on its net [d:/ProgramEnvironment/vivado2017/system_aes/system_aes.srcs/sources_1/bd/design_1/ipshared/3ed1/hdl/axi_register_slice_v2_1_vl_rfs.v:447]
WARNING: [Synth 8-5396] Clock pin C has keep related attribute (keep/mark_debug/dont_touch) which could create extra logic on its net [d:/ProgramEnvironment/vivado2017/system_aes/system_aes.srcs/sources_1/bd/design_1/ipshared/3ed1/hdl/axi_register_slice_v2_1_vl_rfs.v:447]
WARNING: [Synth 8-5396] Clock pin C has keep related attribute (keep/mark_debug/dont_touch) which could create extra logic on its net [d:/ProgramEnvironment/vivado2017/system_aes/system_aes.srcs/sources_1/bd/design_1/ipshared/3ed1/hdl/axi_register_slice_v2_1_vl_rfs.v:447]
WARNING: [Synth 8-5396] Clock pin C has keep related attribute (keep/mark_debug/dont_touch) which could create extra logic on its net [d:/ProgramEnvironment/vivado2017/system_aes/system_aes.srcs/sources_1/bd/design_1/ipshared/3ed1/hdl/axi_register_slice_v2_1_vl_rfs.v:447]
WARNING: [Synth 8-5396] Clock pin C has keep related attribute (keep/mark_debug/dont_touch) which could create extra logic on its net [d:/ProgramEnvironment/vivado2017/system_aes/system_aes.srcs/sources_1/bd/design_1/ipshared/3ed1/hdl/axi_register_slice_v2_1_vl_rfs.v:447]
INFO: [Common 17-14] Message 'Synth 8-5396' appears 100 times and further instances of the messages will be disabled. Use the Tcl command set_msg_config to change the current settings.
---------------------------------------------------------------------------------
Finished IO Insertion : Time (s): cpu = 00:03:33 ; elapsed = 00:03:38 . Memory (MB): peak = 1421.164 ; gain = 1090.652
---------------------------------------------------------------------------------

Report Check Netlist: 
+------+------------------+-------+---------+-------+------------------+
|      |Item              |Errors |Warnings |Status |Description       |
+------+------------------+-------+---------+-------+------------------+
|1     |multi_driven_nets |      0|        0|Passed |Multi driven nets |
+------+------------------+-------+---------+-------+------------------+
---------------------------------------------------------------------------------
Start Renaming Generated Instances
---------------------------------------------------------------------------------
---------------------------------------------------------------------------------
Finished Renaming Generated Instances : Time (s): cpu = 00:03:33 ; elapsed = 00:03:38 . Memory (MB): peak = 1421.164 ; gain = 1090.652
---------------------------------------------------------------------------------

Report RTL Partitions: 
+-+--------------+------------+----------+
| |RTL Partition |Replication |Instances |
+-+--------------+------------+----------+
+-+--------------+------------+----------+
---------------------------------------------------------------------------------
Start Rebuilding User Hierarchy
---------------------------------------------------------------------------------
---------------------------------------------------------------------------------
Finished Rebuilding User Hierarchy : Time (s): cpu = 00:03:35 ; elapsed = 00:03:40 . Memory (MB): peak = 1421.164 ; gain = 1090.652
---------------------------------------------------------------------------------
---------------------------------------------------------------------------------
Start Renaming Generated Ports
---------------------------------------------------------------------------------
---------------------------------------------------------------------------------
Finished Renaming Generated Ports : Time (s): cpu = 00:03:35 ; elapsed = 00:03:40 . Memory (MB): peak = 1421.164 ; gain = 1090.652
---------------------------------------------------------------------------------
---------------------------------------------------------------------------------
Start Handling Custom Attributes
---------------------------------------------------------------------------------
---------------------------------------------------------------------------------
Finished Handling Custom Attributes : Time (s): cpu = 00:03:35 ; elapsed = 00:03:41 . Memory (MB): peak = 1421.164 ; gain = 1090.652
---------------------------------------------------------------------------------
---------------------------------------------------------------------------------
Start Renaming Generated Nets
---------------------------------------------------------------------------------
---------------------------------------------------------------------------------
Finished Renaming Generated Nets : Time (s): cpu = 00:03:35 ; elapsed = 00:03:41 . Memory (MB): peak = 1421.164 ; gain = 1090.652
---------------------------------------------------------------------------------
---------------------------------------------------------------------------------
Start ROM, RAM, DSP and Shift Register Reporting
---------------------------------------------------------------------------------

Static Shift Register Report:
+------------------------+-----------------------------------------------------------------------------------------------------------------------------------------+--------+-------+--------------+--------------------+-------------------+--------+---------+
|Module Name             | RTL Name                                                                                                                                | Length | Width | Reset Signal | Pull out first Reg | Pull out last Reg | SRL16E | SRLC32E | 
+------------------------+-----------------------------------------------------------------------------------------------------------------------------------------+--------+-------+--------------+--------------------+-------------------+--------+---------+
|design_1_AES_IP_TOP_0_1 | inst/aes_core/R_inst[9].valid_reg[9]                                                                                                    | 10     | 1     | YES          | NO                 | YES               | 1      | 0       | 
|blk_mem_gen_v8_4_1      | inst_blk_mem_gen/gnbram.gnative_mem_map_bmg.native_mem_map_blk_mem_gen/valid.cstr/ramloop[15].ram.r/SAFETY_CKT_GEN.RSTB_SHFT_REG_reg[4] | 4      | 2     | NO           | NO                 | YES               | 2      | 0       | 
+------------------------+-----------------------------------------------------------------------------------------------------------------------------------------+--------+-------+--------------+--------------------+-------------------+--------+---------+


Dynamic Shift Register Report:
+------------+-------------------------------+--------+------------+--------+---------+--------+--------+--------+
|Module Name | RTL Name                      | Length | Data Width | SRL16E | SRLC32E | Mux F7 | Mux F8 | Mux F9 | 
+------------+-------------------------------+--------+------------+--------+---------+--------+--------+--------+
|dsrl        | memory_reg[3]                 | 4      | 9          | 9      | 0       | 0      | 0      | 0      | 
|dsrl__1     | memory_reg[3]                 | 4      | 2          | 2      | 0       | 0      | 0      | 0      | 
|dsrl__2     | memory_reg[31]                | 32     | 34         | 0      | 34      | 0      | 0      | 0      | 
|dsrl__3     | memory_reg[31]                | 32     | 2          | 0      | 2       | 0      | 0      | 0      | 
|dsrl__4     | USE_RTL_FIFO.data_srl_reg[31] | 32     | 12         | 0      | 12      | 0      | 0      | 0      | 
|dsrl__5     | USE_RTL_FIFO.data_srl_reg[31] | 32     | 35         | 0      | 35      | 0      | 0      | 0      | 
+------------+-------------------------------+--------+------------+--------+---------+--------+--------+--------+

---------------------------------------------------------------------------------
Finished ROM, RAM, DSP and Shift Register Reporting
---------------------------------------------------------------------------------
---------------------------------------------------------------------------------
Start Writing Synthesis Report
---------------------------------------------------------------------------------

Report BlackBoxes: 
+-+--------------+----------+
| |BlackBox name |Instances |
+-+--------------+----------+
+-+--------------+----------+

Report Cell Usage: 
+------+---------+------+
|      |Cell     |Count |
+------+---------+------+
|1     |BIBUF    |   130|
|2     |BUFG     |    12|
|3     |CARRY4   |    54|
|4     |LUT1     |   179|
|5     |LUT2     |  1175|
|6     |LUT3     |  1470|
|7     |LUT4     |   903|
|8     |LUT5     |  1257|
|9     |LUT6     |  8629|
|10    |MUXCY_L  |     3|
|11    |MUXF7    |  2635|
|12    |MUXF8    |  1288|
|13    |PS7      |     1|
|14    |RAM32M   |    12|
|15    |RAM64M   |    43|
|16    |RAMB36E1 |    16|
|17    |SRL16    |     1|
|18    |SRL16E   |    15|
|19    |SRLC32E  |   132|
|20    |XORCY    |     4|
|21    |FDCE     |    99|
|22    |FDPE     |    34|
|23    |FDR      |     9|
|24    |FDRE     |  6625|
|25    |FDSE     |    73|
|26    |LD       |  2694|
+------+---------+------+

Report Instance Areas: 
+------+------------------------------------------------------------------------------------+-------------------------------------------------------------------+------+
|      |Instance                                                                            |Module                                                             |Cells |
+------+------------------------------------------------------------------------------------+-------------------------------------------------------------------+------+
|1     |top                                                                                 |                                                                   | 27493|
|2     |  design_1_i                                                                        |design_1                                                           | 27493|
|3     |    AES_IP_TOP_0                                                                    |design_1_AES_IP_TOP_0_1                                            | 18622|
|4     |      inst                                                                          |AES_IP_TOP                                                         | 18611|
|5     |        aes_core                                                                    |AES128                                                             | 17780|
|6     |          K_inst                                                                    |GENERATE_KEY                                                       |    48|
|7     |          \R_inst[0].inst                                                           |ROUND_ITERATION                                                    |   432|
|8     |            SB                                                                      |SUB_BYTES_61                                                       |   384|
|9     |          \R_inst[1].inst                                                           |ROUND_ITERATION_44                                                 |   432|
|10    |            SB                                                                      |SUB_BYTES_60                                                       |   384|
|11    |          \R_inst[2].inst                                                           |ROUND_ITERATION_45                                                 |   432|
|12    |            SB                                                                      |SUB_BYTES_59                                                       |   384|
|13    |          \R_inst[3].inst                                                           |ROUND_ITERATION_46                                                 |   432|
|14    |            SB                                                                      |SUB_BYTES_58                                                       |   384|
|15    |          \R_inst[4].inst                                                           |ROUND_ITERATION_47                                                 |   432|
|16    |            SB                                                                      |SUB_BYTES_57                                                       |   384|
|17    |          \R_inst[5].inst                                                           |ROUND_ITERATION_48                                                 |   432|
|18    |            SB                                                                      |SUB_BYTES_56                                                       |   384|
|19    |          \R_inst[6].inst                                                           |ROUND_ITERATION_49                                                 |   432|
|20    |            SB                                                                      |SUB_BYTES_55                                                       |   384|
|21    |          \R_inst[7].inst                                                           |ROUND_ITERATION_50                                                 |   432|
|22    |            SB                                                                      |SUB_BYTES_54                                                       |   384|
|23    |          \R_inst[8].inst                                                           |ROUND_ITERATION_51                                                 |   432|
|24    |            SB                                                                      |SUB_BYTES_53                                                       |   384|
|25    |          \R_inst[9].inst                                                           |ROUND_ITERATION_52                                                 |   384|
|26    |            SB                                                                      |SUB_BYTES                                                          |   384|
|27    |        aes_ip_v1_0_M00_AXI_inst                                                    |aes_ip_v1_0_M00_AXI                                                |   278|
|28    |          FIFO                                                                      |afifo_count                                                        |   229|
|29    |        register                                                                    |AES_Config_Register                                                |   543|
|30    |    axi_apb_bridge_0                                                                |design_1_axi_apb_bridge_0_0                                        |   303|
|31    |      U0                                                                            |axi_apb_bridge                                                     |   303|
|32    |        APB_MASTER_IF_MODULE                                                        |apb_mif                                                            |   108|
|33    |        AXILITE_SLAVE_IF_MODULE                                                     |axilite_sif                                                        |   194|
|34    |        MULTIPLEXOR_MODULE                                                          |multiplexor                                                        |     1|
|35    |    rst_ps7_0_20M                                                                   |design_1_rst_ps7_0_20M_0                                           |    66|
|36    |      U0                                                                            |proc_sys_reset                                                     |    66|
|37    |        EXT_LPF                                                                     |lpf                                                                |    23|
|38    |          \ACTIVE_LOW_AUX.ACT_LO_AUX                                                |cdc_sync                                                           |     6|
|39    |          \ACTIVE_LOW_EXT.ACT_LO_EXT                                                |cdc_sync_43                                                        |     6|
|40    |        SEQ                                                                         |sequence_psr                                                       |    38|
|41    |          SEQ_COUNTER                                                               |upcnt_n                                                            |    13|
|42    |    axi_interconnect_0                                                              |design_1_axi_interconnect_0_0                                      |  6972|
|43    |      xbar                                                                          |design_1_xbar_0                                                    |  2246|
|44    |        inst                                                                        |axi_crossbar_v2_1_16_axi_crossbar                                  |  2246|
|45    |          \gen_samd.crossbar_samd                                                   |axi_crossbar_v2_1_16_crossbar                                      |  2246|
|46    |            addr_arbiter_ar                                                         |axi_crossbar_v2_1_16_addr_arbiter                                  |   178|
|47    |              \gen_arbiter.mux_mesg                                                 |generic_baseblocks_v2_1_0_mux_enc__parameterized2_42               |    59|
|48    |            addr_arbiter_aw                                                         |axi_crossbar_v2_1_16_addr_arbiter_25                               |   186|
|49    |              \gen_arbiter.mux_mesg                                                 |generic_baseblocks_v2_1_0_mux_enc__parameterized2                  |    59|
|50    |            \gen_decerr_slave.decerr_slave_inst                                     |axi_crossbar_v2_1_16_decerr_slave                                  |    47|
|51    |            \gen_master_slots[0].gen_mi_write.wdata_mux_w                           |axi_crossbar_v2_1_16_wdata_mux                                     |   172|
|52    |              \gen_wmux.wmux_aw_fifo                                                |axi_data_fifo_v2_1_14_axic_reg_srl_fifo__parameterized1_40         |   171|
|53    |                \gen_srls[0].gen_rep[0].srl_nx1                                     |axi_data_fifo_v2_1_14_ndeep_srl__parameterized0_41                 |     3|
|54    |            \gen_master_slots[0].reg_slice_mi                                       |axi_register_slice_v2_1_15_axi_register_slice__parameterized3      |   436|
|55    |              \b.b_pipe                                                             |axi_register_slice_v2_1_15_axic_register_slice__parameterized17_38 |    15|
|56    |              \r.r_pipe                                                             |axi_register_slice_v2_1_15_axic_register_slice__parameterized18_39 |   421|
|57    |            \gen_master_slots[1].gen_mi_write.wdata_mux_w                           |axi_crossbar_v2_1_16_wdata_mux_26                                  |   172|
|58    |              \gen_wmux.wmux_aw_fifo                                                |axi_data_fifo_v2_1_14_axic_reg_srl_fifo__parameterized1            |   171|
|59    |                \gen_srls[0].gen_rep[0].srl_nx1                                     |axi_data_fifo_v2_1_14_ndeep_srl__parameterized0_37                 |     3|
|60    |            \gen_master_slots[1].reg_slice_mi                                       |axi_register_slice_v2_1_15_axi_register_slice__parameterized3_27   |   581|
|61    |              \b.b_pipe                                                             |axi_register_slice_v2_1_15_axic_register_slice__parameterized17_35 |    27|
|62    |              \r.r_pipe                                                             |axi_register_slice_v2_1_15_axic_register_slice__parameterized18_36 |   554|
|63    |            \gen_master_slots[2].gen_mi_write.wdata_mux_w                           |axi_crossbar_v2_1_16_wdata_mux__parameterized0                     |    19|
|64    |              \gen_wmux.wmux_aw_fifo                                                |axi_data_fifo_v2_1_14_axic_reg_srl_fifo__parameterized2            |    18|
|65    |                \gen_srls[0].gen_rep[0].srl_nx1                                     |axi_data_fifo_v2_1_14_ndeep_srl__parameterized1_34                 |     1|
|66    |            \gen_master_slots[2].reg_slice_mi                                       |axi_register_slice_v2_1_15_axi_register_slice__parameterized3_28   |    40|
|67    |              \b.b_pipe                                                             |axi_register_slice_v2_1_15_axic_register_slice__parameterized17    |    13|
|68    |              \r.r_pipe                                                             |axi_register_slice_v2_1_15_axic_register_slice__parameterized18    |    27|
|69    |            \gen_slave_slots[0].gen_si_read.si_transactor_ar                        |axi_crossbar_v2_1_16_si_transactor                                 |   159|
|70    |            \gen_slave_slots[0].gen_si_write.si_transactor_aw                       |axi_crossbar_v2_1_16_si_transactor__parameterized0                 |    25|
|71    |            \gen_slave_slots[0].gen_si_write.splitter_aw_si                         |axi_crossbar_v2_1_16_splitter                                      |     7|
|72    |            \gen_slave_slots[0].gen_si_write.wdata_router_w                         |axi_crossbar_v2_1_16_wdata_router                                  |    41|
|73    |              wrouter_aw_fifo                                                       |axi_data_fifo_v2_1_14_axic_reg_srl_fifo                            |    41|
|74    |                \gen_srls[0].gen_rep[0].srl_nx1                                     |axi_data_fifo_v2_1_14_ndeep_srl__parameterized0                    |     1|
|75    |                \gen_srls[0].gen_rep[1].srl_nx1                                     |axi_data_fifo_v2_1_14_ndeep_srl__parameterized0_33                 |     6|
|76    |            \gen_slave_slots[1].gen_si_read.si_transactor_ar                        |axi_crossbar_v2_1_16_si_transactor__parameterized1                 |    53|
|77    |              \gen_multi_thread.arbiter_resp_inst                                   |axi_crossbar_v2_1_16_arbiter_resp_32                               |    16|
|78    |            \gen_slave_slots[1].gen_si_write.si_transactor_aw                       |axi_crossbar_v2_1_16_si_transactor__parameterized2                 |    53|
|79    |              \gen_multi_thread.arbiter_resp_inst                                   |axi_crossbar_v2_1_16_arbiter_resp                                  |    15|
|80    |            \gen_slave_slots[1].gen_si_write.splitter_aw_si                         |axi_crossbar_v2_1_16_splitter_29                                   |     7|
|81    |            \gen_slave_slots[1].gen_si_write.wdata_router_w                         |axi_crossbar_v2_1_16_wdata_router__parameterized0                  |    43|
|82    |              wrouter_aw_fifo                                                       |axi_data_fifo_v2_1_14_axic_reg_srl_fifo__parameterized0            |    43|
|83    |                \gen_srls[0].gen_rep[0].srl_nx1                                     |axi_data_fifo_v2_1_14_ndeep_srl__parameterized1                    |     3|
|84    |                \gen_srls[0].gen_rep[1].srl_nx1                                     |axi_data_fifo_v2_1_14_ndeep_srl__parameterized1_31                 |     7|
|85    |            splitter_aw_mi                                                          |axi_crossbar_v2_1_16_splitter_30                                   |     4|
|86    |      m00_couplers                                                                  |m00_couplers_imp_1CA5Z32                                           |  2694|
|87    |        auto_ds                                                                     |design_1_auto_ds_0                                                 |  1708|
|88    |          inst                                                                      |axi_dwidth_converter_v2_1_15_top                                   |  1708|
|89    |            \gen_downsizer.gen_simple_downsizer.axi_downsizer_inst                  |axi_dwidth_converter_v2_1_15_axi_downsizer                         |  1708|
|90    |              \USE_READ.read_addr_inst                                              |axi_dwidth_converter_v2_1_15_a_downsizer__parameterized0           |   744|
|91    |                cmd_queue                                                           |axi_data_fifo_v2_1_14_axic_fifo__parameterized0__xdcDup__1         |   360|
|92    |                  inst                                                              |axi_data_fifo_v2_1_14_fifo_gen__parameterized0__xdcDup__1          |   360|
|93    |                    fifo_gen_inst                                                   |fifo_generator_v13_2_1__parameterized0__xdcDup__1                  |   131|
|94    |                      inst_fifo_gen                                                 |fifo_generator_v13_2_1_synth__parameterized0__xdcDup__1            |   131|
|95    |                        \gconvfifo.rf                                               |fifo_generator_top__parameterized0__xdcDup__1                      |   131|
|96    |                          \grf.rf                                                   |fifo_generator_ramfifo__parameterized0__xdcDup__1                  |   131|
|97    |                            \gntv_or_sync_fifo.gl0.rd                               |rd_logic_16                                                        |    37|
|98    |                              \gr1.gr1_int.rfwft                                    |rd_fwft_22                                                         |    16|
|99    |                              \grss.rsts                                            |rd_status_flags_ss_23                                              |     2|
|100   |                              rpntr                                                 |rd_bin_cntr_24                                                     |    19|
|101   |                            \gntv_or_sync_fifo.gl0.wr                               |wr_logic_17                                                        |    25|
|102   |                              \gwss.wsts                                            |wr_status_flags_ss_20                                              |     5|
|103   |                              wpntr                                                 |wr_bin_cntr_21                                                     |    20|
|104   |                            \gntv_or_sync_fifo.mem                                  |memory__parameterized0_18                                          |    63|
|105   |                              \gdm.dm_gen.dm                                        |dmem__parameterized0_19                                            |    34|
|106   |                            rstblk                                                  |reset_blk_ramfifo__xdcDup__1                                       |     6|
|107   |                              \ngwrdrst.grst.g7serrst.gnsckt_wrst.rst_wr_reg2_inst  |xpm_cdc_async_rst__3                                               |     2|
|108   |              \USE_READ.read_data_inst                                              |axi_dwidth_converter_v2_1_15_r_downsizer                           |   166|
|109   |              \USE_WRITE.USE_SPLIT.write_resp_inst                                  |axi_dwidth_converter_v2_1_15_b_downsizer                           |    34|
|110   |              \USE_WRITE.write_addr_inst                                            |axi_dwidth_converter_v2_1_15_a_downsizer                           |   735|
|111   |                \USE_B_CHANNEL.cmd_b_queue                                          |axi_data_fifo_v2_1_14_axic_fifo                                    |   114|
|112   |                  inst                                                              |axi_data_fifo_v2_1_14_fifo_gen                                     |   114|
|113   |                    fifo_gen_inst                                                   |fifo_generator_v13_2_1                                             |    88|
|114   |                      inst_fifo_gen                                                 |fifo_generator_v13_2_1_synth                                       |    88|
|115   |                        \gconvfifo.rf                                               |fifo_generator_top                                                 |    88|
|116   |                          \grf.rf                                                   |fifo_generator_ramfifo                                             |    88|
|117   |                            \gntv_or_sync_fifo.gl0.rd                               |rd_logic_9                                                         |    37|
|118   |                              \gr1.gr1_int.rfwft                                    |rd_fwft_13                                                         |    16|
|119   |                              \grss.rsts                                            |rd_status_flags_ss_14                                              |     2|
|120   |                              rpntr                                                 |rd_bin_cntr_15                                                     |    19|
|121   |                            \gntv_or_sync_fifo.gl0.wr                               |wr_logic_10                                                        |    25|
|122   |                              \gwss.wsts                                            |wr_status_flags_ss_11                                              |     5|
|123   |                              wpntr                                                 |wr_bin_cntr_12                                                     |    20|
|124   |                            \gntv_or_sync_fifo.mem                                  |memory                                                             |    20|
|125   |                              \gdm.dm_gen.dm                                        |dmem                                                               |    11|
|126   |                            rstblk                                                  |reset_blk_ramfifo__xdcDup__2                                       |     6|
|127   |                              \ngwrdrst.grst.g7serrst.gnsckt_wrst.rst_wr_reg2_inst  |xpm_cdc_async_rst                                                  |     2|
|128   |                cmd_queue                                                           |axi_data_fifo_v2_1_14_axic_fifo__parameterized0                    |   233|
|129   |                  inst                                                              |axi_data_fifo_v2_1_14_fifo_gen__parameterized0                     |   233|
|130   |                    fifo_gen_inst                                                   |fifo_generator_v13_2_1__parameterized0                             |   129|
|131   |                      inst_fifo_gen                                                 |fifo_generator_v13_2_1_synth__parameterized0                       |   129|
|132   |                        \gconvfifo.rf                                               |fifo_generator_top__parameterized0                                 |   129|
|133   |                          \grf.rf                                                   |fifo_generator_ramfifo__parameterized0                             |   129|
|134   |                            \gntv_or_sync_fifo.gl0.rd                               |rd_logic                                                           |    37|
|135   |                              \gr1.gr1_int.rfwft                                    |rd_fwft                                                            |    16|
|136   |                              \grss.rsts                                            |rd_status_flags_ss                                                 |     2|
|137   |                              rpntr                                                 |rd_bin_cntr                                                        |    19|
|138   |                            \gntv_or_sync_fifo.gl0.wr                               |wr_logic                                                           |    25|
|139   |                              \gwss.wsts                                            |wr_status_flags_ss                                                 |     5|
|140   |                              wpntr                                                 |wr_bin_cntr                                                        |    20|
|141   |                            \gntv_or_sync_fifo.mem                                  |memory__parameterized0                                             |    61|
|142   |                              \gdm.dm_gen.dm                                        |dmem__parameterized0                                               |    33|
|143   |                            rstblk                                                  |reset_blk_ramfifo                                                  |     6|
|144   |                              \ngwrdrst.grst.g7serrst.gnsckt_wrst.rst_wr_reg2_inst  |xpm_cdc_async_rst__4                                               |     2|
|145   |              \USE_WRITE.write_data_inst                                            |axi_dwidth_converter_v2_1_15_w_downsizer                           |    29|
|146   |        auto_pc                                                                     |design_1_auto_pc_0                                                 |   986|
|147   |          inst                                                                      |axi_protocol_converter_v2_1_15_axi_protocol_converter              |   986|
|148   |            \gen_axilite.gen_b2s_conv.axilite_b2s                                   |axi_protocol_converter_v2_1_15_b2s                                 |   986|
|149   |              \RD.ar_channel_0                                                      |axi_protocol_converter_v2_1_15_b2s_ar_channel                      |   177|
|150   |                ar_cmd_fsm_0                                                        |axi_protocol_converter_v2_1_15_b2s_rd_cmd_fsm                      |    32|
|151   |                cmd_translator_0                                                    |axi_protocol_converter_v2_1_15_b2s_cmd_translator_6                |   145|
|152   |                  incr_cmd_0                                                        |axi_protocol_converter_v2_1_15_b2s_incr_cmd_7                      |    57|
|153   |                  wrap_cmd_0                                                        |axi_protocol_converter_v2_1_15_b2s_wrap_cmd_8                      |    83|
|154   |              \RD.r_channel_0                                                       |axi_protocol_converter_v2_1_15_b2s_r_channel                       |    89|
|155   |                rd_data_fifo_0                                                      |axi_protocol_converter_v2_1_15_b2s_simple_fifo__parameterized1     |    70|
|156   |                transaction_fifo_0                                                  |axi_protocol_converter_v2_1_15_b2s_simple_fifo__parameterized2     |    17|
|157   |              SI_REG                                                                |axi_register_slice_v2_1_15_axi_register_slice                      |   489|
|158   |                \ar.ar_pipe                                                         |axi_register_slice_v2_1_15_axic_register_slice                     |   174|
|159   |                \aw.aw_pipe                                                         |axi_register_slice_v2_1_15_axic_register_slice_5                   |   191|
|160   |                \b.b_pipe                                                           |axi_register_slice_v2_1_15_axic_register_slice__parameterized1     |    13|
|161   |                \r.r_pipe                                                           |axi_register_slice_v2_1_15_axic_register_slice__parameterized2     |   111|
|162   |              \WR.aw_channel_0                                                      |axi_protocol_converter_v2_1_15_b2s_aw_channel                      |   174|
|163   |                aw_cmd_fsm_0                                                        |axi_protocol_converter_v2_1_15_b2s_wr_cmd_fsm                      |    17|
|164   |                cmd_translator_0                                                    |axi_protocol_converter_v2_1_15_b2s_cmd_translator                  |   149|
|165   |                  incr_cmd_0                                                        |axi_protocol_converter_v2_1_15_b2s_incr_cmd                        |    62|
|166   |                  wrap_cmd_0                                                        |axi_protocol_converter_v2_1_15_b2s_wrap_cmd                        |    83|
|167   |              \WR.b_channel_0                                                       |axi_protocol_converter_v2_1_15_b2s_b_channel                       |    55|
|168   |                bid_fifo_0                                                          |axi_protocol_converter_v2_1_15_b2s_simple_fifo                     |    24|
|169   |                bresp_fifo_0                                                        |axi_protocol_converter_v2_1_15_b2s_simple_fifo__parameterized0     |     7|
|170   |      s00_couplers                                                                  |s00_couplers_imp_O7FAN0                                            |  2032|
|171   |        auto_pc                                                                     |design_1_auto_pc_1                                                 |     0|
|172   |        auto_us                                                                     |design_1_auto_us_0                                                 |  2032|
|173   |          inst                                                                      |axi_dwidth_converter_v2_1_15_top__parameterized0                   |  2032|
|174   |            \gen_upsizer.gen_full_upsizer.axi_upsizer_inst                          |axi_dwidth_converter_v2_1_15_axi_upsizer                           |  2032|
|175   |              \USE_READ.gen_non_fifo_r_upsizer.mi_register_slice_inst               |axi_register_slice_v2_1_15_axi_register_slice__parameterized1      |   462|
|176   |                \r.r_pipe                                                           |axi_register_slice_v2_1_15_axic_register_slice__parameterized10    |   462|
|177   |              \USE_READ.gen_non_fifo_r_upsizer.read_data_inst                       |axi_dwidth_converter_v2_1_15_r_upsizer                             |   237|
|178   |              \USE_READ.read_addr_inst                                              |axi_dwidth_converter_v2_1_15_a_upsizer__parameterized0             |   182|
|179   |                \GEN_CMD_QUEUE.cmd_queue                                            |generic_baseblocks_v2_1_0_command_fifo__parameterized0_3           |   134|
|180   |                \gen_id_queue.id_queue                                              |generic_baseblocks_v2_1_0_command_fifo_4                           |    45|
|181   |              \USE_WRITE.gen_non_fifo_w_upsizer.write_data_inst                     |axi_dwidth_converter_v2_1_15_w_upsizer                             |   495|
|182   |              \USE_WRITE.write_addr_inst                                            |axi_dwidth_converter_v2_1_15_a_upsizer                             |   238|
|183   |                \GEN_CMD_QUEUE.cmd_queue                                            |generic_baseblocks_v2_1_0_command_fifo__parameterized0             |   189|
|184   |                \gen_id_queue.id_queue                                              |generic_baseblocks_v2_1_0_command_fifo                             |    46|
|185   |              si_register_slice_inst                                                |axi_register_slice_v2_1_15_axi_register_slice__parameterized2      |   418|
|186   |                \ar.ar_pipe                                                         |axi_register_slice_v2_1_15_axic_register_slice__parameterized11    |   205|
|187   |                \aw.aw_pipe                                                         |axi_register_slice_v2_1_15_axic_register_slice__parameterized11_2  |   213|
|188   |    processing_system7_0                                                            |design_1_processing_system7_0_0                                    |   244|
|189   |      inst                                                                          |processing_system7_v5_5_processing_system7                         |   244|
|190   |    blk_mem_gen_0                                                                   |design_1_blk_mem_gen_0_0                                           |    38|
|191   |      U0                                                                            |blk_mem_gen_v8_4_1                                                 |    38|
|192   |        inst_blk_mem_gen                                                            |blk_mem_gen_v8_4_1_synth                                           |    38|
|193   |          \gnbram.gnative_mem_map_bmg.native_mem_map_blk_mem_gen                    |blk_mem_gen_v8_4_1_blk_mem_gen_top                                 |    38|
|194   |            \valid.cstr                                                             |blk_mem_gen_v8_4_1_blk_mem_gen_generic_cstr                        |    38|
|195   |              \ramloop[0].ram.r                                                     |blk_mem_gen_v8_4_1_blk_mem_gen_prim_width                          |     1|
|196   |                \prim_noinit.ram                                                    |blk_mem_gen_v8_4_1_blk_mem_gen_prim_wrapper                        |     1|
|197   |              \ramloop[10].ram.r                                                    |blk_mem_gen_v8_4_1_blk_mem_gen_prim_width__parameterized9          |     1|
|198   |                \prim_noinit.ram                                                    |blk_mem_gen_v8_4_1_blk_mem_gen_prim_wrapper__parameterized9        |     1|
|199   |              \ramloop[11].ram.r                                                    |blk_mem_gen_v8_4_1_blk_mem_gen_prim_width__parameterized10         |     1|
|200   |                \prim_noinit.ram                                                    |blk_mem_gen_v8_4_1_blk_mem_gen_prim_wrapper__parameterized10       |     1|
|201   |              \ramloop[12].ram.r                                                    |blk_mem_gen_v8_4_1_blk_mem_gen_prim_width__parameterized11         |     1|
|202   |                \prim_noinit.ram                                                    |blk_mem_gen_v8_4_1_blk_mem_gen_prim_wrapper__parameterized11       |     1|
|203   |              \ramloop[13].ram.r                                                    |blk_mem_gen_v8_4_1_blk_mem_gen_prim_width__parameterized12         |     1|
|204   |                \prim_noinit.ram                                                    |blk_mem_gen_v8_4_1_blk_mem_gen_prim_wrapper__parameterized12       |     1|
|205   |              \ramloop[14].ram.r                                                    |blk_mem_gen_v8_4_1_blk_mem_gen_prim_width__parameterized13         |     1|
|206   |                \prim_noinit.ram                                                    |blk_mem_gen_v8_4_1_blk_mem_gen_prim_wrapper__parameterized13       |     1|
|207   |              \ramloop[15].ram.r                                                    |blk_mem_gen_v8_4_1_blk_mem_gen_prim_width__parameterized14         |    21|
|208   |                \prim_noinit.ram                                                    |blk_mem_gen_v8_4_1_blk_mem_gen_prim_wrapper__parameterized14       |     5|
|209   |              \ramloop[1].ram.r                                                     |blk_mem_gen_v8_4_1_blk_mem_gen_prim_width__parameterized0          |     1|
|210   |                \prim_noinit.ram                                                    |blk_mem_gen_v8_4_1_blk_mem_gen_prim_wrapper__parameterized0        |     1|
|211   |              \ramloop[2].ram.r                                                     |blk_mem_gen_v8_4_1_blk_mem_gen_prim_width__parameterized1          |     3|
|212   |                \prim_noinit.ram                                                    |blk_mem_gen_v8_4_1_blk_mem_gen_prim_wrapper__parameterized1        |     1|
|213   |              \ramloop[3].ram.r                                                     |blk_mem_gen_v8_4_1_blk_mem_gen_prim_width__parameterized2          |     1|
|214   |                \prim_noinit.ram                                                    |blk_mem_gen_v8_4_1_blk_mem_gen_prim_wrapper__parameterized2        |     1|
|215   |              \ramloop[4].ram.r                                                     |blk_mem_gen_v8_4_1_blk_mem_gen_prim_width__parameterized3          |     1|
|216   |                \prim_noinit.ram                                                    |blk_mem_gen_v8_4_1_blk_mem_gen_prim_wrapper__parameterized3        |     1|
|217   |              \ramloop[5].ram.r                                                     |blk_mem_gen_v8_4_1_blk_mem_gen_prim_width__parameterized4          |     1|
|218   |                \prim_noinit.ram                                                    |blk_mem_gen_v8_4_1_blk_mem_gen_prim_wrapper__parameterized4        |     1|
|219   |              \ramloop[6].ram.r                                                     |blk_mem_gen_v8_4_1_blk_mem_gen_prim_width__parameterized5          |     1|
|220   |                \prim_noinit.ram                                                    |blk_mem_gen_v8_4_1_blk_mem_gen_prim_wrapper__parameterized5        |     1|
|221   |              \ramloop[7].ram.r                                                     |blk_mem_gen_v8_4_1_blk_mem_gen_prim_width__parameterized6          |     1|
|222   |                \prim_noinit.ram                                                    |blk_mem_gen_v8_4_1_blk_mem_gen_prim_wrapper__parameterized6        |     1|
|223   |              \ramloop[8].ram.r                                                     |blk_mem_gen_v8_4_1_blk_mem_gen_prim_width__parameterized7          |     1|
|224   |                \prim_noinit.ram                                                    |blk_mem_gen_v8_4_1_blk_mem_gen_prim_wrapper__parameterized7        |     1|
|225   |              \ramloop[9].ram.r                                                     |blk_mem_gen_v8_4_1_blk_mem_gen_prim_width__parameterized8          |     1|
|226   |                \prim_noinit.ram                                                    |blk_mem_gen_v8_4_1_blk_mem_gen_prim_wrapper__parameterized8        |     1|
|227   |    axi_bram_ctrl_0                                                                 |design_1_axi_bram_ctrl_0_0                                         |  1248|
|228   |      U0                                                                            |axi_bram_ctrl                                                      |  1248|
|229   |        \gext_inst.abcv4_0_ext_inst                                                 |axi_bram_ctrl_top                                                  |  1248|
|230   |          \GEN_AXI4.I_FULL_AXI                                                      |full_axi                                                           |  1248|
|231   |            I_RD_CHNL                                                               |rd_chnl                                                            |   788|
|232   |              \GEN_UA_NARROW.I_UA_NARROW                                            |ua_narrow_0                                                        |     9|
|233   |              I_WRAP_BRST                                                           |wrap_brst_1                                                        |    67|
|234   |            I_WR_CHNL                                                               |wr_chnl                                                            |   460|
|235   |              BID_FIFO                                                              |SRL_FIFO                                                           |    37|
|236   |              \GEN_UA_NARROW.I_UA_NARROW                                            |ua_narrow                                                          |    12|
|237   |              I_WRAP_BRST                                                           |wrap_brst                                                          |    62|
+------+------------------------------------------------------------------------------------+-------------------------------------------------------------------+------+
---------------------------------------------------------------------------------
Finished Writing Synthesis Report : Time (s): cpu = 00:03:35 ; elapsed = 00:03:41 . Memory (MB): peak = 1421.164 ; gain = 1090.652
---------------------------------------------------------------------------------
Synthesis finished with 0 errors, 0 critical warnings and 1899 warnings.
Synthesis Optimization Runtime : Time (s): cpu = 00:01:14 ; elapsed = 00:03:30 . Memory (MB): peak = 1421.164 ; gain = 970.930
Synthesis Optimization Complete : Time (s): cpu = 00:03:35 ; elapsed = 00:03:41 . Memory (MB): peak = 1421.164 ; gain = 1090.652
INFO: [Project 1-571] Translating synthesized netlist
INFO: [Netlist 29-17] Analyzing 6759 Unisim elements for replacement
INFO: [Netlist 29-28] Unisim Transformation completed in 0 CPU seconds
INFO: [Project 1-570] Preparing netlist for logic optimization
INFO: [Opt 31-138] Pushed 0 inverter(s) to 0 load pin(s).
INFO: [Project 1-111] Unisim Transformation Summary:
  A total of 2760 instances were transformed.
  (MUXCY,XORCY) => CARRY4: 1 instances
  FDR => FDRE: 9 instances
  LD => LDCE: 2694 instances
  RAM32M => RAM32M (RAMD32, RAMD32, RAMD32, RAMD32, RAMD32, RAMD32, RAMS32, RAMS32): 12 instances
  RAM64M => RAM64M (RAMD64E, RAMD64E, RAMD64E, RAMD64E): 43 instances
  SRL16 => SRL16E: 1 instances

INFO: [Common 17-83] Releasing license: Synthesis
764 Infos, 363 Warnings, 0 Critical Warnings and 0 Errors encountered.
synth_design completed successfully
synth_design: Time (s): cpu = 00:03:41 ; elapsed = 00:03:49 . Memory (MB): peak = 1421.164 ; gain = 1097.555
INFO: [Common 17-1381] The checkpoint 'D:/ProgramEnvironment/vivado2017/system_aes/system_aes.runs/synth_1/design_1_wrapper.dcp' has been generated.
INFO: [runtcl-4] Executing : report_utilization -file design_1_wrapper_utilization_synth.rpt -pb design_1_wrapper_utilization_synth.pb
report_utilization: Time (s): cpu = 00:00:01 ; elapsed = 00:00:00.112 . Memory (MB): peak = 1421.164 ; gain = 0.000
INFO: [Common 17-206] Exiting Vivado at Wed Jan 15 18:14:39 2025...
