Copyright 1986-2017 Xilinx, Inc. All Rights Reserved.
--------------------------------------------------------------------------------------------------------------------------------------------------------------------------------------
| Tool Version : Vivado v.2017.4 (win64) Build 2086221 Fri Dec 15 20:55:39 MST 2017
| Date         : Wed Jan 15 18:16:45 2025
| Host         : LAPTOP-F0MDUTJ6 running 64-bit major release  (build 9200)
| Command      : report_methodology -file design_1_wrapper_methodology_drc_routed.rpt -pb design_1_wrapper_methodology_drc_routed.pb -rpx design_1_wrapper_methodology_drc_routed.rpx
| Design       : design_1_wrapper
| Device       : xc7z020clg400-1
| Speed File   : -1
| Design State : Routed
--------------------------------------------------------------------------------------------------------------------------------------------------------------------------------------

Report Methodology

Table of Contents
-----------------
1. REPORT SUMMARY
2. REPORT DETAILS

1. REPORT SUMMARY
-----------------
            Netlist: netlist
          Floorplan: design_1
      Design limits: <entire design considered>
             Max violations: <unlimited>
             Violations found: 1000
+-----------+----------+-------------------+------------+
| Rule      | Severity | Description       | Violations |
+-----------+----------+-------------------+------------+
| TIMING-20 | Warning  | Non-clocked latch | 1000       |
+-----------+----------+-------------------+------------+

2. REPORT DETAILS
-----------------
TIMING-20#1 Warning
Non-clocked latch  
The latch design_1_i/AES_IP_TOP_0/inst/aes_core/NEXT_KEY_reg[10][0] cannot be properly analyzed as its control pin design_1_i/AES_IP_TOP_0/inst/aes_core/NEXT_KEY_reg[10][0]/G is not reached by a timing clock
Related violations: <none>

TIMING-20#2 Warning
Non-clocked latch  
The latch design_1_i/AES_IP_TOP_0/inst/aes_core/NEXT_KEY_reg[10][100] cannot be properly analyzed as its control pin design_1_i/AES_IP_TOP_0/inst/aes_core/NEXT_KEY_reg[10][100]/G is not reached by a timing clock
Related violations: <none>

TIMING-20#3 Warning
Non-clocked latch  
The latch design_1_i/AES_IP_TOP_0/inst/aes_core/NEXT_KEY_reg[10][101] cannot be properly analyzed as its control pin design_1_i/AES_IP_TOP_0/inst/aes_core/NEXT_KEY_reg[10][101]/G is not reached by a timing clock
Related violations: <none>

TIMING-20#4 Warning
Non-clocked latch  
The latch design_1_i/AES_IP_TOP_0/inst/aes_core/NEXT_KEY_reg[10][102] cannot be properly analyzed as its control pin design_1_i/AES_IP_TOP_0/inst/aes_core/NEXT_KEY_reg[10][102]/G is not reached by a timing clock
Related violations: <none>

TIMING-20#5 Warning
Non-clocked latch  
The latch design_1_i/AES_IP_TOP_0/inst/aes_core/NEXT_KEY_reg[10][103] cannot be properly analyzed as its control pin design_1_i/AES_IP_TOP_0/inst/aes_core/NEXT_KEY_reg[10][103]/G is not reached by a timing clock
Related violations: <none>

TIMING-20#6 Warning
Non-clocked latch  
The latch design_1_i/AES_IP_TOP_0/inst/aes_core/NEXT_KEY_reg[10][104] cannot be properly analyzed as its control pin design_1_i/AES_IP_TOP_0/inst/aes_core/NEXT_KEY_reg[10][104]/G is not reached by a timing clock
Related violations: <none>

TIMING-20#7 Warning
Non-clocked latch  
The latch design_1_i/AES_IP_TOP_0/inst/aes_core/NEXT_KEY_reg[10][105] cannot be properly analyzed as its control pin design_1_i/AES_IP_TOP_0/inst/aes_core/NEXT_KEY_reg[10][105]/G is not reached by a timing clock
Related violations: <none>

TIMING-20#8 Warning
Non-clocked latch  
The latch design_1_i/AES_IP_TOP_0/inst/aes_core/NEXT_KEY_reg[10][106] cannot be properly analyzed as its control pin design_1_i/AES_IP_TOP_0/inst/aes_core/NEXT_KEY_reg[10][106]/G is not reached by a timing clock
Related violations: <none>

TIMING-20#9 Warning
Non-clocked latch  
The latch design_1_i/AES_IP_TOP_0/inst/aes_core/NEXT_KEY_reg[10][107] cannot be properly analyzed as its control pin design_1_i/AES_IP_TOP_0/inst/aes_core/NEXT_KEY_reg[10][107]/G is not reached by a timing clock
Related violations: <none>

TIMING-20#10 Warning
Non-clocked latch  
The latch design_1_i/AES_IP_TOP_0/inst/aes_core/NEXT_KEY_reg[10][108] cannot be properly analyzed as its control pin design_1_i/AES_IP_TOP_0/inst/aes_core/NEXT_KEY_reg[10][108]/G is not reached by a timing clock
Related violations: <none>

TIMING-20#11 Warning
Non-clocked latch  
The latch design_1_i/AES_IP_TOP_0/inst/aes_core/NEXT_KEY_reg[10][109] cannot be properly analyzed as its control pin design_1_i/AES_IP_TOP_0/inst/aes_core/NEXT_KEY_reg[10][109]/G is not reached by a timing clock
Related violations: <none>

TIMING-20#12 Warning
Non-clocked latch  
The latch design_1_i/AES_IP_TOP_0/inst/aes_core/NEXT_KEY_reg[10][10] cannot be properly analyzed as its control pin design_1_i/AES_IP_TOP_0/inst/aes_core/NEXT_KEY_reg[10][10]/G is not reached by a timing clock
Related violations: <none>

TIMING-20#13 Warning
Non-clocked latch  
The latch design_1_i/AES_IP_TOP_0/inst/aes_core/NEXT_KEY_reg[10][110] cannot be properly analyzed as its control pin design_1_i/AES_IP_TOP_0/inst/aes_core/NEXT_KEY_reg[10][110]/G is not reached by a timing clock
Related violations: <none>

TIMING-20#14 Warning
Non-clocked latch  
The latch design_1_i/AES_IP_TOP_0/inst/aes_core/NEXT_KEY_reg[10][111] cannot be properly analyzed as its control pin design_1_i/AES_IP_TOP_0/inst/aes_core/NEXT_KEY_reg[10][111]/G is not reached by a timing clock
Related violations: <none>

TIMING-20#15 Warning
Non-clocked latch  
The latch design_1_i/AES_IP_TOP_0/inst/aes_core/NEXT_KEY_reg[10][112] cannot be properly analyzed as its control pin design_1_i/AES_IP_TOP_0/inst/aes_core/NEXT_KEY_reg[10][112]/G is not reached by a timing clock
Related violations: <none>

TIMING-20#16 Warning
Non-clocked latch  
The latch design_1_i/AES_IP_TOP_0/inst/aes_core/NEXT_KEY_reg[10][113] cannot be properly analyzed as its control pin design_1_i/AES_IP_TOP_0/inst/aes_core/NEXT_KEY_reg[10][113]/G is not reached by a timing clock
Related violations: <none>

TIMING-20#17 Warning
Non-clocked latch  
The latch design_1_i/AES_IP_TOP_0/inst/aes_core/NEXT_KEY_reg[10][114] cannot be properly analyzed as its control pin design_1_i/AES_IP_TOP_0/inst/aes_core/NEXT_KEY_reg[10][114]/G is not reached by a timing clock
Related violations: <none>

TIMING-20#18 Warning
Non-clocked latch  
The latch design_1_i/AES_IP_TOP_0/inst/aes_core/NEXT_KEY_reg[10][115] cannot be properly analyzed as its control pin design_1_i/AES_IP_TOP_0/inst/aes_core/NEXT_KEY_reg[10][115]/G is not reached by a timing clock
Related violations: <none>

TIMING-20#19 Warning
Non-clocked latch  
The latch design_1_i/AES_IP_TOP_0/inst/aes_core/NEXT_KEY_reg[10][116] cannot be properly analyzed as its control pin design_1_i/AES_IP_TOP_0/inst/aes_core/NEXT_KEY_reg[10][116]/G is not reached by a timing clock
Related violations: <none>

TIMING-20#20 Warning
Non-clocked latch  
The latch design_1_i/AES_IP_TOP_0/inst/aes_core/NEXT_KEY_reg[10][117] cannot be properly analyzed as its control pin design_1_i/AES_IP_TOP_0/inst/aes_core/NEXT_KEY_reg[10][117]/G is not reached by a timing clock
Related violations: <none>

TIMING-20#21 Warning
Non-clocked latch  
The latch design_1_i/AES_IP_TOP_0/inst/aes_core/NEXT_KEY_reg[10][118] cannot be properly analyzed as its control pin design_1_i/AES_IP_TOP_0/inst/aes_core/NEXT_KEY_reg[10][118]/G is not reached by a timing clock
Related violations: <none>

TIMING-20#22 Warning
Non-clocked latch  
The latch design_1_i/AES_IP_TOP_0/inst/aes_core/NEXT_KEY_reg[10][119] cannot be properly analyzed as its control pin design_1_i/AES_IP_TOP_0/inst/aes_core/NEXT_KEY_reg[10][119]/G is not reached by a timing clock
Related violations: <none>

TIMING-20#23 Warning
Non-clocked latch  
The latch design_1_i/AES_IP_TOP_0/inst/aes_core/NEXT_KEY_reg[10][11] cannot be properly analyzed as its control pin design_1_i/AES_IP_TOP_0/inst/aes_core/NEXT_KEY_reg[10][11]/G is not reached by a timing clock
Related violations: <none>

TIMING-20#24 Warning
Non-clocked latch  
The latch design_1_i/AES_IP_TOP_0/inst/aes_core/NEXT_KEY_reg[10][120] cannot be properly analyzed as its control pin design_1_i/AES_IP_TOP_0/inst/aes_core/NEXT_KEY_reg[10][120]/G is not reached by a timing clock
Related violations: <none>

TIMING-20#25 Warning
Non-clocked latch  
The latch design_1_i/AES_IP_TOP_0/inst/aes_core/NEXT_KEY_reg[10][121] cannot be properly analyzed as its control pin design_1_i/AES_IP_TOP_0/inst/aes_core/NEXT_KEY_reg[10][121]/G is not reached by a timing clock
Related violations: <none>

TIMING-20#26 Warning
Non-clocked latch  
The latch design_1_i/AES_IP_TOP_0/inst/aes_core/NEXT_KEY_reg[10][122] cannot be properly analyzed as its control pin design_1_i/AES_IP_TOP_0/inst/aes_core/NEXT_KEY_reg[10][122]/G is not reached by a timing clock
Related violations: <none>

TIMING-20#27 Warning
Non-clocked latch  
The latch design_1_i/AES_IP_TOP_0/inst/aes_core/NEXT_KEY_reg[10][123] cannot be properly analyzed as its control pin design_1_i/AES_IP_TOP_0/inst/aes_core/NEXT_KEY_reg[10][123]/G is not reached by a timing clock
Related violations: <none>

TIMING-20#28 Warning
Non-clocked latch  
The latch design_1_i/AES_IP_TOP_0/inst/aes_core/NEXT_KEY_reg[10][124] cannot be properly analyzed as its control pin design_1_i/AES_IP_TOP_0/inst/aes_core/NEXT_KEY_reg[10][124]/G is not reached by a timing clock
Related violations: <none>

TIMING-20#29 Warning
Non-clocked latch  
The latch design_1_i/AES_IP_TOP_0/inst/aes_core/NEXT_KEY_reg[10][125] cannot be properly analyzed as its control pin design_1_i/AES_IP_TOP_0/inst/aes_core/NEXT_KEY_reg[10][125]/G is not reached by a timing clock
Related violations: <none>

TIMING-20#30 Warning
Non-clocked latch  
The latch design_1_i/AES_IP_TOP_0/inst/aes_core/NEXT_KEY_reg[10][126] cannot be properly analyzed as its control pin design_1_i/AES_IP_TOP_0/inst/aes_core/NEXT_KEY_reg[10][126]/G is not reached by a timing clock
Related violations: <none>

TIMING-20#31 Warning
Non-clocked latch  
The latch design_1_i/AES_IP_TOP_0/inst/aes_core/NEXT_KEY_reg[10][127] cannot be properly analyzed as its control pin design_1_i/AES_IP_TOP_0/inst/aes_core/NEXT_KEY_reg[10][127]/G is not reached by a timing clock
Related violations: <none>

TIMING-20#32 Warning
Non-clocked latch  
The latch design_1_i/AES_IP_TOP_0/inst/aes_core/NEXT_KEY_reg[10][12] cannot be properly analyzed as its control pin design_1_i/AES_IP_TOP_0/inst/aes_core/NEXT_KEY_reg[10][12]/G is not reached by a timing clock
Related violations: <none>

TIMING-20#33 Warning
Non-clocked latch  
The latch design_1_i/AES_IP_TOP_0/inst/aes_core/NEXT_KEY_reg[10][13] cannot be properly analyzed as its control pin design_1_i/AES_IP_TOP_0/inst/aes_core/NEXT_KEY_reg[10][13]/G is not reached by a timing clock
Related violations: <none>

TIMING-20#34 Warning
Non-clocked latch  
The latch design_1_i/AES_IP_TOP_0/inst/aes_core/NEXT_KEY_reg[10][14] cannot be properly analyzed as its control pin design_1_i/AES_IP_TOP_0/inst/aes_core/NEXT_KEY_reg[10][14]/G is not reached by a timing clock
Related violations: <none>

TIMING-20#35 Warning
Non-clocked latch  
The latch design_1_i/AES_IP_TOP_0/inst/aes_core/NEXT_KEY_reg[10][15] cannot be properly analyzed as its control pin design_1_i/AES_IP_TOP_0/inst/aes_core/NEXT_KEY_reg[10][15]/G is not reached by a timing clock
Related violations: <none>

TIMING-20#36 Warning
Non-clocked latch  
The latch design_1_i/AES_IP_TOP_0/inst/aes_core/NEXT_KEY_reg[10][16] cannot be properly analyzed as its control pin design_1_i/AES_IP_TOP_0/inst/aes_core/NEXT_KEY_reg[10][16]/G is not reached by a timing clock
Related violations: <none>

TIMING-20#37 Warning
Non-clocked latch  
The latch design_1_i/AES_IP_TOP_0/inst/aes_core/NEXT_KEY_reg[10][17] cannot be properly analyzed as its control pin design_1_i/AES_IP_TOP_0/inst/aes_core/NEXT_KEY_reg[10][17]/G is not reached by a timing clock
Related violations: <none>

TIMING-20#38 Warning
Non-clocked latch  
The latch design_1_i/AES_IP_TOP_0/inst/aes_core/NEXT_KEY_reg[10][18] cannot be properly analyzed as its control pin design_1_i/AES_IP_TOP_0/inst/aes_core/NEXT_KEY_reg[10][18]/G is not reached by a timing clock
Related violations: <none>

TIMING-20#39 Warning
Non-clocked latch  
The latch design_1_i/AES_IP_TOP_0/inst/aes_core/NEXT_KEY_reg[10][19] cannot be properly analyzed as its control pin design_1_i/AES_IP_TOP_0/inst/aes_core/NEXT_KEY_reg[10][19]/G is not reached by a timing clock
Related violations: <none>

TIMING-20#40 Warning
Non-clocked latch  
The latch design_1_i/AES_IP_TOP_0/inst/aes_core/NEXT_KEY_reg[10][1] cannot be properly analyzed as its control pin design_1_i/AES_IP_TOP_0/inst/aes_core/NEXT_KEY_reg[10][1]/G is not reached by a timing clock
Related violations: <none>

TIMING-20#41 Warning
Non-clocked latch  
The latch design_1_i/AES_IP_TOP_0/inst/aes_core/NEXT_KEY_reg[10][20] cannot be properly analyzed as its control pin design_1_i/AES_IP_TOP_0/inst/aes_core/NEXT_KEY_reg[10][20]/G is not reached by a timing clock
Related violations: <none>

TIMING-20#42 Warning
Non-clocked latch  
The latch design_1_i/AES_IP_TOP_0/inst/aes_core/NEXT_KEY_reg[10][21] cannot be properly analyzed as its control pin design_1_i/AES_IP_TOP_0/inst/aes_core/NEXT_KEY_reg[10][21]/G is not reached by a timing clock
Related violations: <none>

TIMING-20#43 Warning
Non-clocked latch  
The latch design_1_i/AES_IP_TOP_0/inst/aes_core/NEXT_KEY_reg[10][22] cannot be properly analyzed as its control pin design_1_i/AES_IP_TOP_0/inst/aes_core/NEXT_KEY_reg[10][22]/G is not reached by a timing clock
Related violations: <none>

TIMING-20#44 Warning
Non-clocked latch  
The latch design_1_i/AES_IP_TOP_0/inst/aes_core/NEXT_KEY_reg[10][23] cannot be properly analyzed as its control pin design_1_i/AES_IP_TOP_0/inst/aes_core/NEXT_KEY_reg[10][23]/G is not reached by a timing clock
Related violations: <none>

TIMING-20#45 Warning
Non-clocked latch  
The latch design_1_i/AES_IP_TOP_0/inst/aes_core/NEXT_KEY_reg[10][24] cannot be properly analyzed as its control pin design_1_i/AES_IP_TOP_0/inst/aes_core/NEXT_KEY_reg[10][24]/G is not reached by a timing clock
Related violations: <none>

TIMING-20#46 Warning
Non-clocked latch  
The latch design_1_i/AES_IP_TOP_0/inst/aes_core/NEXT_KEY_reg[10][25] cannot be properly analyzed as its control pin design_1_i/AES_IP_TOP_0/inst/aes_core/NEXT_KEY_reg[10][25]/G is not reached by a timing clock
Related violations: <none>

TIMING-20#47 Warning
Non-clocked latch  
The latch design_1_i/AES_IP_TOP_0/inst/aes_core/NEXT_KEY_reg[10][26] cannot be properly analyzed as its control pin design_1_i/AES_IP_TOP_0/inst/aes_core/NEXT_KEY_reg[10][26]/G is not reached by a timing clock
Related violations: <none>

TIMING-20#48 Warning
Non-clocked latch  
The latch design_1_i/AES_IP_TOP_0/inst/aes_core/NEXT_KEY_reg[10][27] cannot be properly analyzed as its control pin design_1_i/AES_IP_TOP_0/inst/aes_core/NEXT_KEY_reg[10][27]/G is not reached by a timing clock
Related violations: <none>

TIMING-20#49 Warning
Non-clocked latch  
The latch design_1_i/AES_IP_TOP_0/inst/aes_core/NEXT_KEY_reg[10][28] cannot be properly analyzed as its control pin design_1_i/AES_IP_TOP_0/inst/aes_core/NEXT_KEY_reg[10][28]/G is not reached by a timing clock
Related violations: <none>

TIMING-20#50 Warning
Non-clocked latch  
The latch design_1_i/AES_IP_TOP_0/inst/aes_core/NEXT_KEY_reg[10][29] cannot be properly analyzed as its control pin design_1_i/AES_IP_TOP_0/inst/aes_core/NEXT_KEY_reg[10][29]/G is not reached by a timing clock
Related violations: <none>

TIMING-20#51 Warning
Non-clocked latch  
The latch design_1_i/AES_IP_TOP_0/inst/aes_core/NEXT_KEY_reg[10][2] cannot be properly analyzed as its control pin design_1_i/AES_IP_TOP_0/inst/aes_core/NEXT_KEY_reg[10][2]/G is not reached by a timing clock
Related violations: <none>

TIMING-20#52 Warning
Non-clocked latch  
The latch design_1_i/AES_IP_TOP_0/inst/aes_core/NEXT_KEY_reg[10][30] cannot be properly analyzed as its control pin design_1_i/AES_IP_TOP_0/inst/aes_core/NEXT_KEY_reg[10][30]/G is not reached by a timing clock
Related violations: <none>

TIMING-20#53 Warning
Non-clocked latch  
The latch design_1_i/AES_IP_TOP_0/inst/aes_core/NEXT_KEY_reg[10][31] cannot be properly analyzed as its control pin design_1_i/AES_IP_TOP_0/inst/aes_core/NEXT_KEY_reg[10][31]/G is not reached by a timing clock
Related violations: <none>

TIMING-20#54 Warning
Non-clocked latch  
The latch design_1_i/AES_IP_TOP_0/inst/aes_core/NEXT_KEY_reg[10][32] cannot be properly analyzed as its control pin design_1_i/AES_IP_TOP_0/inst/aes_core/NEXT_KEY_reg[10][32]/G is not reached by a timing clock
Related violations: <none>

TIMING-20#55 Warning
Non-clocked latch  
The latch design_1_i/AES_IP_TOP_0/inst/aes_core/NEXT_KEY_reg[10][33] cannot be properly analyzed as its control pin design_1_i/AES_IP_TOP_0/inst/aes_core/NEXT_KEY_reg[10][33]/G is not reached by a timing clock
Related violations: <none>

TIMING-20#56 Warning
Non-clocked latch  
The latch design_1_i/AES_IP_TOP_0/inst/aes_core/NEXT_KEY_reg[10][34] cannot be properly analyzed as its control pin design_1_i/AES_IP_TOP_0/inst/aes_core/NEXT_KEY_reg[10][34]/G is not reached by a timing clock
Related violations: <none>

TIMING-20#57 Warning
Non-clocked latch  
The latch design_1_i/AES_IP_TOP_0/inst/aes_core/NEXT_KEY_reg[10][35] cannot be properly analyzed as its control pin design_1_i/AES_IP_TOP_0/inst/aes_core/NEXT_KEY_reg[10][35]/G is not reached by a timing clock
Related violations: <none>

TIMING-20#58 Warning
Non-clocked latch  
The latch design_1_i/AES_IP_TOP_0/inst/aes_core/NEXT_KEY_reg[10][36] cannot be properly analyzed as its control pin design_1_i/AES_IP_TOP_0/inst/aes_core/NEXT_KEY_reg[10][36]/G is not reached by a timing clock
Related violations: <none>

TIMING-20#59 Warning
Non-clocked latch  
The latch design_1_i/AES_IP_TOP_0/inst/aes_core/NEXT_KEY_reg[10][37] cannot be properly analyzed as its control pin design_1_i/AES_IP_TOP_0/inst/aes_core/NEXT_KEY_reg[10][37]/G is not reached by a timing clock
Related violations: <none>

TIMING-20#60 Warning
Non-clocked latch  
The latch design_1_i/AES_IP_TOP_0/inst/aes_core/NEXT_KEY_reg[10][38] cannot be properly analyzed as its control pin design_1_i/AES_IP_TOP_0/inst/aes_core/NEXT_KEY_reg[10][38]/G is not reached by a timing clock
Related violations: <none>

TIMING-20#61 Warning
Non-clocked latch  
The latch design_1_i/AES_IP_TOP_0/inst/aes_core/NEXT_KEY_reg[10][39] cannot be properly analyzed as its control pin design_1_i/AES_IP_TOP_0/inst/aes_core/NEXT_KEY_reg[10][39]/G is not reached by a timing clock
Related violations: <none>

TIMING-20#62 Warning
Non-clocked latch  
The latch design_1_i/AES_IP_TOP_0/inst/aes_core/NEXT_KEY_reg[10][3] cannot be properly analyzed as its control pin design_1_i/AES_IP_TOP_0/inst/aes_core/NEXT_KEY_reg[10][3]/G is not reached by a timing clock
Related violations: <none>

TIMING-20#63 Warning
Non-clocked latch  
The latch design_1_i/AES_IP_TOP_0/inst/aes_core/NEXT_KEY_reg[10][40] cannot be properly analyzed as its control pin design_1_i/AES_IP_TOP_0/inst/aes_core/NEXT_KEY_reg[10][40]/G is not reached by a timing clock
Related violations: <none>

TIMING-20#64 Warning
Non-clocked latch  
The latch design_1_i/AES_IP_TOP_0/inst/aes_core/NEXT_KEY_reg[10][41] cannot be properly analyzed as its control pin design_1_i/AES_IP_TOP_0/inst/aes_core/NEXT_KEY_reg[10][41]/G is not reached by a timing clock
Related violations: <none>

TIMING-20#65 Warning
Non-clocked latch  
The latch design_1_i/AES_IP_TOP_0/inst/aes_core/NEXT_KEY_reg[10][42] cannot be properly analyzed as its control pin design_1_i/AES_IP_TOP_0/inst/aes_core/NEXT_KEY_reg[10][42]/G is not reached by a timing clock
Related violations: <none>

TIMING-20#66 Warning
Non-clocked latch  
The latch design_1_i/AES_IP_TOP_0/inst/aes_core/NEXT_KEY_reg[10][43] cannot be properly analyzed as its control pin design_1_i/AES_IP_TOP_0/inst/aes_core/NEXT_KEY_reg[10][43]/G is not reached by a timing clock
Related violations: <none>

TIMING-20#67 Warning
Non-clocked latch  
The latch design_1_i/AES_IP_TOP_0/inst/aes_core/NEXT_KEY_reg[10][44] cannot be properly analyzed as its control pin design_1_i/AES_IP_TOP_0/inst/aes_core/NEXT_KEY_reg[10][44]/G is not reached by a timing clock
Related violations: <none>

TIMING-20#68 Warning
Non-clocked latch  
The latch design_1_i/AES_IP_TOP_0/inst/aes_core/NEXT_KEY_reg[10][45] cannot be properly analyzed as its control pin design_1_i/AES_IP_TOP_0/inst/aes_core/NEXT_KEY_reg[10][45]/G is not reached by a timing clock
Related violations: <none>

TIMING-20#69 Warning
Non-clocked latch  
The latch design_1_i/AES_IP_TOP_0/inst/aes_core/NEXT_KEY_reg[10][46] cannot be properly analyzed as its control pin design_1_i/AES_IP_TOP_0/inst/aes_core/NEXT_KEY_reg[10][46]/G is not reached by a timing clock
Related violations: <none>

TIMING-20#70 Warning
Non-clocked latch  
The latch design_1_i/AES_IP_TOP_0/inst/aes_core/NEXT_KEY_reg[10][47] cannot be properly analyzed as its control pin design_1_i/AES_IP_TOP_0/inst/aes_core/NEXT_KEY_reg[10][47]/G is not reached by a timing clock
Related violations: <none>

TIMING-20#71 Warning
Non-clocked latch  
The latch design_1_i/AES_IP_TOP_0/inst/aes_core/NEXT_KEY_reg[10][48] cannot be properly analyzed as its control pin design_1_i/AES_IP_TOP_0/inst/aes_core/NEXT_KEY_reg[10][48]/G is not reached by a timing clock
Related violations: <none>

TIMING-20#72 Warning
Non-clocked latch  
The latch design_1_i/AES_IP_TOP_0/inst/aes_core/NEXT_KEY_reg[10][49] cannot be properly analyzed as its control pin design_1_i/AES_IP_TOP_0/inst/aes_core/NEXT_KEY_reg[10][49]/G is not reached by a timing clock
Related violations: <none>

TIMING-20#73 Warning
Non-clocked latch  
The latch design_1_i/AES_IP_TOP_0/inst/aes_core/NEXT_KEY_reg[10][4] cannot be properly analyzed as its control pin design_1_i/AES_IP_TOP_0/inst/aes_core/NEXT_KEY_reg[10][4]/G is not reached by a timing clock
Related violations: <none>

TIMING-20#74 Warning
Non-clocked latch  
The latch design_1_i/AES_IP_TOP_0/inst/aes_core/NEXT_KEY_reg[10][50] cannot be properly analyzed as its control pin design_1_i/AES_IP_TOP_0/inst/aes_core/NEXT_KEY_reg[10][50]/G is not reached by a timing clock
Related violations: <none>

TIMING-20#75 Warning
Non-clocked latch  
The latch design_1_i/AES_IP_TOP_0/inst/aes_core/NEXT_KEY_reg[10][51] cannot be properly analyzed as its control pin design_1_i/AES_IP_TOP_0/inst/aes_core/NEXT_KEY_reg[10][51]/G is not reached by a timing clock
Related violations: <none>

TIMING-20#76 Warning
Non-clocked latch  
The latch design_1_i/AES_IP_TOP_0/inst/aes_core/NEXT_KEY_reg[10][52] cannot be properly analyzed as its control pin design_1_i/AES_IP_TOP_0/inst/aes_core/NEXT_KEY_reg[10][52]/G is not reached by a timing clock
Related violations: <none>

TIMING-20#77 Warning
Non-clocked latch  
The latch design_1_i/AES_IP_TOP_0/inst/aes_core/NEXT_KEY_reg[10][53] cannot be properly analyzed as its control pin design_1_i/AES_IP_TOP_0/inst/aes_core/NEXT_KEY_reg[10][53]/G is not reached by a timing clock
Related violations: <none>

TIMING-20#78 Warning
Non-clocked latch  
The latch design_1_i/AES_IP_TOP_0/inst/aes_core/NEXT_KEY_reg[10][54] cannot be properly analyzed as its control pin design_1_i/AES_IP_TOP_0/inst/aes_core/NEXT_KEY_reg[10][54]/G is not reached by a timing clock
Related violations: <none>

TIMING-20#79 Warning
Non-clocked latch  
The latch design_1_i/AES_IP_TOP_0/inst/aes_core/NEXT_KEY_reg[10][55] cannot be properly analyzed as its control pin design_1_i/AES_IP_TOP_0/inst/aes_core/NEXT_KEY_reg[10][55]/G is not reached by a timing clock
Related violations: <none>

TIMING-20#80 Warning
Non-clocked latch  
The latch design_1_i/AES_IP_TOP_0/inst/aes_core/NEXT_KEY_reg[10][56] cannot be properly analyzed as its control pin design_1_i/AES_IP_TOP_0/inst/aes_core/NEXT_KEY_reg[10][56]/G is not reached by a timing clock
Related violations: <none>

TIMING-20#81 Warning
Non-clocked latch  
The latch design_1_i/AES_IP_TOP_0/inst/aes_core/NEXT_KEY_reg[10][57] cannot be properly analyzed as its control pin design_1_i/AES_IP_TOP_0/inst/aes_core/NEXT_KEY_reg[10][57]/G is not reached by a timing clock
Related violations: <none>

TIMING-20#82 Warning
Non-clocked latch  
The latch design_1_i/AES_IP_TOP_0/inst/aes_core/NEXT_KEY_reg[10][58] cannot be properly analyzed as its control pin design_1_i/AES_IP_TOP_0/inst/aes_core/NEXT_KEY_reg[10][58]/G is not reached by a timing clock
Related violations: <none>

TIMING-20#83 Warning
Non-clocked latch  
The latch design_1_i/AES_IP_TOP_0/inst/aes_core/NEXT_KEY_reg[10][59] cannot be properly analyzed as its control pin design_1_i/AES_IP_TOP_0/inst/aes_core/NEXT_KEY_reg[10][59]/G is not reached by a timing clock
Related violations: <none>

TIMING-20#84 Warning
Non-clocked latch  
The latch design_1_i/AES_IP_TOP_0/inst/aes_core/NEXT_KEY_reg[10][5] cannot be properly analyzed as its control pin design_1_i/AES_IP_TOP_0/inst/aes_core/NEXT_KEY_reg[10][5]/G is not reached by a timing clock
Related violations: <none>

TIMING-20#85 Warning
Non-clocked latch  
The latch design_1_i/AES_IP_TOP_0/inst/aes_core/NEXT_KEY_reg[10][60] cannot be properly analyzed as its control pin design_1_i/AES_IP_TOP_0/inst/aes_core/NEXT_KEY_reg[10][60]/G is not reached by a timing clock
Related violations: <none>

TIMING-20#86 Warning
Non-clocked latch  
The latch design_1_i/AES_IP_TOP_0/inst/aes_core/NEXT_KEY_reg[10][61] cannot be properly analyzed as its control pin design_1_i/AES_IP_TOP_0/inst/aes_core/NEXT_KEY_reg[10][61]/G is not reached by a timing clock
Related violations: <none>

TIMING-20#87 Warning
Non-clocked latch  
The latch design_1_i/AES_IP_TOP_0/inst/aes_core/NEXT_KEY_reg[10][62] cannot be properly analyzed as its control pin design_1_i/AES_IP_TOP_0/inst/aes_core/NEXT_KEY_reg[10][62]/G is not reached by a timing clock
Related violations: <none>

TIMING-20#88 Warning
Non-clocked latch  
The latch design_1_i/AES_IP_TOP_0/inst/aes_core/NEXT_KEY_reg[10][63] cannot be properly analyzed as its control pin design_1_i/AES_IP_TOP_0/inst/aes_core/NEXT_KEY_reg[10][63]/G is not reached by a timing clock
Related violations: <none>

TIMING-20#89 Warning
Non-clocked latch  
The latch design_1_i/AES_IP_TOP_0/inst/aes_core/NEXT_KEY_reg[10][64] cannot be properly analyzed as its control pin design_1_i/AES_IP_TOP_0/inst/aes_core/NEXT_KEY_reg[10][64]/G is not reached by a timing clock
Related violations: <none>

TIMING-20#90 Warning
Non-clocked latch  
The latch design_1_i/AES_IP_TOP_0/inst/aes_core/NEXT_KEY_reg[10][65] cannot be properly analyzed as its control pin design_1_i/AES_IP_TOP_0/inst/aes_core/NEXT_KEY_reg[10][65]/G is not reached by a timing clock
Related violations: <none>

TIMING-20#91 Warning
Non-clocked latch  
The latch design_1_i/AES_IP_TOP_0/inst/aes_core/NEXT_KEY_reg[10][66] cannot be properly analyzed as its control pin design_1_i/AES_IP_TOP_0/inst/aes_core/NEXT_KEY_reg[10][66]/G is not reached by a timing clock
Related violations: <none>

TIMING-20#92 Warning
Non-clocked latch  
The latch design_1_i/AES_IP_TOP_0/inst/aes_core/NEXT_KEY_reg[10][67] cannot be properly analyzed as its control pin design_1_i/AES_IP_TOP_0/inst/aes_core/NEXT_KEY_reg[10][67]/G is not reached by a timing clock
Related violations: <none>

TIMING-20#93 Warning
Non-clocked latch  
The latch design_1_i/AES_IP_TOP_0/inst/aes_core/NEXT_KEY_reg[10][68] cannot be properly analyzed as its control pin design_1_i/AES_IP_TOP_0/inst/aes_core/NEXT_KEY_reg[10][68]/G is not reached by a timing clock
Related violations: <none>

TIMING-20#94 Warning
Non-clocked latch  
The latch design_1_i/AES_IP_TOP_0/inst/aes_core/NEXT_KEY_reg[10][69] cannot be properly analyzed as its control pin design_1_i/AES_IP_TOP_0/inst/aes_core/NEXT_KEY_reg[10][69]/G is not reached by a timing clock
Related violations: <none>

TIMING-20#95 Warning
Non-clocked latch  
The latch design_1_i/AES_IP_TOP_0/inst/aes_core/NEXT_KEY_reg[10][6] cannot be properly analyzed as its control pin design_1_i/AES_IP_TOP_0/inst/aes_core/NEXT_KEY_reg[10][6]/G is not reached by a timing clock
Related violations: <none>

TIMING-20#96 Warning
Non-clocked latch  
The latch design_1_i/AES_IP_TOP_0/inst/aes_core/NEXT_KEY_reg[10][70] cannot be properly analyzed as its control pin design_1_i/AES_IP_TOP_0/inst/aes_core/NEXT_KEY_reg[10][70]/G is not reached by a timing clock
Related violations: <none>

TIMING-20#97 Warning
Non-clocked latch  
The latch design_1_i/AES_IP_TOP_0/inst/aes_core/NEXT_KEY_reg[10][71] cannot be properly analyzed as its control pin design_1_i/AES_IP_TOP_0/inst/aes_core/NEXT_KEY_reg[10][71]/G is not reached by a timing clock
Related violations: <none>

TIMING-20#98 Warning
Non-clocked latch  
The latch design_1_i/AES_IP_TOP_0/inst/aes_core/NEXT_KEY_reg[10][72] cannot be properly analyzed as its control pin design_1_i/AES_IP_TOP_0/inst/aes_core/NEXT_KEY_reg[10][72]/G is not reached by a timing clock
Related violations: <none>

TIMING-20#99 Warning
Non-clocked latch  
The latch design_1_i/AES_IP_TOP_0/inst/aes_core/NEXT_KEY_reg[10][73] cannot be properly analyzed as its control pin design_1_i/AES_IP_TOP_0/inst/aes_core/NEXT_KEY_reg[10][73]/G is not reached by a timing clock
Related violations: <none>

TIMING-20#100 Warning
Non-clocked latch  
The latch design_1_i/AES_IP_TOP_0/inst/aes_core/NEXT_KEY_reg[10][74] cannot be properly analyzed as its control pin design_1_i/AES_IP_TOP_0/inst/aes_core/NEXT_KEY_reg[10][74]/G is not reached by a timing clock
Related violations: <none>

TIMING-20#101 Warning
Non-clocked latch  
The latch design_1_i/AES_IP_TOP_0/inst/aes_core/NEXT_KEY_reg[10][75] cannot be properly analyzed as its control pin design_1_i/AES_IP_TOP_0/inst/aes_core/NEXT_KEY_reg[10][75]/G is not reached by a timing clock
Related violations: <none>

TIMING-20#102 Warning
Non-clocked latch  
The latch design_1_i/AES_IP_TOP_0/inst/aes_core/NEXT_KEY_reg[10][76] cannot be properly analyzed as its control pin design_1_i/AES_IP_TOP_0/inst/aes_core/NEXT_KEY_reg[10][76]/G is not reached by a timing clock
Related violations: <none>

TIMING-20#103 Warning
Non-clocked latch  
The latch design_1_i/AES_IP_TOP_0/inst/aes_core/NEXT_KEY_reg[10][77] cannot be properly analyzed as its control pin design_1_i/AES_IP_TOP_0/inst/aes_core/NEXT_KEY_reg[10][77]/G is not reached by a timing clock
Related violations: <none>

TIMING-20#104 Warning
Non-clocked latch  
The latch design_1_i/AES_IP_TOP_0/inst/aes_core/NEXT_KEY_reg[10][78] cannot be properly analyzed as its control pin design_1_i/AES_IP_TOP_0/inst/aes_core/NEXT_KEY_reg[10][78]/G is not reached by a timing clock
Related violations: <none>

TIMING-20#105 Warning
Non-clocked latch  
The latch design_1_i/AES_IP_TOP_0/inst/aes_core/NEXT_KEY_reg[10][79] cannot be properly analyzed as its control pin design_1_i/AES_IP_TOP_0/inst/aes_core/NEXT_KEY_reg[10][79]/G is not reached by a timing clock
Related violations: <none>

TIMING-20#106 Warning
Non-clocked latch  
The latch design_1_i/AES_IP_TOP_0/inst/aes_core/NEXT_KEY_reg[10][7] cannot be properly analyzed as its control pin design_1_i/AES_IP_TOP_0/inst/aes_core/NEXT_KEY_reg[10][7]/G is not reached by a timing clock
Related violations: <none>

TIMING-20#107 Warning
Non-clocked latch  
The latch design_1_i/AES_IP_TOP_0/inst/aes_core/NEXT_KEY_reg[10][80] cannot be properly analyzed as its control pin design_1_i/AES_IP_TOP_0/inst/aes_core/NEXT_KEY_reg[10][80]/G is not reached by a timing clock
Related violations: <none>

TIMING-20#108 Warning
Non-clocked latch  
The latch design_1_i/AES_IP_TOP_0/inst/aes_core/NEXT_KEY_reg[10][81] cannot be properly analyzed as its control pin design_1_i/AES_IP_TOP_0/inst/aes_core/NEXT_KEY_reg[10][81]/G is not reached by a timing clock
Related violations: <none>

TIMING-20#109 Warning
Non-clocked latch  
The latch design_1_i/AES_IP_TOP_0/inst/aes_core/NEXT_KEY_reg[10][82] cannot be properly analyzed as its control pin design_1_i/AES_IP_TOP_0/inst/aes_core/NEXT_KEY_reg[10][82]/G is not reached by a timing clock
Related violations: <none>

TIMING-20#110 Warning
Non-clocked latch  
The latch design_1_i/AES_IP_TOP_0/inst/aes_core/NEXT_KEY_reg[10][83] cannot be properly analyzed as its control pin design_1_i/AES_IP_TOP_0/inst/aes_core/NEXT_KEY_reg[10][83]/G is not reached by a timing clock
Related violations: <none>

TIMING-20#111 Warning
Non-clocked latch  
The latch design_1_i/AES_IP_TOP_0/inst/aes_core/NEXT_KEY_reg[10][84] cannot be properly analyzed as its control pin design_1_i/AES_IP_TOP_0/inst/aes_core/NEXT_KEY_reg[10][84]/G is not reached by a timing clock
Related violations: <none>

TIMING-20#112 Warning
Non-clocked latch  
The latch design_1_i/AES_IP_TOP_0/inst/aes_core/NEXT_KEY_reg[10][85] cannot be properly analyzed as its control pin design_1_i/AES_IP_TOP_0/inst/aes_core/NEXT_KEY_reg[10][85]/G is not reached by a timing clock
Related violations: <none>

TIMING-20#113 Warning
Non-clocked latch  
The latch design_1_i/AES_IP_TOP_0/inst/aes_core/NEXT_KEY_reg[10][86] cannot be properly analyzed as its control pin design_1_i/AES_IP_TOP_0/inst/aes_core/NEXT_KEY_reg[10][86]/G is not reached by a timing clock
Related violations: <none>

TIMING-20#114 Warning
Non-clocked latch  
The latch design_1_i/AES_IP_TOP_0/inst/aes_core/NEXT_KEY_reg[10][87] cannot be properly analyzed as its control pin design_1_i/AES_IP_TOP_0/inst/aes_core/NEXT_KEY_reg[10][87]/G is not reached by a timing clock
Related violations: <none>

TIMING-20#115 Warning
Non-clocked latch  
The latch design_1_i/AES_IP_TOP_0/inst/aes_core/NEXT_KEY_reg[10][88] cannot be properly analyzed as its control pin design_1_i/AES_IP_TOP_0/inst/aes_core/NEXT_KEY_reg[10][88]/G is not reached by a timing clock
Related violations: <none>

TIMING-20#116 Warning
Non-clocked latch  
The latch design_1_i/AES_IP_TOP_0/inst/aes_core/NEXT_KEY_reg[10][89] cannot be properly analyzed as its control pin design_1_i/AES_IP_TOP_0/inst/aes_core/NEXT_KEY_reg[10][89]/G is not reached by a timing clock
Related violations: <none>

TIMING-20#117 Warning
Non-clocked latch  
The latch design_1_i/AES_IP_TOP_0/inst/aes_core/NEXT_KEY_reg[10][8] cannot be properly analyzed as its control pin design_1_i/AES_IP_TOP_0/inst/aes_core/NEXT_KEY_reg[10][8]/G is not reached by a timing clock
Related violations: <none>

TIMING-20#118 Warning
Non-clocked latch  
The latch design_1_i/AES_IP_TOP_0/inst/aes_core/NEXT_KEY_reg[10][90] cannot be properly analyzed as its control pin design_1_i/AES_IP_TOP_0/inst/aes_core/NEXT_KEY_reg[10][90]/G is not reached by a timing clock
Related violations: <none>

TIMING-20#119 Warning
Non-clocked latch  
The latch design_1_i/AES_IP_TOP_0/inst/aes_core/NEXT_KEY_reg[10][91] cannot be properly analyzed as its control pin design_1_i/AES_IP_TOP_0/inst/aes_core/NEXT_KEY_reg[10][91]/G is not reached by a timing clock
Related violations: <none>

TIMING-20#120 Warning
Non-clocked latch  
The latch design_1_i/AES_IP_TOP_0/inst/aes_core/NEXT_KEY_reg[10][92] cannot be properly analyzed as its control pin design_1_i/AES_IP_TOP_0/inst/aes_core/NEXT_KEY_reg[10][92]/G is not reached by a timing clock
Related violations: <none>

TIMING-20#121 Warning
Non-clocked latch  
The latch design_1_i/AES_IP_TOP_0/inst/aes_core/NEXT_KEY_reg[10][93] cannot be properly analyzed as its control pin design_1_i/AES_IP_TOP_0/inst/aes_core/NEXT_KEY_reg[10][93]/G is not reached by a timing clock
Related violations: <none>

TIMING-20#122 Warning
Non-clocked latch  
The latch design_1_i/AES_IP_TOP_0/inst/aes_core/NEXT_KEY_reg[10][94] cannot be properly analyzed as its control pin design_1_i/AES_IP_TOP_0/inst/aes_core/NEXT_KEY_reg[10][94]/G is not reached by a timing clock
Related violations: <none>

TIMING-20#123 Warning
Non-clocked latch  
The latch design_1_i/AES_IP_TOP_0/inst/aes_core/NEXT_KEY_reg[10][95] cannot be properly analyzed as its control pin design_1_i/AES_IP_TOP_0/inst/aes_core/NEXT_KEY_reg[10][95]/G is not reached by a timing clock
Related violations: <none>

TIMING-20#124 Warning
Non-clocked latch  
The latch design_1_i/AES_IP_TOP_0/inst/aes_core/NEXT_KEY_reg[10][96] cannot be properly analyzed as its control pin design_1_i/AES_IP_TOP_0/inst/aes_core/NEXT_KEY_reg[10][96]/G is not reached by a timing clock
Related violations: <none>

TIMING-20#125 Warning
Non-clocked latch  
The latch design_1_i/AES_IP_TOP_0/inst/aes_core/NEXT_KEY_reg[10][97] cannot be properly analyzed as its control pin design_1_i/AES_IP_TOP_0/inst/aes_core/NEXT_KEY_reg[10][97]/G is not reached by a timing clock
Related violations: <none>

TIMING-20#126 Warning
Non-clocked latch  
The latch design_1_i/AES_IP_TOP_0/inst/aes_core/NEXT_KEY_reg[10][98] cannot be properly analyzed as its control pin design_1_i/AES_IP_TOP_0/inst/aes_core/NEXT_KEY_reg[10][98]/G is not reached by a timing clock
Related violations: <none>

TIMING-20#127 Warning
Non-clocked latch  
The latch design_1_i/AES_IP_TOP_0/inst/aes_core/NEXT_KEY_reg[10][99] cannot be properly analyzed as its control pin design_1_i/AES_IP_TOP_0/inst/aes_core/NEXT_KEY_reg[10][99]/G is not reached by a timing clock
Related violations: <none>

TIMING-20#128 Warning
Non-clocked latch  
The latch design_1_i/AES_IP_TOP_0/inst/aes_core/NEXT_KEY_reg[10][9] cannot be properly analyzed as its control pin design_1_i/AES_IP_TOP_0/inst/aes_core/NEXT_KEY_reg[10][9]/G is not reached by a timing clock
Related violations: <none>

TIMING-20#129 Warning
Non-clocked latch  
The latch design_1_i/AES_IP_TOP_0/inst/aes_core/NEXT_KEY_reg[1][0] cannot be properly analyzed as its control pin design_1_i/AES_IP_TOP_0/inst/aes_core/NEXT_KEY_reg[1][0]/G is not reached by a timing clock
Related violations: <none>

TIMING-20#130 Warning
Non-clocked latch  
The latch design_1_i/AES_IP_TOP_0/inst/aes_core/NEXT_KEY_reg[1][100] cannot be properly analyzed as its control pin design_1_i/AES_IP_TOP_0/inst/aes_core/NEXT_KEY_reg[1][100]/G is not reached by a timing clock
Related violations: <none>

TIMING-20#131 Warning
Non-clocked latch  
The latch design_1_i/AES_IP_TOP_0/inst/aes_core/NEXT_KEY_reg[1][101] cannot be properly analyzed as its control pin design_1_i/AES_IP_TOP_0/inst/aes_core/NEXT_KEY_reg[1][101]/G is not reached by a timing clock
Related violations: <none>

TIMING-20#132 Warning
Non-clocked latch  
The latch design_1_i/AES_IP_TOP_0/inst/aes_core/NEXT_KEY_reg[1][102] cannot be properly analyzed as its control pin design_1_i/AES_IP_TOP_0/inst/aes_core/NEXT_KEY_reg[1][102]/G is not reached by a timing clock
Related violations: <none>

TIMING-20#133 Warning
Non-clocked latch  
The latch design_1_i/AES_IP_TOP_0/inst/aes_core/NEXT_KEY_reg[1][103] cannot be properly analyzed as its control pin design_1_i/AES_IP_TOP_0/inst/aes_core/NEXT_KEY_reg[1][103]/G is not reached by a timing clock
Related violations: <none>

TIMING-20#134 Warning
Non-clocked latch  
The latch design_1_i/AES_IP_TOP_0/inst/aes_core/NEXT_KEY_reg[1][104] cannot be properly analyzed as its control pin design_1_i/AES_IP_TOP_0/inst/aes_core/NEXT_KEY_reg[1][104]/G is not reached by a timing clock
Related violations: <none>

TIMING-20#135 Warning
Non-clocked latch  
The latch design_1_i/AES_IP_TOP_0/inst/aes_core/NEXT_KEY_reg[1][105] cannot be properly analyzed as its control pin design_1_i/AES_IP_TOP_0/inst/aes_core/NEXT_KEY_reg[1][105]/G is not reached by a timing clock
Related violations: <none>

TIMING-20#136 Warning
Non-clocked latch  
The latch design_1_i/AES_IP_TOP_0/inst/aes_core/NEXT_KEY_reg[1][106] cannot be properly analyzed as its control pin design_1_i/AES_IP_TOP_0/inst/aes_core/NEXT_KEY_reg[1][106]/G is not reached by a timing clock
Related violations: <none>

TIMING-20#137 Warning
Non-clocked latch  
The latch design_1_i/AES_IP_TOP_0/inst/aes_core/NEXT_KEY_reg[1][107] cannot be properly analyzed as its control pin design_1_i/AES_IP_TOP_0/inst/aes_core/NEXT_KEY_reg[1][107]/G is not reached by a timing clock
Related violations: <none>

TIMING-20#138 Warning
Non-clocked latch  
The latch design_1_i/AES_IP_TOP_0/inst/aes_core/NEXT_KEY_reg[1][108] cannot be properly analyzed as its control pin design_1_i/AES_IP_TOP_0/inst/aes_core/NEXT_KEY_reg[1][108]/G is not reached by a timing clock
Related violations: <none>

TIMING-20#139 Warning
Non-clocked latch  
The latch design_1_i/AES_IP_TOP_0/inst/aes_core/NEXT_KEY_reg[1][109] cannot be properly analyzed as its control pin design_1_i/AES_IP_TOP_0/inst/aes_core/NEXT_KEY_reg[1][109]/G is not reached by a timing clock
Related violations: <none>

TIMING-20#140 Warning
Non-clocked latch  
The latch design_1_i/AES_IP_TOP_0/inst/aes_core/NEXT_KEY_reg[1][10] cannot be properly analyzed as its control pin design_1_i/AES_IP_TOP_0/inst/aes_core/NEXT_KEY_reg[1][10]/G is not reached by a timing clock
Related violations: <none>

TIMING-20#141 Warning
Non-clocked latch  
The latch design_1_i/AES_IP_TOP_0/inst/aes_core/NEXT_KEY_reg[1][110] cannot be properly analyzed as its control pin design_1_i/AES_IP_TOP_0/inst/aes_core/NEXT_KEY_reg[1][110]/G is not reached by a timing clock
Related violations: <none>

TIMING-20#142 Warning
Non-clocked latch  
The latch design_1_i/AES_IP_TOP_0/inst/aes_core/NEXT_KEY_reg[1][111] cannot be properly analyzed as its control pin design_1_i/AES_IP_TOP_0/inst/aes_core/NEXT_KEY_reg[1][111]/G is not reached by a timing clock
Related violations: <none>

TIMING-20#143 Warning
Non-clocked latch  
The latch design_1_i/AES_IP_TOP_0/inst/aes_core/NEXT_KEY_reg[1][112] cannot be properly analyzed as its control pin design_1_i/AES_IP_TOP_0/inst/aes_core/NEXT_KEY_reg[1][112]/G is not reached by a timing clock
Related violations: <none>

TIMING-20#144 Warning
Non-clocked latch  
The latch design_1_i/AES_IP_TOP_0/inst/aes_core/NEXT_KEY_reg[1][113] cannot be properly analyzed as its control pin design_1_i/AES_IP_TOP_0/inst/aes_core/NEXT_KEY_reg[1][113]/G is not reached by a timing clock
Related violations: <none>

TIMING-20#145 Warning
Non-clocked latch  
The latch design_1_i/AES_IP_TOP_0/inst/aes_core/NEXT_KEY_reg[1][114] cannot be properly analyzed as its control pin design_1_i/AES_IP_TOP_0/inst/aes_core/NEXT_KEY_reg[1][114]/G is not reached by a timing clock
Related violations: <none>

TIMING-20#146 Warning
Non-clocked latch  
The latch design_1_i/AES_IP_TOP_0/inst/aes_core/NEXT_KEY_reg[1][115] cannot be properly analyzed as its control pin design_1_i/AES_IP_TOP_0/inst/aes_core/NEXT_KEY_reg[1][115]/G is not reached by a timing clock
Related violations: <none>

TIMING-20#147 Warning
Non-clocked latch  
The latch design_1_i/AES_IP_TOP_0/inst/aes_core/NEXT_KEY_reg[1][116] cannot be properly analyzed as its control pin design_1_i/AES_IP_TOP_0/inst/aes_core/NEXT_KEY_reg[1][116]/G is not reached by a timing clock
Related violations: <none>

TIMING-20#148 Warning
Non-clocked latch  
The latch design_1_i/AES_IP_TOP_0/inst/aes_core/NEXT_KEY_reg[1][117] cannot be properly analyzed as its control pin design_1_i/AES_IP_TOP_0/inst/aes_core/NEXT_KEY_reg[1][117]/G is not reached by a timing clock
Related violations: <none>

TIMING-20#149 Warning
Non-clocked latch  
The latch design_1_i/AES_IP_TOP_0/inst/aes_core/NEXT_KEY_reg[1][118] cannot be properly analyzed as its control pin design_1_i/AES_IP_TOP_0/inst/aes_core/NEXT_KEY_reg[1][118]/G is not reached by a timing clock
Related violations: <none>

TIMING-20#150 Warning
Non-clocked latch  
The latch design_1_i/AES_IP_TOP_0/inst/aes_core/NEXT_KEY_reg[1][119] cannot be properly analyzed as its control pin design_1_i/AES_IP_TOP_0/inst/aes_core/NEXT_KEY_reg[1][119]/G is not reached by a timing clock
Related violations: <none>

TIMING-20#151 Warning
Non-clocked latch  
The latch design_1_i/AES_IP_TOP_0/inst/aes_core/NEXT_KEY_reg[1][11] cannot be properly analyzed as its control pin design_1_i/AES_IP_TOP_0/inst/aes_core/NEXT_KEY_reg[1][11]/G is not reached by a timing clock
Related violations: <none>

TIMING-20#152 Warning
Non-clocked latch  
The latch design_1_i/AES_IP_TOP_0/inst/aes_core/NEXT_KEY_reg[1][120] cannot be properly analyzed as its control pin design_1_i/AES_IP_TOP_0/inst/aes_core/NEXT_KEY_reg[1][120]/G is not reached by a timing clock
Related violations: <none>

TIMING-20#153 Warning
Non-clocked latch  
The latch design_1_i/AES_IP_TOP_0/inst/aes_core/NEXT_KEY_reg[1][121] cannot be properly analyzed as its control pin design_1_i/AES_IP_TOP_0/inst/aes_core/NEXT_KEY_reg[1][121]/G is not reached by a timing clock
Related violations: <none>

TIMING-20#154 Warning
Non-clocked latch  
The latch design_1_i/AES_IP_TOP_0/inst/aes_core/NEXT_KEY_reg[1][122] cannot be properly analyzed as its control pin design_1_i/AES_IP_TOP_0/inst/aes_core/NEXT_KEY_reg[1][122]/G is not reached by a timing clock
Related violations: <none>

TIMING-20#155 Warning
Non-clocked latch  
The latch design_1_i/AES_IP_TOP_0/inst/aes_core/NEXT_KEY_reg[1][123] cannot be properly analyzed as its control pin design_1_i/AES_IP_TOP_0/inst/aes_core/NEXT_KEY_reg[1][123]/G is not reached by a timing clock
Related violations: <none>

TIMING-20#156 Warning
Non-clocked latch  
The latch design_1_i/AES_IP_TOP_0/inst/aes_core/NEXT_KEY_reg[1][124] cannot be properly analyzed as its control pin design_1_i/AES_IP_TOP_0/inst/aes_core/NEXT_KEY_reg[1][124]/G is not reached by a timing clock
Related violations: <none>

TIMING-20#157 Warning
Non-clocked latch  
The latch design_1_i/AES_IP_TOP_0/inst/aes_core/NEXT_KEY_reg[1][125] cannot be properly analyzed as its control pin design_1_i/AES_IP_TOP_0/inst/aes_core/NEXT_KEY_reg[1][125]/G is not reached by a timing clock
Related violations: <none>

TIMING-20#158 Warning
Non-clocked latch  
The latch design_1_i/AES_IP_TOP_0/inst/aes_core/NEXT_KEY_reg[1][126] cannot be properly analyzed as its control pin design_1_i/AES_IP_TOP_0/inst/aes_core/NEXT_KEY_reg[1][126]/G is not reached by a timing clock
Related violations: <none>

TIMING-20#159 Warning
Non-clocked latch  
The latch design_1_i/AES_IP_TOP_0/inst/aes_core/NEXT_KEY_reg[1][127] cannot be properly analyzed as its control pin design_1_i/AES_IP_TOP_0/inst/aes_core/NEXT_KEY_reg[1][127]/G is not reached by a timing clock
Related violations: <none>

TIMING-20#160 Warning
Non-clocked latch  
The latch design_1_i/AES_IP_TOP_0/inst/aes_core/NEXT_KEY_reg[1][12] cannot be properly analyzed as its control pin design_1_i/AES_IP_TOP_0/inst/aes_core/NEXT_KEY_reg[1][12]/G is not reached by a timing clock
Related violations: <none>

TIMING-20#161 Warning
Non-clocked latch  
The latch design_1_i/AES_IP_TOP_0/inst/aes_core/NEXT_KEY_reg[1][13] cannot be properly analyzed as its control pin design_1_i/AES_IP_TOP_0/inst/aes_core/NEXT_KEY_reg[1][13]/G is not reached by a timing clock
Related violations: <none>

TIMING-20#162 Warning
Non-clocked latch  
The latch design_1_i/AES_IP_TOP_0/inst/aes_core/NEXT_KEY_reg[1][14] cannot be properly analyzed as its control pin design_1_i/AES_IP_TOP_0/inst/aes_core/NEXT_KEY_reg[1][14]/G is not reached by a timing clock
Related violations: <none>

TIMING-20#163 Warning
Non-clocked latch  
The latch design_1_i/AES_IP_TOP_0/inst/aes_core/NEXT_KEY_reg[1][15] cannot be properly analyzed as its control pin design_1_i/AES_IP_TOP_0/inst/aes_core/NEXT_KEY_reg[1][15]/G is not reached by a timing clock
Related violations: <none>

TIMING-20#164 Warning
Non-clocked latch  
The latch design_1_i/AES_IP_TOP_0/inst/aes_core/NEXT_KEY_reg[1][16] cannot be properly analyzed as its control pin design_1_i/AES_IP_TOP_0/inst/aes_core/NEXT_KEY_reg[1][16]/G is not reached by a timing clock
Related violations: <none>

TIMING-20#165 Warning
Non-clocked latch  
The latch design_1_i/AES_IP_TOP_0/inst/aes_core/NEXT_KEY_reg[1][17] cannot be properly analyzed as its control pin design_1_i/AES_IP_TOP_0/inst/aes_core/NEXT_KEY_reg[1][17]/G is not reached by a timing clock
Related violations: <none>

TIMING-20#166 Warning
Non-clocked latch  
The latch design_1_i/AES_IP_TOP_0/inst/aes_core/NEXT_KEY_reg[1][18] cannot be properly analyzed as its control pin design_1_i/AES_IP_TOP_0/inst/aes_core/NEXT_KEY_reg[1][18]/G is not reached by a timing clock
Related violations: <none>

TIMING-20#167 Warning
Non-clocked latch  
The latch design_1_i/AES_IP_TOP_0/inst/aes_core/NEXT_KEY_reg[1][19] cannot be properly analyzed as its control pin design_1_i/AES_IP_TOP_0/inst/aes_core/NEXT_KEY_reg[1][19]/G is not reached by a timing clock
Related violations: <none>

TIMING-20#168 Warning
Non-clocked latch  
The latch design_1_i/AES_IP_TOP_0/inst/aes_core/NEXT_KEY_reg[1][1] cannot be properly analyzed as its control pin design_1_i/AES_IP_TOP_0/inst/aes_core/NEXT_KEY_reg[1][1]/G is not reached by a timing clock
Related violations: <none>

TIMING-20#169 Warning
Non-clocked latch  
The latch design_1_i/AES_IP_TOP_0/inst/aes_core/NEXT_KEY_reg[1][20] cannot be properly analyzed as its control pin design_1_i/AES_IP_TOP_0/inst/aes_core/NEXT_KEY_reg[1][20]/G is not reached by a timing clock
Related violations: <none>

TIMING-20#170 Warning
Non-clocked latch  
The latch design_1_i/AES_IP_TOP_0/inst/aes_core/NEXT_KEY_reg[1][21] cannot be properly analyzed as its control pin design_1_i/AES_IP_TOP_0/inst/aes_core/NEXT_KEY_reg[1][21]/G is not reached by a timing clock
Related violations: <none>

TIMING-20#171 Warning
Non-clocked latch  
The latch design_1_i/AES_IP_TOP_0/inst/aes_core/NEXT_KEY_reg[1][22] cannot be properly analyzed as its control pin design_1_i/AES_IP_TOP_0/inst/aes_core/NEXT_KEY_reg[1][22]/G is not reached by a timing clock
Related violations: <none>

TIMING-20#172 Warning
Non-clocked latch  
The latch design_1_i/AES_IP_TOP_0/inst/aes_core/NEXT_KEY_reg[1][23] cannot be properly analyzed as its control pin design_1_i/AES_IP_TOP_0/inst/aes_core/NEXT_KEY_reg[1][23]/G is not reached by a timing clock
Related violations: <none>

TIMING-20#173 Warning
Non-clocked latch  
The latch design_1_i/AES_IP_TOP_0/inst/aes_core/NEXT_KEY_reg[1][24] cannot be properly analyzed as its control pin design_1_i/AES_IP_TOP_0/inst/aes_core/NEXT_KEY_reg[1][24]/G is not reached by a timing clock
Related violations: <none>

TIMING-20#174 Warning
Non-clocked latch  
The latch design_1_i/AES_IP_TOP_0/inst/aes_core/NEXT_KEY_reg[1][25] cannot be properly analyzed as its control pin design_1_i/AES_IP_TOP_0/inst/aes_core/NEXT_KEY_reg[1][25]/G is not reached by a timing clock
Related violations: <none>

TIMING-20#175 Warning
Non-clocked latch  
The latch design_1_i/AES_IP_TOP_0/inst/aes_core/NEXT_KEY_reg[1][26] cannot be properly analyzed as its control pin design_1_i/AES_IP_TOP_0/inst/aes_core/NEXT_KEY_reg[1][26]/G is not reached by a timing clock
Related violations: <none>

TIMING-20#176 Warning
Non-clocked latch  
The latch design_1_i/AES_IP_TOP_0/inst/aes_core/NEXT_KEY_reg[1][27] cannot be properly analyzed as its control pin design_1_i/AES_IP_TOP_0/inst/aes_core/NEXT_KEY_reg[1][27]/G is not reached by a timing clock
Related violations: <none>

TIMING-20#177 Warning
Non-clocked latch  
The latch design_1_i/AES_IP_TOP_0/inst/aes_core/NEXT_KEY_reg[1][28] cannot be properly analyzed as its control pin design_1_i/AES_IP_TOP_0/inst/aes_core/NEXT_KEY_reg[1][28]/G is not reached by a timing clock
Related violations: <none>

TIMING-20#178 Warning
Non-clocked latch  
The latch design_1_i/AES_IP_TOP_0/inst/aes_core/NEXT_KEY_reg[1][29] cannot be properly analyzed as its control pin design_1_i/AES_IP_TOP_0/inst/aes_core/NEXT_KEY_reg[1][29]/G is not reached by a timing clock
Related violations: <none>

TIMING-20#179 Warning
Non-clocked latch  
The latch design_1_i/AES_IP_TOP_0/inst/aes_core/NEXT_KEY_reg[1][2] cannot be properly analyzed as its control pin design_1_i/AES_IP_TOP_0/inst/aes_core/NEXT_KEY_reg[1][2]/G is not reached by a timing clock
Related violations: <none>

TIMING-20#180 Warning
Non-clocked latch  
The latch design_1_i/AES_IP_TOP_0/inst/aes_core/NEXT_KEY_reg[1][30] cannot be properly analyzed as its control pin design_1_i/AES_IP_TOP_0/inst/aes_core/NEXT_KEY_reg[1][30]/G is not reached by a timing clock
Related violations: <none>

TIMING-20#181 Warning
Non-clocked latch  
The latch design_1_i/AES_IP_TOP_0/inst/aes_core/NEXT_KEY_reg[1][31] cannot be properly analyzed as its control pin design_1_i/AES_IP_TOP_0/inst/aes_core/NEXT_KEY_reg[1][31]/G is not reached by a timing clock
Related violations: <none>

TIMING-20#182 Warning
Non-clocked latch  
The latch design_1_i/AES_IP_TOP_0/inst/aes_core/NEXT_KEY_reg[1][32] cannot be properly analyzed as its control pin design_1_i/AES_IP_TOP_0/inst/aes_core/NEXT_KEY_reg[1][32]/G is not reached by a timing clock
Related violations: <none>

TIMING-20#183 Warning
Non-clocked latch  
The latch design_1_i/AES_IP_TOP_0/inst/aes_core/NEXT_KEY_reg[1][33] cannot be properly analyzed as its control pin design_1_i/AES_IP_TOP_0/inst/aes_core/NEXT_KEY_reg[1][33]/G is not reached by a timing clock
Related violations: <none>

TIMING-20#184 Warning
Non-clocked latch  
The latch design_1_i/AES_IP_TOP_0/inst/aes_core/NEXT_KEY_reg[1][34] cannot be properly analyzed as its control pin design_1_i/AES_IP_TOP_0/inst/aes_core/NEXT_KEY_reg[1][34]/G is not reached by a timing clock
Related violations: <none>

TIMING-20#185 Warning
Non-clocked latch  
The latch design_1_i/AES_IP_TOP_0/inst/aes_core/NEXT_KEY_reg[1][35] cannot be properly analyzed as its control pin design_1_i/AES_IP_TOP_0/inst/aes_core/NEXT_KEY_reg[1][35]/G is not reached by a timing clock
Related violations: <none>

TIMING-20#186 Warning
Non-clocked latch  
The latch design_1_i/AES_IP_TOP_0/inst/aes_core/NEXT_KEY_reg[1][36] cannot be properly analyzed as its control pin design_1_i/AES_IP_TOP_0/inst/aes_core/NEXT_KEY_reg[1][36]/G is not reached by a timing clock
Related violations: <none>

TIMING-20#187 Warning
Non-clocked latch  
The latch design_1_i/AES_IP_TOP_0/inst/aes_core/NEXT_KEY_reg[1][37] cannot be properly analyzed as its control pin design_1_i/AES_IP_TOP_0/inst/aes_core/NEXT_KEY_reg[1][37]/G is not reached by a timing clock
Related violations: <none>

TIMING-20#188 Warning
Non-clocked latch  
The latch design_1_i/AES_IP_TOP_0/inst/aes_core/NEXT_KEY_reg[1][38] cannot be properly analyzed as its control pin design_1_i/AES_IP_TOP_0/inst/aes_core/NEXT_KEY_reg[1][38]/G is not reached by a timing clock
Related violations: <none>

TIMING-20#189 Warning
Non-clocked latch  
The latch design_1_i/AES_IP_TOP_0/inst/aes_core/NEXT_KEY_reg[1][39] cannot be properly analyzed as its control pin design_1_i/AES_IP_TOP_0/inst/aes_core/NEXT_KEY_reg[1][39]/G is not reached by a timing clock
Related violations: <none>

TIMING-20#190 Warning
Non-clocked latch  
The latch design_1_i/AES_IP_TOP_0/inst/aes_core/NEXT_KEY_reg[1][3] cannot be properly analyzed as its control pin design_1_i/AES_IP_TOP_0/inst/aes_core/NEXT_KEY_reg[1][3]/G is not reached by a timing clock
Related violations: <none>

TIMING-20#191 Warning
Non-clocked latch  
The latch design_1_i/AES_IP_TOP_0/inst/aes_core/NEXT_KEY_reg[1][40] cannot be properly analyzed as its control pin design_1_i/AES_IP_TOP_0/inst/aes_core/NEXT_KEY_reg[1][40]/G is not reached by a timing clock
Related violations: <none>

TIMING-20#192 Warning
Non-clocked latch  
The latch design_1_i/AES_IP_TOP_0/inst/aes_core/NEXT_KEY_reg[1][41] cannot be properly analyzed as its control pin design_1_i/AES_IP_TOP_0/inst/aes_core/NEXT_KEY_reg[1][41]/G is not reached by a timing clock
Related violations: <none>

TIMING-20#193 Warning
Non-clocked latch  
The latch design_1_i/AES_IP_TOP_0/inst/aes_core/NEXT_KEY_reg[1][42] cannot be properly analyzed as its control pin design_1_i/AES_IP_TOP_0/inst/aes_core/NEXT_KEY_reg[1][42]/G is not reached by a timing clock
Related violations: <none>

TIMING-20#194 Warning
Non-clocked latch  
The latch design_1_i/AES_IP_TOP_0/inst/aes_core/NEXT_KEY_reg[1][43] cannot be properly analyzed as its control pin design_1_i/AES_IP_TOP_0/inst/aes_core/NEXT_KEY_reg[1][43]/G is not reached by a timing clock
Related violations: <none>

TIMING-20#195 Warning
Non-clocked latch  
The latch design_1_i/AES_IP_TOP_0/inst/aes_core/NEXT_KEY_reg[1][44] cannot be properly analyzed as its control pin design_1_i/AES_IP_TOP_0/inst/aes_core/NEXT_KEY_reg[1][44]/G is not reached by a timing clock
Related violations: <none>

TIMING-20#196 Warning
Non-clocked latch  
The latch design_1_i/AES_IP_TOP_0/inst/aes_core/NEXT_KEY_reg[1][45] cannot be properly analyzed as its control pin design_1_i/AES_IP_TOP_0/inst/aes_core/NEXT_KEY_reg[1][45]/G is not reached by a timing clock
Related violations: <none>

TIMING-20#197 Warning
Non-clocked latch  
The latch design_1_i/AES_IP_TOP_0/inst/aes_core/NEXT_KEY_reg[1][46] cannot be properly analyzed as its control pin design_1_i/AES_IP_TOP_0/inst/aes_core/NEXT_KEY_reg[1][46]/G is not reached by a timing clock
Related violations: <none>

TIMING-20#198 Warning
Non-clocked latch  
The latch design_1_i/AES_IP_TOP_0/inst/aes_core/NEXT_KEY_reg[1][47] cannot be properly analyzed as its control pin design_1_i/AES_IP_TOP_0/inst/aes_core/NEXT_KEY_reg[1][47]/G is not reached by a timing clock
Related violations: <none>

TIMING-20#199 Warning
Non-clocked latch  
The latch design_1_i/AES_IP_TOP_0/inst/aes_core/NEXT_KEY_reg[1][48] cannot be properly analyzed as its control pin design_1_i/AES_IP_TOP_0/inst/aes_core/NEXT_KEY_reg[1][48]/G is not reached by a timing clock
Related violations: <none>

TIMING-20#200 Warning
Non-clocked latch  
The latch design_1_i/AES_IP_TOP_0/inst/aes_core/NEXT_KEY_reg[1][49] cannot be properly analyzed as its control pin design_1_i/AES_IP_TOP_0/inst/aes_core/NEXT_KEY_reg[1][49]/G is not reached by a timing clock
Related violations: <none>

TIMING-20#201 Warning
Non-clocked latch  
The latch design_1_i/AES_IP_TOP_0/inst/aes_core/NEXT_KEY_reg[1][4] cannot be properly analyzed as its control pin design_1_i/AES_IP_TOP_0/inst/aes_core/NEXT_KEY_reg[1][4]/G is not reached by a timing clock
Related violations: <none>

TIMING-20#202 Warning
Non-clocked latch  
The latch design_1_i/AES_IP_TOP_0/inst/aes_core/NEXT_KEY_reg[1][50] cannot be properly analyzed as its control pin design_1_i/AES_IP_TOP_0/inst/aes_core/NEXT_KEY_reg[1][50]/G is not reached by a timing clock
Related violations: <none>

TIMING-20#203 Warning
Non-clocked latch  
The latch design_1_i/AES_IP_TOP_0/inst/aes_core/NEXT_KEY_reg[1][51] cannot be properly analyzed as its control pin design_1_i/AES_IP_TOP_0/inst/aes_core/NEXT_KEY_reg[1][51]/G is not reached by a timing clock
Related violations: <none>

TIMING-20#204 Warning
Non-clocked latch  
The latch design_1_i/AES_IP_TOP_0/inst/aes_core/NEXT_KEY_reg[1][52] cannot be properly analyzed as its control pin design_1_i/AES_IP_TOP_0/inst/aes_core/NEXT_KEY_reg[1][52]/G is not reached by a timing clock
Related violations: <none>

TIMING-20#205 Warning
Non-clocked latch  
The latch design_1_i/AES_IP_TOP_0/inst/aes_core/NEXT_KEY_reg[1][53] cannot be properly analyzed as its control pin design_1_i/AES_IP_TOP_0/inst/aes_core/NEXT_KEY_reg[1][53]/G is not reached by a timing clock
Related violations: <none>

TIMING-20#206 Warning
Non-clocked latch  
The latch design_1_i/AES_IP_TOP_0/inst/aes_core/NEXT_KEY_reg[1][54] cannot be properly analyzed as its control pin design_1_i/AES_IP_TOP_0/inst/aes_core/NEXT_KEY_reg[1][54]/G is not reached by a timing clock
Related violations: <none>

TIMING-20#207 Warning
Non-clocked latch  
The latch design_1_i/AES_IP_TOP_0/inst/aes_core/NEXT_KEY_reg[1][55] cannot be properly analyzed as its control pin design_1_i/AES_IP_TOP_0/inst/aes_core/NEXT_KEY_reg[1][55]/G is not reached by a timing clock
Related violations: <none>

TIMING-20#208 Warning
Non-clocked latch  
The latch design_1_i/AES_IP_TOP_0/inst/aes_core/NEXT_KEY_reg[1][56] cannot be properly analyzed as its control pin design_1_i/AES_IP_TOP_0/inst/aes_core/NEXT_KEY_reg[1][56]/G is not reached by a timing clock
Related violations: <none>

TIMING-20#209 Warning
Non-clocked latch  
The latch design_1_i/AES_IP_TOP_0/inst/aes_core/NEXT_KEY_reg[1][57] cannot be properly analyzed as its control pin design_1_i/AES_IP_TOP_0/inst/aes_core/NEXT_KEY_reg[1][57]/G is not reached by a timing clock
Related violations: <none>

TIMING-20#210 Warning
Non-clocked latch  
The latch design_1_i/AES_IP_TOP_0/inst/aes_core/NEXT_KEY_reg[1][58] cannot be properly analyzed as its control pin design_1_i/AES_IP_TOP_0/inst/aes_core/NEXT_KEY_reg[1][58]/G is not reached by a timing clock
Related violations: <none>

TIMING-20#211 Warning
Non-clocked latch  
The latch design_1_i/AES_IP_TOP_0/inst/aes_core/NEXT_KEY_reg[1][59] cannot be properly analyzed as its control pin design_1_i/AES_IP_TOP_0/inst/aes_core/NEXT_KEY_reg[1][59]/G is not reached by a timing clock
Related violations: <none>

TIMING-20#212 Warning
Non-clocked latch  
The latch design_1_i/AES_IP_TOP_0/inst/aes_core/NEXT_KEY_reg[1][5] cannot be properly analyzed as its control pin design_1_i/AES_IP_TOP_0/inst/aes_core/NEXT_KEY_reg[1][5]/G is not reached by a timing clock
Related violations: <none>

TIMING-20#213 Warning
Non-clocked latch  
The latch design_1_i/AES_IP_TOP_0/inst/aes_core/NEXT_KEY_reg[1][60] cannot be properly analyzed as its control pin design_1_i/AES_IP_TOP_0/inst/aes_core/NEXT_KEY_reg[1][60]/G is not reached by a timing clock
Related violations: <none>

TIMING-20#214 Warning
Non-clocked latch  
The latch design_1_i/AES_IP_TOP_0/inst/aes_core/NEXT_KEY_reg[1][61] cannot be properly analyzed as its control pin design_1_i/AES_IP_TOP_0/inst/aes_core/NEXT_KEY_reg[1][61]/G is not reached by a timing clock
Related violations: <none>

TIMING-20#215 Warning
Non-clocked latch  
The latch design_1_i/AES_IP_TOP_0/inst/aes_core/NEXT_KEY_reg[1][62] cannot be properly analyzed as its control pin design_1_i/AES_IP_TOP_0/inst/aes_core/NEXT_KEY_reg[1][62]/G is not reached by a timing clock
Related violations: <none>

TIMING-20#216 Warning
Non-clocked latch  
The latch design_1_i/AES_IP_TOP_0/inst/aes_core/NEXT_KEY_reg[1][63] cannot be properly analyzed as its control pin design_1_i/AES_IP_TOP_0/inst/aes_core/NEXT_KEY_reg[1][63]/G is not reached by a timing clock
Related violations: <none>

TIMING-20#217 Warning
Non-clocked latch  
The latch design_1_i/AES_IP_TOP_0/inst/aes_core/NEXT_KEY_reg[1][64] cannot be properly analyzed as its control pin design_1_i/AES_IP_TOP_0/inst/aes_core/NEXT_KEY_reg[1][64]/G is not reached by a timing clock
Related violations: <none>

TIMING-20#218 Warning
Non-clocked latch  
The latch design_1_i/AES_IP_TOP_0/inst/aes_core/NEXT_KEY_reg[1][65] cannot be properly analyzed as its control pin design_1_i/AES_IP_TOP_0/inst/aes_core/NEXT_KEY_reg[1][65]/G is not reached by a timing clock
Related violations: <none>

TIMING-20#219 Warning
Non-clocked latch  
The latch design_1_i/AES_IP_TOP_0/inst/aes_core/NEXT_KEY_reg[1][66] cannot be properly analyzed as its control pin design_1_i/AES_IP_TOP_0/inst/aes_core/NEXT_KEY_reg[1][66]/G is not reached by a timing clock
Related violations: <none>

TIMING-20#220 Warning
Non-clocked latch  
The latch design_1_i/AES_IP_TOP_0/inst/aes_core/NEXT_KEY_reg[1][67] cannot be properly analyzed as its control pin design_1_i/AES_IP_TOP_0/inst/aes_core/NEXT_KEY_reg[1][67]/G is not reached by a timing clock
Related violations: <none>

TIMING-20#221 Warning
Non-clocked latch  
The latch design_1_i/AES_IP_TOP_0/inst/aes_core/NEXT_KEY_reg[1][68] cannot be properly analyzed as its control pin design_1_i/AES_IP_TOP_0/inst/aes_core/NEXT_KEY_reg[1][68]/G is not reached by a timing clock
Related violations: <none>

TIMING-20#222 Warning
Non-clocked latch  
The latch design_1_i/AES_IP_TOP_0/inst/aes_core/NEXT_KEY_reg[1][69] cannot be properly analyzed as its control pin design_1_i/AES_IP_TOP_0/inst/aes_core/NEXT_KEY_reg[1][69]/G is not reached by a timing clock
Related violations: <none>

TIMING-20#223 Warning
Non-clocked latch  
The latch design_1_i/AES_IP_TOP_0/inst/aes_core/NEXT_KEY_reg[1][6] cannot be properly analyzed as its control pin design_1_i/AES_IP_TOP_0/inst/aes_core/NEXT_KEY_reg[1][6]/G is not reached by a timing clock
Related violations: <none>

TIMING-20#224 Warning
Non-clocked latch  
The latch design_1_i/AES_IP_TOP_0/inst/aes_core/NEXT_KEY_reg[1][70] cannot be properly analyzed as its control pin design_1_i/AES_IP_TOP_0/inst/aes_core/NEXT_KEY_reg[1][70]/G is not reached by a timing clock
Related violations: <none>

TIMING-20#225 Warning
Non-clocked latch  
The latch design_1_i/AES_IP_TOP_0/inst/aes_core/NEXT_KEY_reg[1][71] cannot be properly analyzed as its control pin design_1_i/AES_IP_TOP_0/inst/aes_core/NEXT_KEY_reg[1][71]/G is not reached by a timing clock
Related violations: <none>

TIMING-20#226 Warning
Non-clocked latch  
The latch design_1_i/AES_IP_TOP_0/inst/aes_core/NEXT_KEY_reg[1][72] cannot be properly analyzed as its control pin design_1_i/AES_IP_TOP_0/inst/aes_core/NEXT_KEY_reg[1][72]/G is not reached by a timing clock
Related violations: <none>

TIMING-20#227 Warning
Non-clocked latch  
The latch design_1_i/AES_IP_TOP_0/inst/aes_core/NEXT_KEY_reg[1][73] cannot be properly analyzed as its control pin design_1_i/AES_IP_TOP_0/inst/aes_core/NEXT_KEY_reg[1][73]/G is not reached by a timing clock
Related violations: <none>

TIMING-20#228 Warning
Non-clocked latch  
The latch design_1_i/AES_IP_TOP_0/inst/aes_core/NEXT_KEY_reg[1][74] cannot be properly analyzed as its control pin design_1_i/AES_IP_TOP_0/inst/aes_core/NEXT_KEY_reg[1][74]/G is not reached by a timing clock
Related violations: <none>

TIMING-20#229 Warning
Non-clocked latch  
The latch design_1_i/AES_IP_TOP_0/inst/aes_core/NEXT_KEY_reg[1][75] cannot be properly analyzed as its control pin design_1_i/AES_IP_TOP_0/inst/aes_core/NEXT_KEY_reg[1][75]/G is not reached by a timing clock
Related violations: <none>

TIMING-20#230 Warning
Non-clocked latch  
The latch design_1_i/AES_IP_TOP_0/inst/aes_core/NEXT_KEY_reg[1][76] cannot be properly analyzed as its control pin design_1_i/AES_IP_TOP_0/inst/aes_core/NEXT_KEY_reg[1][76]/G is not reached by a timing clock
Related violations: <none>

TIMING-20#231 Warning
Non-clocked latch  
The latch design_1_i/AES_IP_TOP_0/inst/aes_core/NEXT_KEY_reg[1][77] cannot be properly analyzed as its control pin design_1_i/AES_IP_TOP_0/inst/aes_core/NEXT_KEY_reg[1][77]/G is not reached by a timing clock
Related violations: <none>

TIMING-20#232 Warning
Non-clocked latch  
The latch design_1_i/AES_IP_TOP_0/inst/aes_core/NEXT_KEY_reg[1][78] cannot be properly analyzed as its control pin design_1_i/AES_IP_TOP_0/inst/aes_core/NEXT_KEY_reg[1][78]/G is not reached by a timing clock
Related violations: <none>

TIMING-20#233 Warning
Non-clocked latch  
The latch design_1_i/AES_IP_TOP_0/inst/aes_core/NEXT_KEY_reg[1][79] cannot be properly analyzed as its control pin design_1_i/AES_IP_TOP_0/inst/aes_core/NEXT_KEY_reg[1][79]/G is not reached by a timing clock
Related violations: <none>

TIMING-20#234 Warning
Non-clocked latch  
The latch design_1_i/AES_IP_TOP_0/inst/aes_core/NEXT_KEY_reg[1][7] cannot be properly analyzed as its control pin design_1_i/AES_IP_TOP_0/inst/aes_core/NEXT_KEY_reg[1][7]/G is not reached by a timing clock
Related violations: <none>

TIMING-20#235 Warning
Non-clocked latch  
The latch design_1_i/AES_IP_TOP_0/inst/aes_core/NEXT_KEY_reg[1][80] cannot be properly analyzed as its control pin design_1_i/AES_IP_TOP_0/inst/aes_core/NEXT_KEY_reg[1][80]/G is not reached by a timing clock
Related violations: <none>

TIMING-20#236 Warning
Non-clocked latch  
The latch design_1_i/AES_IP_TOP_0/inst/aes_core/NEXT_KEY_reg[1][81] cannot be properly analyzed as its control pin design_1_i/AES_IP_TOP_0/inst/aes_core/NEXT_KEY_reg[1][81]/G is not reached by a timing clock
Related violations: <none>

TIMING-20#237 Warning
Non-clocked latch  
The latch design_1_i/AES_IP_TOP_0/inst/aes_core/NEXT_KEY_reg[1][82] cannot be properly analyzed as its control pin design_1_i/AES_IP_TOP_0/inst/aes_core/NEXT_KEY_reg[1][82]/G is not reached by a timing clock
Related violations: <none>

TIMING-20#238 Warning
Non-clocked latch  
The latch design_1_i/AES_IP_TOP_0/inst/aes_core/NEXT_KEY_reg[1][83] cannot be properly analyzed as its control pin design_1_i/AES_IP_TOP_0/inst/aes_core/NEXT_KEY_reg[1][83]/G is not reached by a timing clock
Related violations: <none>

TIMING-20#239 Warning
Non-clocked latch  
The latch design_1_i/AES_IP_TOP_0/inst/aes_core/NEXT_KEY_reg[1][84] cannot be properly analyzed as its control pin design_1_i/AES_IP_TOP_0/inst/aes_core/NEXT_KEY_reg[1][84]/G is not reached by a timing clock
Related violations: <none>

TIMING-20#240 Warning
Non-clocked latch  
The latch design_1_i/AES_IP_TOP_0/inst/aes_core/NEXT_KEY_reg[1][85] cannot be properly analyzed as its control pin design_1_i/AES_IP_TOP_0/inst/aes_core/NEXT_KEY_reg[1][85]/G is not reached by a timing clock
Related violations: <none>

TIMING-20#241 Warning
Non-clocked latch  
The latch design_1_i/AES_IP_TOP_0/inst/aes_core/NEXT_KEY_reg[1][86] cannot be properly analyzed as its control pin design_1_i/AES_IP_TOP_0/inst/aes_core/NEXT_KEY_reg[1][86]/G is not reached by a timing clock
Related violations: <none>

TIMING-20#242 Warning
Non-clocked latch  
The latch design_1_i/AES_IP_TOP_0/inst/aes_core/NEXT_KEY_reg[1][87] cannot be properly analyzed as its control pin design_1_i/AES_IP_TOP_0/inst/aes_core/NEXT_KEY_reg[1][87]/G is not reached by a timing clock
Related violations: <none>

TIMING-20#243 Warning
Non-clocked latch  
The latch design_1_i/AES_IP_TOP_0/inst/aes_core/NEXT_KEY_reg[1][88] cannot be properly analyzed as its control pin design_1_i/AES_IP_TOP_0/inst/aes_core/NEXT_KEY_reg[1][88]/G is not reached by a timing clock
Related violations: <none>

TIMING-20#244 Warning
Non-clocked latch  
The latch design_1_i/AES_IP_TOP_0/inst/aes_core/NEXT_KEY_reg[1][89] cannot be properly analyzed as its control pin design_1_i/AES_IP_TOP_0/inst/aes_core/NEXT_KEY_reg[1][89]/G is not reached by a timing clock
Related violations: <none>

TIMING-20#245 Warning
Non-clocked latch  
The latch design_1_i/AES_IP_TOP_0/inst/aes_core/NEXT_KEY_reg[1][8] cannot be properly analyzed as its control pin design_1_i/AES_IP_TOP_0/inst/aes_core/NEXT_KEY_reg[1][8]/G is not reached by a timing clock
Related violations: <none>

TIMING-20#246 Warning
Non-clocked latch  
The latch design_1_i/AES_IP_TOP_0/inst/aes_core/NEXT_KEY_reg[1][90] cannot be properly analyzed as its control pin design_1_i/AES_IP_TOP_0/inst/aes_core/NEXT_KEY_reg[1][90]/G is not reached by a timing clock
Related violations: <none>

TIMING-20#247 Warning
Non-clocked latch  
The latch design_1_i/AES_IP_TOP_0/inst/aes_core/NEXT_KEY_reg[1][91] cannot be properly analyzed as its control pin design_1_i/AES_IP_TOP_0/inst/aes_core/NEXT_KEY_reg[1][91]/G is not reached by a timing clock
Related violations: <none>

TIMING-20#248 Warning
Non-clocked latch  
The latch design_1_i/AES_IP_TOP_0/inst/aes_core/NEXT_KEY_reg[1][92] cannot be properly analyzed as its control pin design_1_i/AES_IP_TOP_0/inst/aes_core/NEXT_KEY_reg[1][92]/G is not reached by a timing clock
Related violations: <none>

TIMING-20#249 Warning
Non-clocked latch  
The latch design_1_i/AES_IP_TOP_0/inst/aes_core/NEXT_KEY_reg[1][93] cannot be properly analyzed as its control pin design_1_i/AES_IP_TOP_0/inst/aes_core/NEXT_KEY_reg[1][93]/G is not reached by a timing clock
Related violations: <none>

TIMING-20#250 Warning
Non-clocked latch  
The latch design_1_i/AES_IP_TOP_0/inst/aes_core/NEXT_KEY_reg[1][94] cannot be properly analyzed as its control pin design_1_i/AES_IP_TOP_0/inst/aes_core/NEXT_KEY_reg[1][94]/G is not reached by a timing clock
Related violations: <none>

TIMING-20#251 Warning
Non-clocked latch  
The latch design_1_i/AES_IP_TOP_0/inst/aes_core/NEXT_KEY_reg[1][95] cannot be properly analyzed as its control pin design_1_i/AES_IP_TOP_0/inst/aes_core/NEXT_KEY_reg[1][95]/G is not reached by a timing clock
Related violations: <none>

TIMING-20#252 Warning
Non-clocked latch  
The latch design_1_i/AES_IP_TOP_0/inst/aes_core/NEXT_KEY_reg[1][96] cannot be properly analyzed as its control pin design_1_i/AES_IP_TOP_0/inst/aes_core/NEXT_KEY_reg[1][96]/G is not reached by a timing clock
Related violations: <none>

TIMING-20#253 Warning
Non-clocked latch  
The latch design_1_i/AES_IP_TOP_0/inst/aes_core/NEXT_KEY_reg[1][97] cannot be properly analyzed as its control pin design_1_i/AES_IP_TOP_0/inst/aes_core/NEXT_KEY_reg[1][97]/G is not reached by a timing clock
Related violations: <none>

TIMING-20#254 Warning
Non-clocked latch  
The latch design_1_i/AES_IP_TOP_0/inst/aes_core/NEXT_KEY_reg[1][98] cannot be properly analyzed as its control pin design_1_i/AES_IP_TOP_0/inst/aes_core/NEXT_KEY_reg[1][98]/G is not reached by a timing clock
Related violations: <none>

TIMING-20#255 Warning
Non-clocked latch  
The latch design_1_i/AES_IP_TOP_0/inst/aes_core/NEXT_KEY_reg[1][99] cannot be properly analyzed as its control pin design_1_i/AES_IP_TOP_0/inst/aes_core/NEXT_KEY_reg[1][99]/G is not reached by a timing clock
Related violations: <none>

TIMING-20#256 Warning
Non-clocked latch  
The latch design_1_i/AES_IP_TOP_0/inst/aes_core/NEXT_KEY_reg[1][9] cannot be properly analyzed as its control pin design_1_i/AES_IP_TOP_0/inst/aes_core/NEXT_KEY_reg[1][9]/G is not reached by a timing clock
Related violations: <none>

TIMING-20#257 Warning
Non-clocked latch  
The latch design_1_i/AES_IP_TOP_0/inst/aes_core/NEXT_KEY_reg[2][0] cannot be properly analyzed as its control pin design_1_i/AES_IP_TOP_0/inst/aes_core/NEXT_KEY_reg[2][0]/G is not reached by a timing clock
Related violations: <none>

TIMING-20#258 Warning
Non-clocked latch  
The latch design_1_i/AES_IP_TOP_0/inst/aes_core/NEXT_KEY_reg[2][100] cannot be properly analyzed as its control pin design_1_i/AES_IP_TOP_0/inst/aes_core/NEXT_KEY_reg[2][100]/G is not reached by a timing clock
Related violations: <none>

TIMING-20#259 Warning
Non-clocked latch  
The latch design_1_i/AES_IP_TOP_0/inst/aes_core/NEXT_KEY_reg[2][101] cannot be properly analyzed as its control pin design_1_i/AES_IP_TOP_0/inst/aes_core/NEXT_KEY_reg[2][101]/G is not reached by a timing clock
Related violations: <none>

TIMING-20#260 Warning
Non-clocked latch  
The latch design_1_i/AES_IP_TOP_0/inst/aes_core/NEXT_KEY_reg[2][102] cannot be properly analyzed as its control pin design_1_i/AES_IP_TOP_0/inst/aes_core/NEXT_KEY_reg[2][102]/G is not reached by a timing clock
Related violations: <none>

TIMING-20#261 Warning
Non-clocked latch  
The latch design_1_i/AES_IP_TOP_0/inst/aes_core/NEXT_KEY_reg[2][103] cannot be properly analyzed as its control pin design_1_i/AES_IP_TOP_0/inst/aes_core/NEXT_KEY_reg[2][103]/G is not reached by a timing clock
Related violations: <none>

TIMING-20#262 Warning
Non-clocked latch  
The latch design_1_i/AES_IP_TOP_0/inst/aes_core/NEXT_KEY_reg[2][104] cannot be properly analyzed as its control pin design_1_i/AES_IP_TOP_0/inst/aes_core/NEXT_KEY_reg[2][104]/G is not reached by a timing clock
Related violations: <none>

TIMING-20#263 Warning
Non-clocked latch  
The latch design_1_i/AES_IP_TOP_0/inst/aes_core/NEXT_KEY_reg[2][105] cannot be properly analyzed as its control pin design_1_i/AES_IP_TOP_0/inst/aes_core/NEXT_KEY_reg[2][105]/G is not reached by a timing clock
Related violations: <none>

TIMING-20#264 Warning
Non-clocked latch  
The latch design_1_i/AES_IP_TOP_0/inst/aes_core/NEXT_KEY_reg[2][106] cannot be properly analyzed as its control pin design_1_i/AES_IP_TOP_0/inst/aes_core/NEXT_KEY_reg[2][106]/G is not reached by a timing clock
Related violations: <none>

TIMING-20#265 Warning
Non-clocked latch  
The latch design_1_i/AES_IP_TOP_0/inst/aes_core/NEXT_KEY_reg[2][107] cannot be properly analyzed as its control pin design_1_i/AES_IP_TOP_0/inst/aes_core/NEXT_KEY_reg[2][107]/G is not reached by a timing clock
Related violations: <none>

TIMING-20#266 Warning
Non-clocked latch  
The latch design_1_i/AES_IP_TOP_0/inst/aes_core/NEXT_KEY_reg[2][108] cannot be properly analyzed as its control pin design_1_i/AES_IP_TOP_0/inst/aes_core/NEXT_KEY_reg[2][108]/G is not reached by a timing clock
Related violations: <none>

TIMING-20#267 Warning
Non-clocked latch  
The latch design_1_i/AES_IP_TOP_0/inst/aes_core/NEXT_KEY_reg[2][109] cannot be properly analyzed as its control pin design_1_i/AES_IP_TOP_0/inst/aes_core/NEXT_KEY_reg[2][109]/G is not reached by a timing clock
Related violations: <none>

TIMING-20#268 Warning
Non-clocked latch  
The latch design_1_i/AES_IP_TOP_0/inst/aes_core/NEXT_KEY_reg[2][10] cannot be properly analyzed as its control pin design_1_i/AES_IP_TOP_0/inst/aes_core/NEXT_KEY_reg[2][10]/G is not reached by a timing clock
Related violations: <none>

TIMING-20#269 Warning
Non-clocked latch  
The latch design_1_i/AES_IP_TOP_0/inst/aes_core/NEXT_KEY_reg[2][110] cannot be properly analyzed as its control pin design_1_i/AES_IP_TOP_0/inst/aes_core/NEXT_KEY_reg[2][110]/G is not reached by a timing clock
Related violations: <none>

TIMING-20#270 Warning
Non-clocked latch  
The latch design_1_i/AES_IP_TOP_0/inst/aes_core/NEXT_KEY_reg[2][111] cannot be properly analyzed as its control pin design_1_i/AES_IP_TOP_0/inst/aes_core/NEXT_KEY_reg[2][111]/G is not reached by a timing clock
Related violations: <none>

TIMING-20#271 Warning
Non-clocked latch  
The latch design_1_i/AES_IP_TOP_0/inst/aes_core/NEXT_KEY_reg[2][112] cannot be properly analyzed as its control pin design_1_i/AES_IP_TOP_0/inst/aes_core/NEXT_KEY_reg[2][112]/G is not reached by a timing clock
Related violations: <none>

TIMING-20#272 Warning
Non-clocked latch  
The latch design_1_i/AES_IP_TOP_0/inst/aes_core/NEXT_KEY_reg[2][113] cannot be properly analyzed as its control pin design_1_i/AES_IP_TOP_0/inst/aes_core/NEXT_KEY_reg[2][113]/G is not reached by a timing clock
Related violations: <none>

TIMING-20#273 Warning
Non-clocked latch  
The latch design_1_i/AES_IP_TOP_0/inst/aes_core/NEXT_KEY_reg[2][114] cannot be properly analyzed as its control pin design_1_i/AES_IP_TOP_0/inst/aes_core/NEXT_KEY_reg[2][114]/G is not reached by a timing clock
Related violations: <none>

TIMING-20#274 Warning
Non-clocked latch  
The latch design_1_i/AES_IP_TOP_0/inst/aes_core/NEXT_KEY_reg[2][115] cannot be properly analyzed as its control pin design_1_i/AES_IP_TOP_0/inst/aes_core/NEXT_KEY_reg[2][115]/G is not reached by a timing clock
Related violations: <none>

TIMING-20#275 Warning
Non-clocked latch  
The latch design_1_i/AES_IP_TOP_0/inst/aes_core/NEXT_KEY_reg[2][116] cannot be properly analyzed as its control pin design_1_i/AES_IP_TOP_0/inst/aes_core/NEXT_KEY_reg[2][116]/G is not reached by a timing clock
Related violations: <none>

TIMING-20#276 Warning
Non-clocked latch  
The latch design_1_i/AES_IP_TOP_0/inst/aes_core/NEXT_KEY_reg[2][117] cannot be properly analyzed as its control pin design_1_i/AES_IP_TOP_0/inst/aes_core/NEXT_KEY_reg[2][117]/G is not reached by a timing clock
Related violations: <none>

TIMING-20#277 Warning
Non-clocked latch  
The latch design_1_i/AES_IP_TOP_0/inst/aes_core/NEXT_KEY_reg[2][118] cannot be properly analyzed as its control pin design_1_i/AES_IP_TOP_0/inst/aes_core/NEXT_KEY_reg[2][118]/G is not reached by a timing clock
Related violations: <none>

TIMING-20#278 Warning
Non-clocked latch  
The latch design_1_i/AES_IP_TOP_0/inst/aes_core/NEXT_KEY_reg[2][119] cannot be properly analyzed as its control pin design_1_i/AES_IP_TOP_0/inst/aes_core/NEXT_KEY_reg[2][119]/G is not reached by a timing clock
Related violations: <none>

TIMING-20#279 Warning
Non-clocked latch  
The latch design_1_i/AES_IP_TOP_0/inst/aes_core/NEXT_KEY_reg[2][11] cannot be properly analyzed as its control pin design_1_i/AES_IP_TOP_0/inst/aes_core/NEXT_KEY_reg[2][11]/G is not reached by a timing clock
Related violations: <none>

TIMING-20#280 Warning
Non-clocked latch  
The latch design_1_i/AES_IP_TOP_0/inst/aes_core/NEXT_KEY_reg[2][120] cannot be properly analyzed as its control pin design_1_i/AES_IP_TOP_0/inst/aes_core/NEXT_KEY_reg[2][120]/G is not reached by a timing clock
Related violations: <none>

TIMING-20#281 Warning
Non-clocked latch  
The latch design_1_i/AES_IP_TOP_0/inst/aes_core/NEXT_KEY_reg[2][121] cannot be properly analyzed as its control pin design_1_i/AES_IP_TOP_0/inst/aes_core/NEXT_KEY_reg[2][121]/G is not reached by a timing clock
Related violations: <none>

TIMING-20#282 Warning
Non-clocked latch  
The latch design_1_i/AES_IP_TOP_0/inst/aes_core/NEXT_KEY_reg[2][122] cannot be properly analyzed as its control pin design_1_i/AES_IP_TOP_0/inst/aes_core/NEXT_KEY_reg[2][122]/G is not reached by a timing clock
Related violations: <none>

TIMING-20#283 Warning
Non-clocked latch  
The latch design_1_i/AES_IP_TOP_0/inst/aes_core/NEXT_KEY_reg[2][123] cannot be properly analyzed as its control pin design_1_i/AES_IP_TOP_0/inst/aes_core/NEXT_KEY_reg[2][123]/G is not reached by a timing clock
Related violations: <none>

TIMING-20#284 Warning
Non-clocked latch  
The latch design_1_i/AES_IP_TOP_0/inst/aes_core/NEXT_KEY_reg[2][124] cannot be properly analyzed as its control pin design_1_i/AES_IP_TOP_0/inst/aes_core/NEXT_KEY_reg[2][124]/G is not reached by a timing clock
Related violations: <none>

TIMING-20#285 Warning
Non-clocked latch  
The latch design_1_i/AES_IP_TOP_0/inst/aes_core/NEXT_KEY_reg[2][125] cannot be properly analyzed as its control pin design_1_i/AES_IP_TOP_0/inst/aes_core/NEXT_KEY_reg[2][125]/G is not reached by a timing clock
Related violations: <none>

TIMING-20#286 Warning
Non-clocked latch  
The latch design_1_i/AES_IP_TOP_0/inst/aes_core/NEXT_KEY_reg[2][126] cannot be properly analyzed as its control pin design_1_i/AES_IP_TOP_0/inst/aes_core/NEXT_KEY_reg[2][126]/G is not reached by a timing clock
Related violations: <none>

TIMING-20#287 Warning
Non-clocked latch  
The latch design_1_i/AES_IP_TOP_0/inst/aes_core/NEXT_KEY_reg[2][127] cannot be properly analyzed as its control pin design_1_i/AES_IP_TOP_0/inst/aes_core/NEXT_KEY_reg[2][127]/G is not reached by a timing clock
Related violations: <none>

TIMING-20#288 Warning
Non-clocked latch  
The latch design_1_i/AES_IP_TOP_0/inst/aes_core/NEXT_KEY_reg[2][12] cannot be properly analyzed as its control pin design_1_i/AES_IP_TOP_0/inst/aes_core/NEXT_KEY_reg[2][12]/G is not reached by a timing clock
Related violations: <none>

TIMING-20#289 Warning
Non-clocked latch  
The latch design_1_i/AES_IP_TOP_0/inst/aes_core/NEXT_KEY_reg[2][13] cannot be properly analyzed as its control pin design_1_i/AES_IP_TOP_0/inst/aes_core/NEXT_KEY_reg[2][13]/G is not reached by a timing clock
Related violations: <none>

TIMING-20#290 Warning
Non-clocked latch  
The latch design_1_i/AES_IP_TOP_0/inst/aes_core/NEXT_KEY_reg[2][14] cannot be properly analyzed as its control pin design_1_i/AES_IP_TOP_0/inst/aes_core/NEXT_KEY_reg[2][14]/G is not reached by a timing clock
Related violations: <none>

TIMING-20#291 Warning
Non-clocked latch  
The latch design_1_i/AES_IP_TOP_0/inst/aes_core/NEXT_KEY_reg[2][15] cannot be properly analyzed as its control pin design_1_i/AES_IP_TOP_0/inst/aes_core/NEXT_KEY_reg[2][15]/G is not reached by a timing clock
Related violations: <none>

TIMING-20#292 Warning
Non-clocked latch  
The latch design_1_i/AES_IP_TOP_0/inst/aes_core/NEXT_KEY_reg[2][16] cannot be properly analyzed as its control pin design_1_i/AES_IP_TOP_0/inst/aes_core/NEXT_KEY_reg[2][16]/G is not reached by a timing clock
Related violations: <none>

TIMING-20#293 Warning
Non-clocked latch  
The latch design_1_i/AES_IP_TOP_0/inst/aes_core/NEXT_KEY_reg[2][17] cannot be properly analyzed as its control pin design_1_i/AES_IP_TOP_0/inst/aes_core/NEXT_KEY_reg[2][17]/G is not reached by a timing clock
Related violations: <none>

TIMING-20#294 Warning
Non-clocked latch  
The latch design_1_i/AES_IP_TOP_0/inst/aes_core/NEXT_KEY_reg[2][18] cannot be properly analyzed as its control pin design_1_i/AES_IP_TOP_0/inst/aes_core/NEXT_KEY_reg[2][18]/G is not reached by a timing clock
Related violations: <none>

TIMING-20#295 Warning
Non-clocked latch  
The latch design_1_i/AES_IP_TOP_0/inst/aes_core/NEXT_KEY_reg[2][19] cannot be properly analyzed as its control pin design_1_i/AES_IP_TOP_0/inst/aes_core/NEXT_KEY_reg[2][19]/G is not reached by a timing clock
Related violations: <none>

TIMING-20#296 Warning
Non-clocked latch  
The latch design_1_i/AES_IP_TOP_0/inst/aes_core/NEXT_KEY_reg[2][1] cannot be properly analyzed as its control pin design_1_i/AES_IP_TOP_0/inst/aes_core/NEXT_KEY_reg[2][1]/G is not reached by a timing clock
Related violations: <none>

TIMING-20#297 Warning
Non-clocked latch  
The latch design_1_i/AES_IP_TOP_0/inst/aes_core/NEXT_KEY_reg[2][20] cannot be properly analyzed as its control pin design_1_i/AES_IP_TOP_0/inst/aes_core/NEXT_KEY_reg[2][20]/G is not reached by a timing clock
Related violations: <none>

TIMING-20#298 Warning
Non-clocked latch  
The latch design_1_i/AES_IP_TOP_0/inst/aes_core/NEXT_KEY_reg[2][21] cannot be properly analyzed as its control pin design_1_i/AES_IP_TOP_0/inst/aes_core/NEXT_KEY_reg[2][21]/G is not reached by a timing clock
Related violations: <none>

TIMING-20#299 Warning
Non-clocked latch  
The latch design_1_i/AES_IP_TOP_0/inst/aes_core/NEXT_KEY_reg[2][22] cannot be properly analyzed as its control pin design_1_i/AES_IP_TOP_0/inst/aes_core/NEXT_KEY_reg[2][22]/G is not reached by a timing clock
Related violations: <none>

TIMING-20#300 Warning
Non-clocked latch  
The latch design_1_i/AES_IP_TOP_0/inst/aes_core/NEXT_KEY_reg[2][23] cannot be properly analyzed as its control pin design_1_i/AES_IP_TOP_0/inst/aes_core/NEXT_KEY_reg[2][23]/G is not reached by a timing clock
Related violations: <none>

TIMING-20#301 Warning
Non-clocked latch  
The latch design_1_i/AES_IP_TOP_0/inst/aes_core/NEXT_KEY_reg[2][24] cannot be properly analyzed as its control pin design_1_i/AES_IP_TOP_0/inst/aes_core/NEXT_KEY_reg[2][24]/G is not reached by a timing clock
Related violations: <none>

TIMING-20#302 Warning
Non-clocked latch  
The latch design_1_i/AES_IP_TOP_0/inst/aes_core/NEXT_KEY_reg[2][25] cannot be properly analyzed as its control pin design_1_i/AES_IP_TOP_0/inst/aes_core/NEXT_KEY_reg[2][25]/G is not reached by a timing clock
Related violations: <none>

TIMING-20#303 Warning
Non-clocked latch  
The latch design_1_i/AES_IP_TOP_0/inst/aes_core/NEXT_KEY_reg[2][26] cannot be properly analyzed as its control pin design_1_i/AES_IP_TOP_0/inst/aes_core/NEXT_KEY_reg[2][26]/G is not reached by a timing clock
Related violations: <none>

TIMING-20#304 Warning
Non-clocked latch  
The latch design_1_i/AES_IP_TOP_0/inst/aes_core/NEXT_KEY_reg[2][27] cannot be properly analyzed as its control pin design_1_i/AES_IP_TOP_0/inst/aes_core/NEXT_KEY_reg[2][27]/G is not reached by a timing clock
Related violations: <none>

TIMING-20#305 Warning
Non-clocked latch  
The latch design_1_i/AES_IP_TOP_0/inst/aes_core/NEXT_KEY_reg[2][28] cannot be properly analyzed as its control pin design_1_i/AES_IP_TOP_0/inst/aes_core/NEXT_KEY_reg[2][28]/G is not reached by a timing clock
Related violations: <none>

TIMING-20#306 Warning
Non-clocked latch  
The latch design_1_i/AES_IP_TOP_0/inst/aes_core/NEXT_KEY_reg[2][29] cannot be properly analyzed as its control pin design_1_i/AES_IP_TOP_0/inst/aes_core/NEXT_KEY_reg[2][29]/G is not reached by a timing clock
Related violations: <none>

TIMING-20#307 Warning
Non-clocked latch  
The latch design_1_i/AES_IP_TOP_0/inst/aes_core/NEXT_KEY_reg[2][2] cannot be properly analyzed as its control pin design_1_i/AES_IP_TOP_0/inst/aes_core/NEXT_KEY_reg[2][2]/G is not reached by a timing clock
Related violations: <none>

TIMING-20#308 Warning
Non-clocked latch  
The latch design_1_i/AES_IP_TOP_0/inst/aes_core/NEXT_KEY_reg[2][30] cannot be properly analyzed as its control pin design_1_i/AES_IP_TOP_0/inst/aes_core/NEXT_KEY_reg[2][30]/G is not reached by a timing clock
Related violations: <none>

TIMING-20#309 Warning
Non-clocked latch  
The latch design_1_i/AES_IP_TOP_0/inst/aes_core/NEXT_KEY_reg[2][31] cannot be properly analyzed as its control pin design_1_i/AES_IP_TOP_0/inst/aes_core/NEXT_KEY_reg[2][31]/G is not reached by a timing clock
Related violations: <none>

TIMING-20#310 Warning
Non-clocked latch  
The latch design_1_i/AES_IP_TOP_0/inst/aes_core/NEXT_KEY_reg[2][32] cannot be properly analyzed as its control pin design_1_i/AES_IP_TOP_0/inst/aes_core/NEXT_KEY_reg[2][32]/G is not reached by a timing clock
Related violations: <none>

TIMING-20#311 Warning
Non-clocked latch  
The latch design_1_i/AES_IP_TOP_0/inst/aes_core/NEXT_KEY_reg[2][33] cannot be properly analyzed as its control pin design_1_i/AES_IP_TOP_0/inst/aes_core/NEXT_KEY_reg[2][33]/G is not reached by a timing clock
Related violations: <none>

TIMING-20#312 Warning
Non-clocked latch  
The latch design_1_i/AES_IP_TOP_0/inst/aes_core/NEXT_KEY_reg[2][34] cannot be properly analyzed as its control pin design_1_i/AES_IP_TOP_0/inst/aes_core/NEXT_KEY_reg[2][34]/G is not reached by a timing clock
Related violations: <none>

TIMING-20#313 Warning
Non-clocked latch  
The latch design_1_i/AES_IP_TOP_0/inst/aes_core/NEXT_KEY_reg[2][35] cannot be properly analyzed as its control pin design_1_i/AES_IP_TOP_0/inst/aes_core/NEXT_KEY_reg[2][35]/G is not reached by a timing clock
Related violations: <none>

TIMING-20#314 Warning
Non-clocked latch  
The latch design_1_i/AES_IP_TOP_0/inst/aes_core/NEXT_KEY_reg[2][36] cannot be properly analyzed as its control pin design_1_i/AES_IP_TOP_0/inst/aes_core/NEXT_KEY_reg[2][36]/G is not reached by a timing clock
Related violations: <none>

TIMING-20#315 Warning
Non-clocked latch  
The latch design_1_i/AES_IP_TOP_0/inst/aes_core/NEXT_KEY_reg[2][37] cannot be properly analyzed as its control pin design_1_i/AES_IP_TOP_0/inst/aes_core/NEXT_KEY_reg[2][37]/G is not reached by a timing clock
Related violations: <none>

TIMING-20#316 Warning
Non-clocked latch  
The latch design_1_i/AES_IP_TOP_0/inst/aes_core/NEXT_KEY_reg[2][38] cannot be properly analyzed as its control pin design_1_i/AES_IP_TOP_0/inst/aes_core/NEXT_KEY_reg[2][38]/G is not reached by a timing clock
Related violations: <none>

TIMING-20#317 Warning
Non-clocked latch  
The latch design_1_i/AES_IP_TOP_0/inst/aes_core/NEXT_KEY_reg[2][39] cannot be properly analyzed as its control pin design_1_i/AES_IP_TOP_0/inst/aes_core/NEXT_KEY_reg[2][39]/G is not reached by a timing clock
Related violations: <none>

TIMING-20#318 Warning
Non-clocked latch  
The latch design_1_i/AES_IP_TOP_0/inst/aes_core/NEXT_KEY_reg[2][3] cannot be properly analyzed as its control pin design_1_i/AES_IP_TOP_0/inst/aes_core/NEXT_KEY_reg[2][3]/G is not reached by a timing clock
Related violations: <none>

TIMING-20#319 Warning
Non-clocked latch  
The latch design_1_i/AES_IP_TOP_0/inst/aes_core/NEXT_KEY_reg[2][40] cannot be properly analyzed as its control pin design_1_i/AES_IP_TOP_0/inst/aes_core/NEXT_KEY_reg[2][40]/G is not reached by a timing clock
Related violations: <none>

TIMING-20#320 Warning
Non-clocked latch  
The latch design_1_i/AES_IP_TOP_0/inst/aes_core/NEXT_KEY_reg[2][41] cannot be properly analyzed as its control pin design_1_i/AES_IP_TOP_0/inst/aes_core/NEXT_KEY_reg[2][41]/G is not reached by a timing clock
Related violations: <none>

TIMING-20#321 Warning
Non-clocked latch  
The latch design_1_i/AES_IP_TOP_0/inst/aes_core/NEXT_KEY_reg[2][42] cannot be properly analyzed as its control pin design_1_i/AES_IP_TOP_0/inst/aes_core/NEXT_KEY_reg[2][42]/G is not reached by a timing clock
Related violations: <none>

TIMING-20#322 Warning
Non-clocked latch  
The latch design_1_i/AES_IP_TOP_0/inst/aes_core/NEXT_KEY_reg[2][43] cannot be properly analyzed as its control pin design_1_i/AES_IP_TOP_0/inst/aes_core/NEXT_KEY_reg[2][43]/G is not reached by a timing clock
Related violations: <none>

TIMING-20#323 Warning
Non-clocked latch  
The latch design_1_i/AES_IP_TOP_0/inst/aes_core/NEXT_KEY_reg[2][44] cannot be properly analyzed as its control pin design_1_i/AES_IP_TOP_0/inst/aes_core/NEXT_KEY_reg[2][44]/G is not reached by a timing clock
Related violations: <none>

TIMING-20#324 Warning
Non-clocked latch  
The latch design_1_i/AES_IP_TOP_0/inst/aes_core/NEXT_KEY_reg[2][45] cannot be properly analyzed as its control pin design_1_i/AES_IP_TOP_0/inst/aes_core/NEXT_KEY_reg[2][45]/G is not reached by a timing clock
Related violations: <none>

TIMING-20#325 Warning
Non-clocked latch  
The latch design_1_i/AES_IP_TOP_0/inst/aes_core/NEXT_KEY_reg[2][46] cannot be properly analyzed as its control pin design_1_i/AES_IP_TOP_0/inst/aes_core/NEXT_KEY_reg[2][46]/G is not reached by a timing clock
Related violations: <none>

TIMING-20#326 Warning
Non-clocked latch  
The latch design_1_i/AES_IP_TOP_0/inst/aes_core/NEXT_KEY_reg[2][47] cannot be properly analyzed as its control pin design_1_i/AES_IP_TOP_0/inst/aes_core/NEXT_KEY_reg[2][47]/G is not reached by a timing clock
Related violations: <none>

TIMING-20#327 Warning
Non-clocked latch  
The latch design_1_i/AES_IP_TOP_0/inst/aes_core/NEXT_KEY_reg[2][48] cannot be properly analyzed as its control pin design_1_i/AES_IP_TOP_0/inst/aes_core/NEXT_KEY_reg[2][48]/G is not reached by a timing clock
Related violations: <none>

TIMING-20#328 Warning
Non-clocked latch  
The latch design_1_i/AES_IP_TOP_0/inst/aes_core/NEXT_KEY_reg[2][49] cannot be properly analyzed as its control pin design_1_i/AES_IP_TOP_0/inst/aes_core/NEXT_KEY_reg[2][49]/G is not reached by a timing clock
Related violations: <none>

TIMING-20#329 Warning
Non-clocked latch  
The latch design_1_i/AES_IP_TOP_0/inst/aes_core/NEXT_KEY_reg[2][4] cannot be properly analyzed as its control pin design_1_i/AES_IP_TOP_0/inst/aes_core/NEXT_KEY_reg[2][4]/G is not reached by a timing clock
Related violations: <none>

TIMING-20#330 Warning
Non-clocked latch  
The latch design_1_i/AES_IP_TOP_0/inst/aes_core/NEXT_KEY_reg[2][50] cannot be properly analyzed as its control pin design_1_i/AES_IP_TOP_0/inst/aes_core/NEXT_KEY_reg[2][50]/G is not reached by a timing clock
Related violations: <none>

TIMING-20#331 Warning
Non-clocked latch  
The latch design_1_i/AES_IP_TOP_0/inst/aes_core/NEXT_KEY_reg[2][51] cannot be properly analyzed as its control pin design_1_i/AES_IP_TOP_0/inst/aes_core/NEXT_KEY_reg[2][51]/G is not reached by a timing clock
Related violations: <none>

TIMING-20#332 Warning
Non-clocked latch  
The latch design_1_i/AES_IP_TOP_0/inst/aes_core/NEXT_KEY_reg[2][52] cannot be properly analyzed as its control pin design_1_i/AES_IP_TOP_0/inst/aes_core/NEXT_KEY_reg[2][52]/G is not reached by a timing clock
Related violations: <none>

TIMING-20#333 Warning
Non-clocked latch  
The latch design_1_i/AES_IP_TOP_0/inst/aes_core/NEXT_KEY_reg[2][53] cannot be properly analyzed as its control pin design_1_i/AES_IP_TOP_0/inst/aes_core/NEXT_KEY_reg[2][53]/G is not reached by a timing clock
Related violations: <none>

TIMING-20#334 Warning
Non-clocked latch  
The latch design_1_i/AES_IP_TOP_0/inst/aes_core/NEXT_KEY_reg[2][54] cannot be properly analyzed as its control pin design_1_i/AES_IP_TOP_0/inst/aes_core/NEXT_KEY_reg[2][54]/G is not reached by a timing clock
Related violations: <none>

TIMING-20#335 Warning
Non-clocked latch  
The latch design_1_i/AES_IP_TOP_0/inst/aes_core/NEXT_KEY_reg[2][55] cannot be properly analyzed as its control pin design_1_i/AES_IP_TOP_0/inst/aes_core/NEXT_KEY_reg[2][55]/G is not reached by a timing clock
Related violations: <none>

TIMING-20#336 Warning
Non-clocked latch  
The latch design_1_i/AES_IP_TOP_0/inst/aes_core/NEXT_KEY_reg[2][56] cannot be properly analyzed as its control pin design_1_i/AES_IP_TOP_0/inst/aes_core/NEXT_KEY_reg[2][56]/G is not reached by a timing clock
Related violations: <none>

TIMING-20#337 Warning
Non-clocked latch  
The latch design_1_i/AES_IP_TOP_0/inst/aes_core/NEXT_KEY_reg[2][57] cannot be properly analyzed as its control pin design_1_i/AES_IP_TOP_0/inst/aes_core/NEXT_KEY_reg[2][57]/G is not reached by a timing clock
Related violations: <none>

TIMING-20#338 Warning
Non-clocked latch  
The latch design_1_i/AES_IP_TOP_0/inst/aes_core/NEXT_KEY_reg[2][58] cannot be properly analyzed as its control pin design_1_i/AES_IP_TOP_0/inst/aes_core/NEXT_KEY_reg[2][58]/G is not reached by a timing clock
Related violations: <none>

TIMING-20#339 Warning
Non-clocked latch  
The latch design_1_i/AES_IP_TOP_0/inst/aes_core/NEXT_KEY_reg[2][59] cannot be properly analyzed as its control pin design_1_i/AES_IP_TOP_0/inst/aes_core/NEXT_KEY_reg[2][59]/G is not reached by a timing clock
Related violations: <none>

TIMING-20#340 Warning
Non-clocked latch  
The latch design_1_i/AES_IP_TOP_0/inst/aes_core/NEXT_KEY_reg[2][5] cannot be properly analyzed as its control pin design_1_i/AES_IP_TOP_0/inst/aes_core/NEXT_KEY_reg[2][5]/G is not reached by a timing clock
Related violations: <none>

TIMING-20#341 Warning
Non-clocked latch  
The latch design_1_i/AES_IP_TOP_0/inst/aes_core/NEXT_KEY_reg[2][60] cannot be properly analyzed as its control pin design_1_i/AES_IP_TOP_0/inst/aes_core/NEXT_KEY_reg[2][60]/G is not reached by a timing clock
Related violations: <none>

TIMING-20#342 Warning
Non-clocked latch  
The latch design_1_i/AES_IP_TOP_0/inst/aes_core/NEXT_KEY_reg[2][61] cannot be properly analyzed as its control pin design_1_i/AES_IP_TOP_0/inst/aes_core/NEXT_KEY_reg[2][61]/G is not reached by a timing clock
Related violations: <none>

TIMING-20#343 Warning
Non-clocked latch  
The latch design_1_i/AES_IP_TOP_0/inst/aes_core/NEXT_KEY_reg[2][62] cannot be properly analyzed as its control pin design_1_i/AES_IP_TOP_0/inst/aes_core/NEXT_KEY_reg[2][62]/G is not reached by a timing clock
Related violations: <none>

TIMING-20#344 Warning
Non-clocked latch  
The latch design_1_i/AES_IP_TOP_0/inst/aes_core/NEXT_KEY_reg[2][63] cannot be properly analyzed as its control pin design_1_i/AES_IP_TOP_0/inst/aes_core/NEXT_KEY_reg[2][63]/G is not reached by a timing clock
Related violations: <none>

TIMING-20#345 Warning
Non-clocked latch  
The latch design_1_i/AES_IP_TOP_0/inst/aes_core/NEXT_KEY_reg[2][64] cannot be properly analyzed as its control pin design_1_i/AES_IP_TOP_0/inst/aes_core/NEXT_KEY_reg[2][64]/G is not reached by a timing clock
Related violations: <none>

TIMING-20#346 Warning
Non-clocked latch  
The latch design_1_i/AES_IP_TOP_0/inst/aes_core/NEXT_KEY_reg[2][65] cannot be properly analyzed as its control pin design_1_i/AES_IP_TOP_0/inst/aes_core/NEXT_KEY_reg[2][65]/G is not reached by a timing clock
Related violations: <none>

TIMING-20#347 Warning
Non-clocked latch  
The latch design_1_i/AES_IP_TOP_0/inst/aes_core/NEXT_KEY_reg[2][66] cannot be properly analyzed as its control pin design_1_i/AES_IP_TOP_0/inst/aes_core/NEXT_KEY_reg[2][66]/G is not reached by a timing clock
Related violations: <none>

TIMING-20#348 Warning
Non-clocked latch  
The latch design_1_i/AES_IP_TOP_0/inst/aes_core/NEXT_KEY_reg[2][67] cannot be properly analyzed as its control pin design_1_i/AES_IP_TOP_0/inst/aes_core/NEXT_KEY_reg[2][67]/G is not reached by a timing clock
Related violations: <none>

TIMING-20#349 Warning
Non-clocked latch  
The latch design_1_i/AES_IP_TOP_0/inst/aes_core/NEXT_KEY_reg[2][68] cannot be properly analyzed as its control pin design_1_i/AES_IP_TOP_0/inst/aes_core/NEXT_KEY_reg[2][68]/G is not reached by a timing clock
Related violations: <none>

TIMING-20#350 Warning
Non-clocked latch  
The latch design_1_i/AES_IP_TOP_0/inst/aes_core/NEXT_KEY_reg[2][69] cannot be properly analyzed as its control pin design_1_i/AES_IP_TOP_0/inst/aes_core/NEXT_KEY_reg[2][69]/G is not reached by a timing clock
Related violations: <none>

TIMING-20#351 Warning
Non-clocked latch  
The latch design_1_i/AES_IP_TOP_0/inst/aes_core/NEXT_KEY_reg[2][6] cannot be properly analyzed as its control pin design_1_i/AES_IP_TOP_0/inst/aes_core/NEXT_KEY_reg[2][6]/G is not reached by a timing clock
Related violations: <none>

TIMING-20#352 Warning
Non-clocked latch  
The latch design_1_i/AES_IP_TOP_0/inst/aes_core/NEXT_KEY_reg[2][70] cannot be properly analyzed as its control pin design_1_i/AES_IP_TOP_0/inst/aes_core/NEXT_KEY_reg[2][70]/G is not reached by a timing clock
Related violations: <none>

TIMING-20#353 Warning
Non-clocked latch  
The latch design_1_i/AES_IP_TOP_0/inst/aes_core/NEXT_KEY_reg[2][71] cannot be properly analyzed as its control pin design_1_i/AES_IP_TOP_0/inst/aes_core/NEXT_KEY_reg[2][71]/G is not reached by a timing clock
Related violations: <none>

TIMING-20#354 Warning
Non-clocked latch  
The latch design_1_i/AES_IP_TOP_0/inst/aes_core/NEXT_KEY_reg[2][72] cannot be properly analyzed as its control pin design_1_i/AES_IP_TOP_0/inst/aes_core/NEXT_KEY_reg[2][72]/G is not reached by a timing clock
Related violations: <none>

TIMING-20#355 Warning
Non-clocked latch  
The latch design_1_i/AES_IP_TOP_0/inst/aes_core/NEXT_KEY_reg[2][73] cannot be properly analyzed as its control pin design_1_i/AES_IP_TOP_0/inst/aes_core/NEXT_KEY_reg[2][73]/G is not reached by a timing clock
Related violations: <none>

TIMING-20#356 Warning
Non-clocked latch  
The latch design_1_i/AES_IP_TOP_0/inst/aes_core/NEXT_KEY_reg[2][74] cannot be properly analyzed as its control pin design_1_i/AES_IP_TOP_0/inst/aes_core/NEXT_KEY_reg[2][74]/G is not reached by a timing clock
Related violations: <none>

TIMING-20#357 Warning
Non-clocked latch  
The latch design_1_i/AES_IP_TOP_0/inst/aes_core/NEXT_KEY_reg[2][75] cannot be properly analyzed as its control pin design_1_i/AES_IP_TOP_0/inst/aes_core/NEXT_KEY_reg[2][75]/G is not reached by a timing clock
Related violations: <none>

TIMING-20#358 Warning
Non-clocked latch  
The latch design_1_i/AES_IP_TOP_0/inst/aes_core/NEXT_KEY_reg[2][76] cannot be properly analyzed as its control pin design_1_i/AES_IP_TOP_0/inst/aes_core/NEXT_KEY_reg[2][76]/G is not reached by a timing clock
Related violations: <none>

TIMING-20#359 Warning
Non-clocked latch  
The latch design_1_i/AES_IP_TOP_0/inst/aes_core/NEXT_KEY_reg[2][77] cannot be properly analyzed as its control pin design_1_i/AES_IP_TOP_0/inst/aes_core/NEXT_KEY_reg[2][77]/G is not reached by a timing clock
Related violations: <none>

TIMING-20#360 Warning
Non-clocked latch  
The latch design_1_i/AES_IP_TOP_0/inst/aes_core/NEXT_KEY_reg[2][78] cannot be properly analyzed as its control pin design_1_i/AES_IP_TOP_0/inst/aes_core/NEXT_KEY_reg[2][78]/G is not reached by a timing clock
Related violations: <none>

TIMING-20#361 Warning
Non-clocked latch  
The latch design_1_i/AES_IP_TOP_0/inst/aes_core/NEXT_KEY_reg[2][79] cannot be properly analyzed as its control pin design_1_i/AES_IP_TOP_0/inst/aes_core/NEXT_KEY_reg[2][79]/G is not reached by a timing clock
Related violations: <none>

TIMING-20#362 Warning
Non-clocked latch  
The latch design_1_i/AES_IP_TOP_0/inst/aes_core/NEXT_KEY_reg[2][7] cannot be properly analyzed as its control pin design_1_i/AES_IP_TOP_0/inst/aes_core/NEXT_KEY_reg[2][7]/G is not reached by a timing clock
Related violations: <none>

TIMING-20#363 Warning
Non-clocked latch  
The latch design_1_i/AES_IP_TOP_0/inst/aes_core/NEXT_KEY_reg[2][80] cannot be properly analyzed as its control pin design_1_i/AES_IP_TOP_0/inst/aes_core/NEXT_KEY_reg[2][80]/G is not reached by a timing clock
Related violations: <none>

TIMING-20#364 Warning
Non-clocked latch  
The latch design_1_i/AES_IP_TOP_0/inst/aes_core/NEXT_KEY_reg[2][81] cannot be properly analyzed as its control pin design_1_i/AES_IP_TOP_0/inst/aes_core/NEXT_KEY_reg[2][81]/G is not reached by a timing clock
Related violations: <none>

TIMING-20#365 Warning
Non-clocked latch  
The latch design_1_i/AES_IP_TOP_0/inst/aes_core/NEXT_KEY_reg[2][82] cannot be properly analyzed as its control pin design_1_i/AES_IP_TOP_0/inst/aes_core/NEXT_KEY_reg[2][82]/G is not reached by a timing clock
Related violations: <none>

TIMING-20#366 Warning
Non-clocked latch  
The latch design_1_i/AES_IP_TOP_0/inst/aes_core/NEXT_KEY_reg[2][83] cannot be properly analyzed as its control pin design_1_i/AES_IP_TOP_0/inst/aes_core/NEXT_KEY_reg[2][83]/G is not reached by a timing clock
Related violations: <none>

TIMING-20#367 Warning
Non-clocked latch  
The latch design_1_i/AES_IP_TOP_0/inst/aes_core/NEXT_KEY_reg[2][84] cannot be properly analyzed as its control pin design_1_i/AES_IP_TOP_0/inst/aes_core/NEXT_KEY_reg[2][84]/G is not reached by a timing clock
Related violations: <none>

TIMING-20#368 Warning
Non-clocked latch  
The latch design_1_i/AES_IP_TOP_0/inst/aes_core/NEXT_KEY_reg[2][85] cannot be properly analyzed as its control pin design_1_i/AES_IP_TOP_0/inst/aes_core/NEXT_KEY_reg[2][85]/G is not reached by a timing clock
Related violations: <none>

TIMING-20#369 Warning
Non-clocked latch  
The latch design_1_i/AES_IP_TOP_0/inst/aes_core/NEXT_KEY_reg[2][86] cannot be properly analyzed as its control pin design_1_i/AES_IP_TOP_0/inst/aes_core/NEXT_KEY_reg[2][86]/G is not reached by a timing clock
Related violations: <none>

TIMING-20#370 Warning
Non-clocked latch  
The latch design_1_i/AES_IP_TOP_0/inst/aes_core/NEXT_KEY_reg[2][87] cannot be properly analyzed as its control pin design_1_i/AES_IP_TOP_0/inst/aes_core/NEXT_KEY_reg[2][87]/G is not reached by a timing clock
Related violations: <none>

TIMING-20#371 Warning
Non-clocked latch  
The latch design_1_i/AES_IP_TOP_0/inst/aes_core/NEXT_KEY_reg[2][88] cannot be properly analyzed as its control pin design_1_i/AES_IP_TOP_0/inst/aes_core/NEXT_KEY_reg[2][88]/G is not reached by a timing clock
Related violations: <none>

TIMING-20#372 Warning
Non-clocked latch  
The latch design_1_i/AES_IP_TOP_0/inst/aes_core/NEXT_KEY_reg[2][89] cannot be properly analyzed as its control pin design_1_i/AES_IP_TOP_0/inst/aes_core/NEXT_KEY_reg[2][89]/G is not reached by a timing clock
Related violations: <none>

TIMING-20#373 Warning
Non-clocked latch  
The latch design_1_i/AES_IP_TOP_0/inst/aes_core/NEXT_KEY_reg[2][8] cannot be properly analyzed as its control pin design_1_i/AES_IP_TOP_0/inst/aes_core/NEXT_KEY_reg[2][8]/G is not reached by a timing clock
Related violations: <none>

TIMING-20#374 Warning
Non-clocked latch  
The latch design_1_i/AES_IP_TOP_0/inst/aes_core/NEXT_KEY_reg[2][90] cannot be properly analyzed as its control pin design_1_i/AES_IP_TOP_0/inst/aes_core/NEXT_KEY_reg[2][90]/G is not reached by a timing clock
Related violations: <none>

TIMING-20#375 Warning
Non-clocked latch  
The latch design_1_i/AES_IP_TOP_0/inst/aes_core/NEXT_KEY_reg[2][91] cannot be properly analyzed as its control pin design_1_i/AES_IP_TOP_0/inst/aes_core/NEXT_KEY_reg[2][91]/G is not reached by a timing clock
Related violations: <none>

TIMING-20#376 Warning
Non-clocked latch  
The latch design_1_i/AES_IP_TOP_0/inst/aes_core/NEXT_KEY_reg[2][92] cannot be properly analyzed as its control pin design_1_i/AES_IP_TOP_0/inst/aes_core/NEXT_KEY_reg[2][92]/G is not reached by a timing clock
Related violations: <none>

TIMING-20#377 Warning
Non-clocked latch  
The latch design_1_i/AES_IP_TOP_0/inst/aes_core/NEXT_KEY_reg[2][93] cannot be properly analyzed as its control pin design_1_i/AES_IP_TOP_0/inst/aes_core/NEXT_KEY_reg[2][93]/G is not reached by a timing clock
Related violations: <none>

TIMING-20#378 Warning
Non-clocked latch  
The latch design_1_i/AES_IP_TOP_0/inst/aes_core/NEXT_KEY_reg[2][94] cannot be properly analyzed as its control pin design_1_i/AES_IP_TOP_0/inst/aes_core/NEXT_KEY_reg[2][94]/G is not reached by a timing clock
Related violations: <none>

TIMING-20#379 Warning
Non-clocked latch  
The latch design_1_i/AES_IP_TOP_0/inst/aes_core/NEXT_KEY_reg[2][95] cannot be properly analyzed as its control pin design_1_i/AES_IP_TOP_0/inst/aes_core/NEXT_KEY_reg[2][95]/G is not reached by a timing clock
Related violations: <none>

TIMING-20#380 Warning
Non-clocked latch  
The latch design_1_i/AES_IP_TOP_0/inst/aes_core/NEXT_KEY_reg[2][96] cannot be properly analyzed as its control pin design_1_i/AES_IP_TOP_0/inst/aes_core/NEXT_KEY_reg[2][96]/G is not reached by a timing clock
Related violations: <none>

TIMING-20#381 Warning
Non-clocked latch  
The latch design_1_i/AES_IP_TOP_0/inst/aes_core/NEXT_KEY_reg[2][97] cannot be properly analyzed as its control pin design_1_i/AES_IP_TOP_0/inst/aes_core/NEXT_KEY_reg[2][97]/G is not reached by a timing clock
Related violations: <none>

TIMING-20#382 Warning
Non-clocked latch  
The latch design_1_i/AES_IP_TOP_0/inst/aes_core/NEXT_KEY_reg[2][98] cannot be properly analyzed as its control pin design_1_i/AES_IP_TOP_0/inst/aes_core/NEXT_KEY_reg[2][98]/G is not reached by a timing clock
Related violations: <none>

TIMING-20#383 Warning
Non-clocked latch  
The latch design_1_i/AES_IP_TOP_0/inst/aes_core/NEXT_KEY_reg[2][99] cannot be properly analyzed as its control pin design_1_i/AES_IP_TOP_0/inst/aes_core/NEXT_KEY_reg[2][99]/G is not reached by a timing clock
Related violations: <none>

TIMING-20#384 Warning
Non-clocked latch  
The latch design_1_i/AES_IP_TOP_0/inst/aes_core/NEXT_KEY_reg[2][9] cannot be properly analyzed as its control pin design_1_i/AES_IP_TOP_0/inst/aes_core/NEXT_KEY_reg[2][9]/G is not reached by a timing clock
Related violations: <none>

TIMING-20#385 Warning
Non-clocked latch  
The latch design_1_i/AES_IP_TOP_0/inst/aes_core/NEXT_KEY_reg[3][0] cannot be properly analyzed as its control pin design_1_i/AES_IP_TOP_0/inst/aes_core/NEXT_KEY_reg[3][0]/G is not reached by a timing clock
Related violations: <none>

TIMING-20#386 Warning
Non-clocked latch  
The latch design_1_i/AES_IP_TOP_0/inst/aes_core/NEXT_KEY_reg[3][100] cannot be properly analyzed as its control pin design_1_i/AES_IP_TOP_0/inst/aes_core/NEXT_KEY_reg[3][100]/G is not reached by a timing clock
Related violations: <none>

TIMING-20#387 Warning
Non-clocked latch  
The latch design_1_i/AES_IP_TOP_0/inst/aes_core/NEXT_KEY_reg[3][101] cannot be properly analyzed as its control pin design_1_i/AES_IP_TOP_0/inst/aes_core/NEXT_KEY_reg[3][101]/G is not reached by a timing clock
Related violations: <none>

TIMING-20#388 Warning
Non-clocked latch  
The latch design_1_i/AES_IP_TOP_0/inst/aes_core/NEXT_KEY_reg[3][102] cannot be properly analyzed as its control pin design_1_i/AES_IP_TOP_0/inst/aes_core/NEXT_KEY_reg[3][102]/G is not reached by a timing clock
Related violations: <none>

TIMING-20#389 Warning
Non-clocked latch  
The latch design_1_i/AES_IP_TOP_0/inst/aes_core/NEXT_KEY_reg[3][103] cannot be properly analyzed as its control pin design_1_i/AES_IP_TOP_0/inst/aes_core/NEXT_KEY_reg[3][103]/G is not reached by a timing clock
Related violations: <none>

TIMING-20#390 Warning
Non-clocked latch  
The latch design_1_i/AES_IP_TOP_0/inst/aes_core/NEXT_KEY_reg[3][104] cannot be properly analyzed as its control pin design_1_i/AES_IP_TOP_0/inst/aes_core/NEXT_KEY_reg[3][104]/G is not reached by a timing clock
Related violations: <none>

TIMING-20#391 Warning
Non-clocked latch  
The latch design_1_i/AES_IP_TOP_0/inst/aes_core/NEXT_KEY_reg[3][105] cannot be properly analyzed as its control pin design_1_i/AES_IP_TOP_0/inst/aes_core/NEXT_KEY_reg[3][105]/G is not reached by a timing clock
Related violations: <none>

TIMING-20#392 Warning
Non-clocked latch  
The latch design_1_i/AES_IP_TOP_0/inst/aes_core/NEXT_KEY_reg[3][106] cannot be properly analyzed as its control pin design_1_i/AES_IP_TOP_0/inst/aes_core/NEXT_KEY_reg[3][106]/G is not reached by a timing clock
Related violations: <none>

TIMING-20#393 Warning
Non-clocked latch  
The latch design_1_i/AES_IP_TOP_0/inst/aes_core/NEXT_KEY_reg[3][107] cannot be properly analyzed as its control pin design_1_i/AES_IP_TOP_0/inst/aes_core/NEXT_KEY_reg[3][107]/G is not reached by a timing clock
Related violations: <none>

TIMING-20#394 Warning
Non-clocked latch  
The latch design_1_i/AES_IP_TOP_0/inst/aes_core/NEXT_KEY_reg[3][108] cannot be properly analyzed as its control pin design_1_i/AES_IP_TOP_0/inst/aes_core/NEXT_KEY_reg[3][108]/G is not reached by a timing clock
Related violations: <none>

TIMING-20#395 Warning
Non-clocked latch  
The latch design_1_i/AES_IP_TOP_0/inst/aes_core/NEXT_KEY_reg[3][109] cannot be properly analyzed as its control pin design_1_i/AES_IP_TOP_0/inst/aes_core/NEXT_KEY_reg[3][109]/G is not reached by a timing clock
Related violations: <none>

TIMING-20#396 Warning
Non-clocked latch  
The latch design_1_i/AES_IP_TOP_0/inst/aes_core/NEXT_KEY_reg[3][10] cannot be properly analyzed as its control pin design_1_i/AES_IP_TOP_0/inst/aes_core/NEXT_KEY_reg[3][10]/G is not reached by a timing clock
Related violations: <none>

TIMING-20#397 Warning
Non-clocked latch  
The latch design_1_i/AES_IP_TOP_0/inst/aes_core/NEXT_KEY_reg[3][110] cannot be properly analyzed as its control pin design_1_i/AES_IP_TOP_0/inst/aes_core/NEXT_KEY_reg[3][110]/G is not reached by a timing clock
Related violations: <none>

TIMING-20#398 Warning
Non-clocked latch  
The latch design_1_i/AES_IP_TOP_0/inst/aes_core/NEXT_KEY_reg[3][111] cannot be properly analyzed as its control pin design_1_i/AES_IP_TOP_0/inst/aes_core/NEXT_KEY_reg[3][111]/G is not reached by a timing clock
Related violations: <none>

TIMING-20#399 Warning
Non-clocked latch  
The latch design_1_i/AES_IP_TOP_0/inst/aes_core/NEXT_KEY_reg[3][112] cannot be properly analyzed as its control pin design_1_i/AES_IP_TOP_0/inst/aes_core/NEXT_KEY_reg[3][112]/G is not reached by a timing clock
Related violations: <none>

TIMING-20#400 Warning
Non-clocked latch  
The latch design_1_i/AES_IP_TOP_0/inst/aes_core/NEXT_KEY_reg[3][113] cannot be properly analyzed as its control pin design_1_i/AES_IP_TOP_0/inst/aes_core/NEXT_KEY_reg[3][113]/G is not reached by a timing clock
Related violations: <none>

TIMING-20#401 Warning
Non-clocked latch  
The latch design_1_i/AES_IP_TOP_0/inst/aes_core/NEXT_KEY_reg[3][114] cannot be properly analyzed as its control pin design_1_i/AES_IP_TOP_0/inst/aes_core/NEXT_KEY_reg[3][114]/G is not reached by a timing clock
Related violations: <none>

TIMING-20#402 Warning
Non-clocked latch  
The latch design_1_i/AES_IP_TOP_0/inst/aes_core/NEXT_KEY_reg[3][115] cannot be properly analyzed as its control pin design_1_i/AES_IP_TOP_0/inst/aes_core/NEXT_KEY_reg[3][115]/G is not reached by a timing clock
Related violations: <none>

TIMING-20#403 Warning
Non-clocked latch  
The latch design_1_i/AES_IP_TOP_0/inst/aes_core/NEXT_KEY_reg[3][116] cannot be properly analyzed as its control pin design_1_i/AES_IP_TOP_0/inst/aes_core/NEXT_KEY_reg[3][116]/G is not reached by a timing clock
Related violations: <none>

TIMING-20#404 Warning
Non-clocked latch  
The latch design_1_i/AES_IP_TOP_0/inst/aes_core/NEXT_KEY_reg[3][117] cannot be properly analyzed as its control pin design_1_i/AES_IP_TOP_0/inst/aes_core/NEXT_KEY_reg[3][117]/G is not reached by a timing clock
Related violations: <none>

TIMING-20#405 Warning
Non-clocked latch  
The latch design_1_i/AES_IP_TOP_0/inst/aes_core/NEXT_KEY_reg[3][118] cannot be properly analyzed as its control pin design_1_i/AES_IP_TOP_0/inst/aes_core/NEXT_KEY_reg[3][118]/G is not reached by a timing clock
Related violations: <none>

TIMING-20#406 Warning
Non-clocked latch  
The latch design_1_i/AES_IP_TOP_0/inst/aes_core/NEXT_KEY_reg[3][119] cannot be properly analyzed as its control pin design_1_i/AES_IP_TOP_0/inst/aes_core/NEXT_KEY_reg[3][119]/G is not reached by a timing clock
Related violations: <none>

TIMING-20#407 Warning
Non-clocked latch  
The latch design_1_i/AES_IP_TOP_0/inst/aes_core/NEXT_KEY_reg[3][11] cannot be properly analyzed as its control pin design_1_i/AES_IP_TOP_0/inst/aes_core/NEXT_KEY_reg[3][11]/G is not reached by a timing clock
Related violations: <none>

TIMING-20#408 Warning
Non-clocked latch  
The latch design_1_i/AES_IP_TOP_0/inst/aes_core/NEXT_KEY_reg[3][120] cannot be properly analyzed as its control pin design_1_i/AES_IP_TOP_0/inst/aes_core/NEXT_KEY_reg[3][120]/G is not reached by a timing clock
Related violations: <none>

TIMING-20#409 Warning
Non-clocked latch  
The latch design_1_i/AES_IP_TOP_0/inst/aes_core/NEXT_KEY_reg[3][121] cannot be properly analyzed as its control pin design_1_i/AES_IP_TOP_0/inst/aes_core/NEXT_KEY_reg[3][121]/G is not reached by a timing clock
Related violations: <none>

TIMING-20#410 Warning
Non-clocked latch  
The latch design_1_i/AES_IP_TOP_0/inst/aes_core/NEXT_KEY_reg[3][122] cannot be properly analyzed as its control pin design_1_i/AES_IP_TOP_0/inst/aes_core/NEXT_KEY_reg[3][122]/G is not reached by a timing clock
Related violations: <none>

TIMING-20#411 Warning
Non-clocked latch  
The latch design_1_i/AES_IP_TOP_0/inst/aes_core/NEXT_KEY_reg[3][123] cannot be properly analyzed as its control pin design_1_i/AES_IP_TOP_0/inst/aes_core/NEXT_KEY_reg[3][123]/G is not reached by a timing clock
Related violations: <none>

TIMING-20#412 Warning
Non-clocked latch  
The latch design_1_i/AES_IP_TOP_0/inst/aes_core/NEXT_KEY_reg[3][124] cannot be properly analyzed as its control pin design_1_i/AES_IP_TOP_0/inst/aes_core/NEXT_KEY_reg[3][124]/G is not reached by a timing clock
Related violations: <none>

TIMING-20#413 Warning
Non-clocked latch  
The latch design_1_i/AES_IP_TOP_0/inst/aes_core/NEXT_KEY_reg[3][125] cannot be properly analyzed as its control pin design_1_i/AES_IP_TOP_0/inst/aes_core/NEXT_KEY_reg[3][125]/G is not reached by a timing clock
Related violations: <none>

TIMING-20#414 Warning
Non-clocked latch  
The latch design_1_i/AES_IP_TOP_0/inst/aes_core/NEXT_KEY_reg[3][126] cannot be properly analyzed as its control pin design_1_i/AES_IP_TOP_0/inst/aes_core/NEXT_KEY_reg[3][126]/G is not reached by a timing clock
Related violations: <none>

TIMING-20#415 Warning
Non-clocked latch  
The latch design_1_i/AES_IP_TOP_0/inst/aes_core/NEXT_KEY_reg[3][127] cannot be properly analyzed as its control pin design_1_i/AES_IP_TOP_0/inst/aes_core/NEXT_KEY_reg[3][127]/G is not reached by a timing clock
Related violations: <none>

TIMING-20#416 Warning
Non-clocked latch  
The latch design_1_i/AES_IP_TOP_0/inst/aes_core/NEXT_KEY_reg[3][12] cannot be properly analyzed as its control pin design_1_i/AES_IP_TOP_0/inst/aes_core/NEXT_KEY_reg[3][12]/G is not reached by a timing clock
Related violations: <none>

TIMING-20#417 Warning
Non-clocked latch  
The latch design_1_i/AES_IP_TOP_0/inst/aes_core/NEXT_KEY_reg[3][13] cannot be properly analyzed as its control pin design_1_i/AES_IP_TOP_0/inst/aes_core/NEXT_KEY_reg[3][13]/G is not reached by a timing clock
Related violations: <none>

TIMING-20#418 Warning
Non-clocked latch  
The latch design_1_i/AES_IP_TOP_0/inst/aes_core/NEXT_KEY_reg[3][14] cannot be properly analyzed as its control pin design_1_i/AES_IP_TOP_0/inst/aes_core/NEXT_KEY_reg[3][14]/G is not reached by a timing clock
Related violations: <none>

TIMING-20#419 Warning
Non-clocked latch  
The latch design_1_i/AES_IP_TOP_0/inst/aes_core/NEXT_KEY_reg[3][15] cannot be properly analyzed as its control pin design_1_i/AES_IP_TOP_0/inst/aes_core/NEXT_KEY_reg[3][15]/G is not reached by a timing clock
Related violations: <none>

TIMING-20#420 Warning
Non-clocked latch  
The latch design_1_i/AES_IP_TOP_0/inst/aes_core/NEXT_KEY_reg[3][16] cannot be properly analyzed as its control pin design_1_i/AES_IP_TOP_0/inst/aes_core/NEXT_KEY_reg[3][16]/G is not reached by a timing clock
Related violations: <none>

TIMING-20#421 Warning
Non-clocked latch  
The latch design_1_i/AES_IP_TOP_0/inst/aes_core/NEXT_KEY_reg[3][17] cannot be properly analyzed as its control pin design_1_i/AES_IP_TOP_0/inst/aes_core/NEXT_KEY_reg[3][17]/G is not reached by a timing clock
Related violations: <none>

TIMING-20#422 Warning
Non-clocked latch  
The latch design_1_i/AES_IP_TOP_0/inst/aes_core/NEXT_KEY_reg[3][18] cannot be properly analyzed as its control pin design_1_i/AES_IP_TOP_0/inst/aes_core/NEXT_KEY_reg[3][18]/G is not reached by a timing clock
Related violations: <none>

TIMING-20#423 Warning
Non-clocked latch  
The latch design_1_i/AES_IP_TOP_0/inst/aes_core/NEXT_KEY_reg[3][19] cannot be properly analyzed as its control pin design_1_i/AES_IP_TOP_0/inst/aes_core/NEXT_KEY_reg[3][19]/G is not reached by a timing clock
Related violations: <none>

TIMING-20#424 Warning
Non-clocked latch  
The latch design_1_i/AES_IP_TOP_0/inst/aes_core/NEXT_KEY_reg[3][1] cannot be properly analyzed as its control pin design_1_i/AES_IP_TOP_0/inst/aes_core/NEXT_KEY_reg[3][1]/G is not reached by a timing clock
Related violations: <none>

TIMING-20#425 Warning
Non-clocked latch  
The latch design_1_i/AES_IP_TOP_0/inst/aes_core/NEXT_KEY_reg[3][20] cannot be properly analyzed as its control pin design_1_i/AES_IP_TOP_0/inst/aes_core/NEXT_KEY_reg[3][20]/G is not reached by a timing clock
Related violations: <none>

TIMING-20#426 Warning
Non-clocked latch  
The latch design_1_i/AES_IP_TOP_0/inst/aes_core/NEXT_KEY_reg[3][21] cannot be properly analyzed as its control pin design_1_i/AES_IP_TOP_0/inst/aes_core/NEXT_KEY_reg[3][21]/G is not reached by a timing clock
Related violations: <none>

TIMING-20#427 Warning
Non-clocked latch  
The latch design_1_i/AES_IP_TOP_0/inst/aes_core/NEXT_KEY_reg[3][22] cannot be properly analyzed as its control pin design_1_i/AES_IP_TOP_0/inst/aes_core/NEXT_KEY_reg[3][22]/G is not reached by a timing clock
Related violations: <none>

TIMING-20#428 Warning
Non-clocked latch  
The latch design_1_i/AES_IP_TOP_0/inst/aes_core/NEXT_KEY_reg[3][23] cannot be properly analyzed as its control pin design_1_i/AES_IP_TOP_0/inst/aes_core/NEXT_KEY_reg[3][23]/G is not reached by a timing clock
Related violations: <none>

TIMING-20#429 Warning
Non-clocked latch  
The latch design_1_i/AES_IP_TOP_0/inst/aes_core/NEXT_KEY_reg[3][24] cannot be properly analyzed as its control pin design_1_i/AES_IP_TOP_0/inst/aes_core/NEXT_KEY_reg[3][24]/G is not reached by a timing clock
Related violations: <none>

TIMING-20#430 Warning
Non-clocked latch  
The latch design_1_i/AES_IP_TOP_0/inst/aes_core/NEXT_KEY_reg[3][25] cannot be properly analyzed as its control pin design_1_i/AES_IP_TOP_0/inst/aes_core/NEXT_KEY_reg[3][25]/G is not reached by a timing clock
Related violations: <none>

TIMING-20#431 Warning
Non-clocked latch  
The latch design_1_i/AES_IP_TOP_0/inst/aes_core/NEXT_KEY_reg[3][26] cannot be properly analyzed as its control pin design_1_i/AES_IP_TOP_0/inst/aes_core/NEXT_KEY_reg[3][26]/G is not reached by a timing clock
Related violations: <none>

TIMING-20#432 Warning
Non-clocked latch  
The latch design_1_i/AES_IP_TOP_0/inst/aes_core/NEXT_KEY_reg[3][27] cannot be properly analyzed as its control pin design_1_i/AES_IP_TOP_0/inst/aes_core/NEXT_KEY_reg[3][27]/G is not reached by a timing clock
Related violations: <none>

TIMING-20#433 Warning
Non-clocked latch  
The latch design_1_i/AES_IP_TOP_0/inst/aes_core/NEXT_KEY_reg[3][28] cannot be properly analyzed as its control pin design_1_i/AES_IP_TOP_0/inst/aes_core/NEXT_KEY_reg[3][28]/G is not reached by a timing clock
Related violations: <none>

TIMING-20#434 Warning
Non-clocked latch  
The latch design_1_i/AES_IP_TOP_0/inst/aes_core/NEXT_KEY_reg[3][29] cannot be properly analyzed as its control pin design_1_i/AES_IP_TOP_0/inst/aes_core/NEXT_KEY_reg[3][29]/G is not reached by a timing clock
Related violations: <none>

TIMING-20#435 Warning
Non-clocked latch  
The latch design_1_i/AES_IP_TOP_0/inst/aes_core/NEXT_KEY_reg[3][2] cannot be properly analyzed as its control pin design_1_i/AES_IP_TOP_0/inst/aes_core/NEXT_KEY_reg[3][2]/G is not reached by a timing clock
Related violations: <none>

TIMING-20#436 Warning
Non-clocked latch  
The latch design_1_i/AES_IP_TOP_0/inst/aes_core/NEXT_KEY_reg[3][30] cannot be properly analyzed as its control pin design_1_i/AES_IP_TOP_0/inst/aes_core/NEXT_KEY_reg[3][30]/G is not reached by a timing clock
Related violations: <none>

TIMING-20#437 Warning
Non-clocked latch  
The latch design_1_i/AES_IP_TOP_0/inst/aes_core/NEXT_KEY_reg[3][31] cannot be properly analyzed as its control pin design_1_i/AES_IP_TOP_0/inst/aes_core/NEXT_KEY_reg[3][31]/G is not reached by a timing clock
Related violations: <none>

TIMING-20#438 Warning
Non-clocked latch  
The latch design_1_i/AES_IP_TOP_0/inst/aes_core/NEXT_KEY_reg[3][32] cannot be properly analyzed as its control pin design_1_i/AES_IP_TOP_0/inst/aes_core/NEXT_KEY_reg[3][32]/G is not reached by a timing clock
Related violations: <none>

TIMING-20#439 Warning
Non-clocked latch  
The latch design_1_i/AES_IP_TOP_0/inst/aes_core/NEXT_KEY_reg[3][33] cannot be properly analyzed as its control pin design_1_i/AES_IP_TOP_0/inst/aes_core/NEXT_KEY_reg[3][33]/G is not reached by a timing clock
Related violations: <none>

TIMING-20#440 Warning
Non-clocked latch  
The latch design_1_i/AES_IP_TOP_0/inst/aes_core/NEXT_KEY_reg[3][34] cannot be properly analyzed as its control pin design_1_i/AES_IP_TOP_0/inst/aes_core/NEXT_KEY_reg[3][34]/G is not reached by a timing clock
Related violations: <none>

TIMING-20#441 Warning
Non-clocked latch  
The latch design_1_i/AES_IP_TOP_0/inst/aes_core/NEXT_KEY_reg[3][35] cannot be properly analyzed as its control pin design_1_i/AES_IP_TOP_0/inst/aes_core/NEXT_KEY_reg[3][35]/G is not reached by a timing clock
Related violations: <none>

TIMING-20#442 Warning
Non-clocked latch  
The latch design_1_i/AES_IP_TOP_0/inst/aes_core/NEXT_KEY_reg[3][36] cannot be properly analyzed as its control pin design_1_i/AES_IP_TOP_0/inst/aes_core/NEXT_KEY_reg[3][36]/G is not reached by a timing clock
Related violations: <none>

TIMING-20#443 Warning
Non-clocked latch  
The latch design_1_i/AES_IP_TOP_0/inst/aes_core/NEXT_KEY_reg[3][37] cannot be properly analyzed as its control pin design_1_i/AES_IP_TOP_0/inst/aes_core/NEXT_KEY_reg[3][37]/G is not reached by a timing clock
Related violations: <none>

TIMING-20#444 Warning
Non-clocked latch  
The latch design_1_i/AES_IP_TOP_0/inst/aes_core/NEXT_KEY_reg[3][38] cannot be properly analyzed as its control pin design_1_i/AES_IP_TOP_0/inst/aes_core/NEXT_KEY_reg[3][38]/G is not reached by a timing clock
Related violations: <none>

TIMING-20#445 Warning
Non-clocked latch  
The latch design_1_i/AES_IP_TOP_0/inst/aes_core/NEXT_KEY_reg[3][39] cannot be properly analyzed as its control pin design_1_i/AES_IP_TOP_0/inst/aes_core/NEXT_KEY_reg[3][39]/G is not reached by a timing clock
Related violations: <none>

TIMING-20#446 Warning
Non-clocked latch  
The latch design_1_i/AES_IP_TOP_0/inst/aes_core/NEXT_KEY_reg[3][3] cannot be properly analyzed as its control pin design_1_i/AES_IP_TOP_0/inst/aes_core/NEXT_KEY_reg[3][3]/G is not reached by a timing clock
Related violations: <none>

TIMING-20#447 Warning
Non-clocked latch  
The latch design_1_i/AES_IP_TOP_0/inst/aes_core/NEXT_KEY_reg[3][40] cannot be properly analyzed as its control pin design_1_i/AES_IP_TOP_0/inst/aes_core/NEXT_KEY_reg[3][40]/G is not reached by a timing clock
Related violations: <none>

TIMING-20#448 Warning
Non-clocked latch  
The latch design_1_i/AES_IP_TOP_0/inst/aes_core/NEXT_KEY_reg[3][41] cannot be properly analyzed as its control pin design_1_i/AES_IP_TOP_0/inst/aes_core/NEXT_KEY_reg[3][41]/G is not reached by a timing clock
Related violations: <none>

TIMING-20#449 Warning
Non-clocked latch  
The latch design_1_i/AES_IP_TOP_0/inst/aes_core/NEXT_KEY_reg[3][42] cannot be properly analyzed as its control pin design_1_i/AES_IP_TOP_0/inst/aes_core/NEXT_KEY_reg[3][42]/G is not reached by a timing clock
Related violations: <none>

TIMING-20#450 Warning
Non-clocked latch  
The latch design_1_i/AES_IP_TOP_0/inst/aes_core/NEXT_KEY_reg[3][43] cannot be properly analyzed as its control pin design_1_i/AES_IP_TOP_0/inst/aes_core/NEXT_KEY_reg[3][43]/G is not reached by a timing clock
Related violations: <none>

TIMING-20#451 Warning
Non-clocked latch  
The latch design_1_i/AES_IP_TOP_0/inst/aes_core/NEXT_KEY_reg[3][44] cannot be properly analyzed as its control pin design_1_i/AES_IP_TOP_0/inst/aes_core/NEXT_KEY_reg[3][44]/G is not reached by a timing clock
Related violations: <none>

TIMING-20#452 Warning
Non-clocked latch  
The latch design_1_i/AES_IP_TOP_0/inst/aes_core/NEXT_KEY_reg[3][45] cannot be properly analyzed as its control pin design_1_i/AES_IP_TOP_0/inst/aes_core/NEXT_KEY_reg[3][45]/G is not reached by a timing clock
Related violations: <none>

TIMING-20#453 Warning
Non-clocked latch  
The latch design_1_i/AES_IP_TOP_0/inst/aes_core/NEXT_KEY_reg[3][46] cannot be properly analyzed as its control pin design_1_i/AES_IP_TOP_0/inst/aes_core/NEXT_KEY_reg[3][46]/G is not reached by a timing clock
Related violations: <none>

TIMING-20#454 Warning
Non-clocked latch  
The latch design_1_i/AES_IP_TOP_0/inst/aes_core/NEXT_KEY_reg[3][47] cannot be properly analyzed as its control pin design_1_i/AES_IP_TOP_0/inst/aes_core/NEXT_KEY_reg[3][47]/G is not reached by a timing clock
Related violations: <none>

TIMING-20#455 Warning
Non-clocked latch  
The latch design_1_i/AES_IP_TOP_0/inst/aes_core/NEXT_KEY_reg[3][48] cannot be properly analyzed as its control pin design_1_i/AES_IP_TOP_0/inst/aes_core/NEXT_KEY_reg[3][48]/G is not reached by a timing clock
Related violations: <none>

TIMING-20#456 Warning
Non-clocked latch  
The latch design_1_i/AES_IP_TOP_0/inst/aes_core/NEXT_KEY_reg[3][49] cannot be properly analyzed as its control pin design_1_i/AES_IP_TOP_0/inst/aes_core/NEXT_KEY_reg[3][49]/G is not reached by a timing clock
Related violations: <none>

TIMING-20#457 Warning
Non-clocked latch  
The latch design_1_i/AES_IP_TOP_0/inst/aes_core/NEXT_KEY_reg[3][4] cannot be properly analyzed as its control pin design_1_i/AES_IP_TOP_0/inst/aes_core/NEXT_KEY_reg[3][4]/G is not reached by a timing clock
Related violations: <none>

TIMING-20#458 Warning
Non-clocked latch  
The latch design_1_i/AES_IP_TOP_0/inst/aes_core/NEXT_KEY_reg[3][50] cannot be properly analyzed as its control pin design_1_i/AES_IP_TOP_0/inst/aes_core/NEXT_KEY_reg[3][50]/G is not reached by a timing clock
Related violations: <none>

TIMING-20#459 Warning
Non-clocked latch  
The latch design_1_i/AES_IP_TOP_0/inst/aes_core/NEXT_KEY_reg[3][51] cannot be properly analyzed as its control pin design_1_i/AES_IP_TOP_0/inst/aes_core/NEXT_KEY_reg[3][51]/G is not reached by a timing clock
Related violations: <none>

TIMING-20#460 Warning
Non-clocked latch  
The latch design_1_i/AES_IP_TOP_0/inst/aes_core/NEXT_KEY_reg[3][52] cannot be properly analyzed as its control pin design_1_i/AES_IP_TOP_0/inst/aes_core/NEXT_KEY_reg[3][52]/G is not reached by a timing clock
Related violations: <none>

TIMING-20#461 Warning
Non-clocked latch  
The latch design_1_i/AES_IP_TOP_0/inst/aes_core/NEXT_KEY_reg[3][53] cannot be properly analyzed as its control pin design_1_i/AES_IP_TOP_0/inst/aes_core/NEXT_KEY_reg[3][53]/G is not reached by a timing clock
Related violations: <none>

TIMING-20#462 Warning
Non-clocked latch  
The latch design_1_i/AES_IP_TOP_0/inst/aes_core/NEXT_KEY_reg[3][54] cannot be properly analyzed as its control pin design_1_i/AES_IP_TOP_0/inst/aes_core/NEXT_KEY_reg[3][54]/G is not reached by a timing clock
Related violations: <none>

TIMING-20#463 Warning
Non-clocked latch  
The latch design_1_i/AES_IP_TOP_0/inst/aes_core/NEXT_KEY_reg[3][55] cannot be properly analyzed as its control pin design_1_i/AES_IP_TOP_0/inst/aes_core/NEXT_KEY_reg[3][55]/G is not reached by a timing clock
Related violations: <none>

TIMING-20#464 Warning
Non-clocked latch  
The latch design_1_i/AES_IP_TOP_0/inst/aes_core/NEXT_KEY_reg[3][56] cannot be properly analyzed as its control pin design_1_i/AES_IP_TOP_0/inst/aes_core/NEXT_KEY_reg[3][56]/G is not reached by a timing clock
Related violations: <none>

TIMING-20#465 Warning
Non-clocked latch  
The latch design_1_i/AES_IP_TOP_0/inst/aes_core/NEXT_KEY_reg[3][57] cannot be properly analyzed as its control pin design_1_i/AES_IP_TOP_0/inst/aes_core/NEXT_KEY_reg[3][57]/G is not reached by a timing clock
Related violations: <none>

TIMING-20#466 Warning
Non-clocked latch  
The latch design_1_i/AES_IP_TOP_0/inst/aes_core/NEXT_KEY_reg[3][58] cannot be properly analyzed as its control pin design_1_i/AES_IP_TOP_0/inst/aes_core/NEXT_KEY_reg[3][58]/G is not reached by a timing clock
Related violations: <none>

TIMING-20#467 Warning
Non-clocked latch  
The latch design_1_i/AES_IP_TOP_0/inst/aes_core/NEXT_KEY_reg[3][59] cannot be properly analyzed as its control pin design_1_i/AES_IP_TOP_0/inst/aes_core/NEXT_KEY_reg[3][59]/G is not reached by a timing clock
Related violations: <none>

TIMING-20#468 Warning
Non-clocked latch  
The latch design_1_i/AES_IP_TOP_0/inst/aes_core/NEXT_KEY_reg[3][5] cannot be properly analyzed as its control pin design_1_i/AES_IP_TOP_0/inst/aes_core/NEXT_KEY_reg[3][5]/G is not reached by a timing clock
Related violations: <none>

TIMING-20#469 Warning
Non-clocked latch  
The latch design_1_i/AES_IP_TOP_0/inst/aes_core/NEXT_KEY_reg[3][60] cannot be properly analyzed as its control pin design_1_i/AES_IP_TOP_0/inst/aes_core/NEXT_KEY_reg[3][60]/G is not reached by a timing clock
Related violations: <none>

TIMING-20#470 Warning
Non-clocked latch  
The latch design_1_i/AES_IP_TOP_0/inst/aes_core/NEXT_KEY_reg[3][61] cannot be properly analyzed as its control pin design_1_i/AES_IP_TOP_0/inst/aes_core/NEXT_KEY_reg[3][61]/G is not reached by a timing clock
Related violations: <none>

TIMING-20#471 Warning
Non-clocked latch  
The latch design_1_i/AES_IP_TOP_0/inst/aes_core/NEXT_KEY_reg[3][62] cannot be properly analyzed as its control pin design_1_i/AES_IP_TOP_0/inst/aes_core/NEXT_KEY_reg[3][62]/G is not reached by a timing clock
Related violations: <none>

TIMING-20#472 Warning
Non-clocked latch  
The latch design_1_i/AES_IP_TOP_0/inst/aes_core/NEXT_KEY_reg[3][63] cannot be properly analyzed as its control pin design_1_i/AES_IP_TOP_0/inst/aes_core/NEXT_KEY_reg[3][63]/G is not reached by a timing clock
Related violations: <none>

TIMING-20#473 Warning
Non-clocked latch  
The latch design_1_i/AES_IP_TOP_0/inst/aes_core/NEXT_KEY_reg[3][64] cannot be properly analyzed as its control pin design_1_i/AES_IP_TOP_0/inst/aes_core/NEXT_KEY_reg[3][64]/G is not reached by a timing clock
Related violations: <none>

TIMING-20#474 Warning
Non-clocked latch  
The latch design_1_i/AES_IP_TOP_0/inst/aes_core/NEXT_KEY_reg[3][65] cannot be properly analyzed as its control pin design_1_i/AES_IP_TOP_0/inst/aes_core/NEXT_KEY_reg[3][65]/G is not reached by a timing clock
Related violations: <none>

TIMING-20#475 Warning
Non-clocked latch  
The latch design_1_i/AES_IP_TOP_0/inst/aes_core/NEXT_KEY_reg[3][66] cannot be properly analyzed as its control pin design_1_i/AES_IP_TOP_0/inst/aes_core/NEXT_KEY_reg[3][66]/G is not reached by a timing clock
Related violations: <none>

TIMING-20#476 Warning
Non-clocked latch  
The latch design_1_i/AES_IP_TOP_0/inst/aes_core/NEXT_KEY_reg[3][67] cannot be properly analyzed as its control pin design_1_i/AES_IP_TOP_0/inst/aes_core/NEXT_KEY_reg[3][67]/G is not reached by a timing clock
Related violations: <none>

TIMING-20#477 Warning
Non-clocked latch  
The latch design_1_i/AES_IP_TOP_0/inst/aes_core/NEXT_KEY_reg[3][68] cannot be properly analyzed as its control pin design_1_i/AES_IP_TOP_0/inst/aes_core/NEXT_KEY_reg[3][68]/G is not reached by a timing clock
Related violations: <none>

TIMING-20#478 Warning
Non-clocked latch  
The latch design_1_i/AES_IP_TOP_0/inst/aes_core/NEXT_KEY_reg[3][69] cannot be properly analyzed as its control pin design_1_i/AES_IP_TOP_0/inst/aes_core/NEXT_KEY_reg[3][69]/G is not reached by a timing clock
Related violations: <none>

TIMING-20#479 Warning
Non-clocked latch  
The latch design_1_i/AES_IP_TOP_0/inst/aes_core/NEXT_KEY_reg[3][6] cannot be properly analyzed as its control pin design_1_i/AES_IP_TOP_0/inst/aes_core/NEXT_KEY_reg[3][6]/G is not reached by a timing clock
Related violations: <none>

TIMING-20#480 Warning
Non-clocked latch  
The latch design_1_i/AES_IP_TOP_0/inst/aes_core/NEXT_KEY_reg[3][70] cannot be properly analyzed as its control pin design_1_i/AES_IP_TOP_0/inst/aes_core/NEXT_KEY_reg[3][70]/G is not reached by a timing clock
Related violations: <none>

TIMING-20#481 Warning
Non-clocked latch  
The latch design_1_i/AES_IP_TOP_0/inst/aes_core/NEXT_KEY_reg[3][71] cannot be properly analyzed as its control pin design_1_i/AES_IP_TOP_0/inst/aes_core/NEXT_KEY_reg[3][71]/G is not reached by a timing clock
Related violations: <none>

TIMING-20#482 Warning
Non-clocked latch  
The latch design_1_i/AES_IP_TOP_0/inst/aes_core/NEXT_KEY_reg[3][72] cannot be properly analyzed as its control pin design_1_i/AES_IP_TOP_0/inst/aes_core/NEXT_KEY_reg[3][72]/G is not reached by a timing clock
Related violations: <none>

TIMING-20#483 Warning
Non-clocked latch  
The latch design_1_i/AES_IP_TOP_0/inst/aes_core/NEXT_KEY_reg[3][73] cannot be properly analyzed as its control pin design_1_i/AES_IP_TOP_0/inst/aes_core/NEXT_KEY_reg[3][73]/G is not reached by a timing clock
Related violations: <none>

TIMING-20#484 Warning
Non-clocked latch  
The latch design_1_i/AES_IP_TOP_0/inst/aes_core/NEXT_KEY_reg[3][74] cannot be properly analyzed as its control pin design_1_i/AES_IP_TOP_0/inst/aes_core/NEXT_KEY_reg[3][74]/G is not reached by a timing clock
Related violations: <none>

TIMING-20#485 Warning
Non-clocked latch  
The latch design_1_i/AES_IP_TOP_0/inst/aes_core/NEXT_KEY_reg[3][75] cannot be properly analyzed as its control pin design_1_i/AES_IP_TOP_0/inst/aes_core/NEXT_KEY_reg[3][75]/G is not reached by a timing clock
Related violations: <none>

TIMING-20#486 Warning
Non-clocked latch  
The latch design_1_i/AES_IP_TOP_0/inst/aes_core/NEXT_KEY_reg[3][76] cannot be properly analyzed as its control pin design_1_i/AES_IP_TOP_0/inst/aes_core/NEXT_KEY_reg[3][76]/G is not reached by a timing clock
Related violations: <none>

TIMING-20#487 Warning
Non-clocked latch  
The latch design_1_i/AES_IP_TOP_0/inst/aes_core/NEXT_KEY_reg[3][77] cannot be properly analyzed as its control pin design_1_i/AES_IP_TOP_0/inst/aes_core/NEXT_KEY_reg[3][77]/G is not reached by a timing clock
Related violations: <none>

TIMING-20#488 Warning
Non-clocked latch  
The latch design_1_i/AES_IP_TOP_0/inst/aes_core/NEXT_KEY_reg[3][78] cannot be properly analyzed as its control pin design_1_i/AES_IP_TOP_0/inst/aes_core/NEXT_KEY_reg[3][78]/G is not reached by a timing clock
Related violations: <none>

TIMING-20#489 Warning
Non-clocked latch  
The latch design_1_i/AES_IP_TOP_0/inst/aes_core/NEXT_KEY_reg[3][79] cannot be properly analyzed as its control pin design_1_i/AES_IP_TOP_0/inst/aes_core/NEXT_KEY_reg[3][79]/G is not reached by a timing clock
Related violations: <none>

TIMING-20#490 Warning
Non-clocked latch  
The latch design_1_i/AES_IP_TOP_0/inst/aes_core/NEXT_KEY_reg[3][7] cannot be properly analyzed as its control pin design_1_i/AES_IP_TOP_0/inst/aes_core/NEXT_KEY_reg[3][7]/G is not reached by a timing clock
Related violations: <none>

TIMING-20#491 Warning
Non-clocked latch  
The latch design_1_i/AES_IP_TOP_0/inst/aes_core/NEXT_KEY_reg[3][80] cannot be properly analyzed as its control pin design_1_i/AES_IP_TOP_0/inst/aes_core/NEXT_KEY_reg[3][80]/G is not reached by a timing clock
Related violations: <none>

TIMING-20#492 Warning
Non-clocked latch  
The latch design_1_i/AES_IP_TOP_0/inst/aes_core/NEXT_KEY_reg[3][81] cannot be properly analyzed as its control pin design_1_i/AES_IP_TOP_0/inst/aes_core/NEXT_KEY_reg[3][81]/G is not reached by a timing clock
Related violations: <none>

TIMING-20#493 Warning
Non-clocked latch  
The latch design_1_i/AES_IP_TOP_0/inst/aes_core/NEXT_KEY_reg[3][82] cannot be properly analyzed as its control pin design_1_i/AES_IP_TOP_0/inst/aes_core/NEXT_KEY_reg[3][82]/G is not reached by a timing clock
Related violations: <none>

TIMING-20#494 Warning
Non-clocked latch  
The latch design_1_i/AES_IP_TOP_0/inst/aes_core/NEXT_KEY_reg[3][83] cannot be properly analyzed as its control pin design_1_i/AES_IP_TOP_0/inst/aes_core/NEXT_KEY_reg[3][83]/G is not reached by a timing clock
Related violations: <none>

TIMING-20#495 Warning
Non-clocked latch  
The latch design_1_i/AES_IP_TOP_0/inst/aes_core/NEXT_KEY_reg[3][84] cannot be properly analyzed as its control pin design_1_i/AES_IP_TOP_0/inst/aes_core/NEXT_KEY_reg[3][84]/G is not reached by a timing clock
Related violations: <none>

TIMING-20#496 Warning
Non-clocked latch  
The latch design_1_i/AES_IP_TOP_0/inst/aes_core/NEXT_KEY_reg[3][85] cannot be properly analyzed as its control pin design_1_i/AES_IP_TOP_0/inst/aes_core/NEXT_KEY_reg[3][85]/G is not reached by a timing clock
Related violations: <none>

TIMING-20#497 Warning
Non-clocked latch  
The latch design_1_i/AES_IP_TOP_0/inst/aes_core/NEXT_KEY_reg[3][86] cannot be properly analyzed as its control pin design_1_i/AES_IP_TOP_0/inst/aes_core/NEXT_KEY_reg[3][86]/G is not reached by a timing clock
Related violations: <none>

TIMING-20#498 Warning
Non-clocked latch  
The latch design_1_i/AES_IP_TOP_0/inst/aes_core/NEXT_KEY_reg[3][87] cannot be properly analyzed as its control pin design_1_i/AES_IP_TOP_0/inst/aes_core/NEXT_KEY_reg[3][87]/G is not reached by a timing clock
Related violations: <none>

TIMING-20#499 Warning
Non-clocked latch  
The latch design_1_i/AES_IP_TOP_0/inst/aes_core/NEXT_KEY_reg[3][88] cannot be properly analyzed as its control pin design_1_i/AES_IP_TOP_0/inst/aes_core/NEXT_KEY_reg[3][88]/G is not reached by a timing clock
Related violations: <none>

TIMING-20#500 Warning
Non-clocked latch  
The latch design_1_i/AES_IP_TOP_0/inst/aes_core/NEXT_KEY_reg[3][89] cannot be properly analyzed as its control pin design_1_i/AES_IP_TOP_0/inst/aes_core/NEXT_KEY_reg[3][89]/G is not reached by a timing clock
Related violations: <none>

TIMING-20#501 Warning
Non-clocked latch  
The latch design_1_i/AES_IP_TOP_0/inst/aes_core/NEXT_KEY_reg[3][8] cannot be properly analyzed as its control pin design_1_i/AES_IP_TOP_0/inst/aes_core/NEXT_KEY_reg[3][8]/G is not reached by a timing clock
Related violations: <none>

TIMING-20#502 Warning
Non-clocked latch  
The latch design_1_i/AES_IP_TOP_0/inst/aes_core/NEXT_KEY_reg[3][90] cannot be properly analyzed as its control pin design_1_i/AES_IP_TOP_0/inst/aes_core/NEXT_KEY_reg[3][90]/G is not reached by a timing clock
Related violations: <none>

TIMING-20#503 Warning
Non-clocked latch  
The latch design_1_i/AES_IP_TOP_0/inst/aes_core/NEXT_KEY_reg[3][91] cannot be properly analyzed as its control pin design_1_i/AES_IP_TOP_0/inst/aes_core/NEXT_KEY_reg[3][91]/G is not reached by a timing clock
Related violations: <none>

TIMING-20#504 Warning
Non-clocked latch  
The latch design_1_i/AES_IP_TOP_0/inst/aes_core/NEXT_KEY_reg[3][92] cannot be properly analyzed as its control pin design_1_i/AES_IP_TOP_0/inst/aes_core/NEXT_KEY_reg[3][92]/G is not reached by a timing clock
Related violations: <none>

TIMING-20#505 Warning
Non-clocked latch  
The latch design_1_i/AES_IP_TOP_0/inst/aes_core/NEXT_KEY_reg[3][93] cannot be properly analyzed as its control pin design_1_i/AES_IP_TOP_0/inst/aes_core/NEXT_KEY_reg[3][93]/G is not reached by a timing clock
Related violations: <none>

TIMING-20#506 Warning
Non-clocked latch  
The latch design_1_i/AES_IP_TOP_0/inst/aes_core/NEXT_KEY_reg[3][94] cannot be properly analyzed as its control pin design_1_i/AES_IP_TOP_0/inst/aes_core/NEXT_KEY_reg[3][94]/G is not reached by a timing clock
Related violations: <none>

TIMING-20#507 Warning
Non-clocked latch  
The latch design_1_i/AES_IP_TOP_0/inst/aes_core/NEXT_KEY_reg[3][95] cannot be properly analyzed as its control pin design_1_i/AES_IP_TOP_0/inst/aes_core/NEXT_KEY_reg[3][95]/G is not reached by a timing clock
Related violations: <none>

TIMING-20#508 Warning
Non-clocked latch  
The latch design_1_i/AES_IP_TOP_0/inst/aes_core/NEXT_KEY_reg[3][96] cannot be properly analyzed as its control pin design_1_i/AES_IP_TOP_0/inst/aes_core/NEXT_KEY_reg[3][96]/G is not reached by a timing clock
Related violations: <none>

TIMING-20#509 Warning
Non-clocked latch  
The latch design_1_i/AES_IP_TOP_0/inst/aes_core/NEXT_KEY_reg[3][97] cannot be properly analyzed as its control pin design_1_i/AES_IP_TOP_0/inst/aes_core/NEXT_KEY_reg[3][97]/G is not reached by a timing clock
Related violations: <none>

TIMING-20#510 Warning
Non-clocked latch  
The latch design_1_i/AES_IP_TOP_0/inst/aes_core/NEXT_KEY_reg[3][98] cannot be properly analyzed as its control pin design_1_i/AES_IP_TOP_0/inst/aes_core/NEXT_KEY_reg[3][98]/G is not reached by a timing clock
Related violations: <none>

TIMING-20#511 Warning
Non-clocked latch  
The latch design_1_i/AES_IP_TOP_0/inst/aes_core/NEXT_KEY_reg[3][99] cannot be properly analyzed as its control pin design_1_i/AES_IP_TOP_0/inst/aes_core/NEXT_KEY_reg[3][99]/G is not reached by a timing clock
Related violations: <none>

TIMING-20#512 Warning
Non-clocked latch  
The latch design_1_i/AES_IP_TOP_0/inst/aes_core/NEXT_KEY_reg[3][9] cannot be properly analyzed as its control pin design_1_i/AES_IP_TOP_0/inst/aes_core/NEXT_KEY_reg[3][9]/G is not reached by a timing clock
Related violations: <none>

TIMING-20#513 Warning
Non-clocked latch  
The latch design_1_i/AES_IP_TOP_0/inst/aes_core/NEXT_KEY_reg[4][0] cannot be properly analyzed as its control pin design_1_i/AES_IP_TOP_0/inst/aes_core/NEXT_KEY_reg[4][0]/G is not reached by a timing clock
Related violations: <none>

TIMING-20#514 Warning
Non-clocked latch  
The latch design_1_i/AES_IP_TOP_0/inst/aes_core/NEXT_KEY_reg[4][100] cannot be properly analyzed as its control pin design_1_i/AES_IP_TOP_0/inst/aes_core/NEXT_KEY_reg[4][100]/G is not reached by a timing clock
Related violations: <none>

TIMING-20#515 Warning
Non-clocked latch  
The latch design_1_i/AES_IP_TOP_0/inst/aes_core/NEXT_KEY_reg[4][101] cannot be properly analyzed as its control pin design_1_i/AES_IP_TOP_0/inst/aes_core/NEXT_KEY_reg[4][101]/G is not reached by a timing clock
Related violations: <none>

TIMING-20#516 Warning
Non-clocked latch  
The latch design_1_i/AES_IP_TOP_0/inst/aes_core/NEXT_KEY_reg[4][102] cannot be properly analyzed as its control pin design_1_i/AES_IP_TOP_0/inst/aes_core/NEXT_KEY_reg[4][102]/G is not reached by a timing clock
Related violations: <none>

TIMING-20#517 Warning
Non-clocked latch  
The latch design_1_i/AES_IP_TOP_0/inst/aes_core/NEXT_KEY_reg[4][103] cannot be properly analyzed as its control pin design_1_i/AES_IP_TOP_0/inst/aes_core/NEXT_KEY_reg[4][103]/G is not reached by a timing clock
Related violations: <none>

TIMING-20#518 Warning
Non-clocked latch  
The latch design_1_i/AES_IP_TOP_0/inst/aes_core/NEXT_KEY_reg[4][104] cannot be properly analyzed as its control pin design_1_i/AES_IP_TOP_0/inst/aes_core/NEXT_KEY_reg[4][104]/G is not reached by a timing clock
Related violations: <none>

TIMING-20#519 Warning
Non-clocked latch  
The latch design_1_i/AES_IP_TOP_0/inst/aes_core/NEXT_KEY_reg[4][105] cannot be properly analyzed as its control pin design_1_i/AES_IP_TOP_0/inst/aes_core/NEXT_KEY_reg[4][105]/G is not reached by a timing clock
Related violations: <none>

TIMING-20#520 Warning
Non-clocked latch  
The latch design_1_i/AES_IP_TOP_0/inst/aes_core/NEXT_KEY_reg[4][106] cannot be properly analyzed as its control pin design_1_i/AES_IP_TOP_0/inst/aes_core/NEXT_KEY_reg[4][106]/G is not reached by a timing clock
Related violations: <none>

TIMING-20#521 Warning
Non-clocked latch  
The latch design_1_i/AES_IP_TOP_0/inst/aes_core/NEXT_KEY_reg[4][107] cannot be properly analyzed as its control pin design_1_i/AES_IP_TOP_0/inst/aes_core/NEXT_KEY_reg[4][107]/G is not reached by a timing clock
Related violations: <none>

TIMING-20#522 Warning
Non-clocked latch  
The latch design_1_i/AES_IP_TOP_0/inst/aes_core/NEXT_KEY_reg[4][108] cannot be properly analyzed as its control pin design_1_i/AES_IP_TOP_0/inst/aes_core/NEXT_KEY_reg[4][108]/G is not reached by a timing clock
Related violations: <none>

TIMING-20#523 Warning
Non-clocked latch  
The latch design_1_i/AES_IP_TOP_0/inst/aes_core/NEXT_KEY_reg[4][109] cannot be properly analyzed as its control pin design_1_i/AES_IP_TOP_0/inst/aes_core/NEXT_KEY_reg[4][109]/G is not reached by a timing clock
Related violations: <none>

TIMING-20#524 Warning
Non-clocked latch  
The latch design_1_i/AES_IP_TOP_0/inst/aes_core/NEXT_KEY_reg[4][10] cannot be properly analyzed as its control pin design_1_i/AES_IP_TOP_0/inst/aes_core/NEXT_KEY_reg[4][10]/G is not reached by a timing clock
Related violations: <none>

TIMING-20#525 Warning
Non-clocked latch  
The latch design_1_i/AES_IP_TOP_0/inst/aes_core/NEXT_KEY_reg[4][110] cannot be properly analyzed as its control pin design_1_i/AES_IP_TOP_0/inst/aes_core/NEXT_KEY_reg[4][110]/G is not reached by a timing clock
Related violations: <none>

TIMING-20#526 Warning
Non-clocked latch  
The latch design_1_i/AES_IP_TOP_0/inst/aes_core/NEXT_KEY_reg[4][111] cannot be properly analyzed as its control pin design_1_i/AES_IP_TOP_0/inst/aes_core/NEXT_KEY_reg[4][111]/G is not reached by a timing clock
Related violations: <none>

TIMING-20#527 Warning
Non-clocked latch  
The latch design_1_i/AES_IP_TOP_0/inst/aes_core/NEXT_KEY_reg[4][112] cannot be properly analyzed as its control pin design_1_i/AES_IP_TOP_0/inst/aes_core/NEXT_KEY_reg[4][112]/G is not reached by a timing clock
Related violations: <none>

TIMING-20#528 Warning
Non-clocked latch  
The latch design_1_i/AES_IP_TOP_0/inst/aes_core/NEXT_KEY_reg[4][113] cannot be properly analyzed as its control pin design_1_i/AES_IP_TOP_0/inst/aes_core/NEXT_KEY_reg[4][113]/G is not reached by a timing clock
Related violations: <none>

TIMING-20#529 Warning
Non-clocked latch  
The latch design_1_i/AES_IP_TOP_0/inst/aes_core/NEXT_KEY_reg[4][114] cannot be properly analyzed as its control pin design_1_i/AES_IP_TOP_0/inst/aes_core/NEXT_KEY_reg[4][114]/G is not reached by a timing clock
Related violations: <none>

TIMING-20#530 Warning
Non-clocked latch  
The latch design_1_i/AES_IP_TOP_0/inst/aes_core/NEXT_KEY_reg[4][115] cannot be properly analyzed as its control pin design_1_i/AES_IP_TOP_0/inst/aes_core/NEXT_KEY_reg[4][115]/G is not reached by a timing clock
Related violations: <none>

TIMING-20#531 Warning
Non-clocked latch  
The latch design_1_i/AES_IP_TOP_0/inst/aes_core/NEXT_KEY_reg[4][116] cannot be properly analyzed as its control pin design_1_i/AES_IP_TOP_0/inst/aes_core/NEXT_KEY_reg[4][116]/G is not reached by a timing clock
Related violations: <none>

TIMING-20#532 Warning
Non-clocked latch  
The latch design_1_i/AES_IP_TOP_0/inst/aes_core/NEXT_KEY_reg[4][117] cannot be properly analyzed as its control pin design_1_i/AES_IP_TOP_0/inst/aes_core/NEXT_KEY_reg[4][117]/G is not reached by a timing clock
Related violations: <none>

TIMING-20#533 Warning
Non-clocked latch  
The latch design_1_i/AES_IP_TOP_0/inst/aes_core/NEXT_KEY_reg[4][118] cannot be properly analyzed as its control pin design_1_i/AES_IP_TOP_0/inst/aes_core/NEXT_KEY_reg[4][118]/G is not reached by a timing clock
Related violations: <none>

TIMING-20#534 Warning
Non-clocked latch  
The latch design_1_i/AES_IP_TOP_0/inst/aes_core/NEXT_KEY_reg[4][119] cannot be properly analyzed as its control pin design_1_i/AES_IP_TOP_0/inst/aes_core/NEXT_KEY_reg[4][119]/G is not reached by a timing clock
Related violations: <none>

TIMING-20#535 Warning
Non-clocked latch  
The latch design_1_i/AES_IP_TOP_0/inst/aes_core/NEXT_KEY_reg[4][11] cannot be properly analyzed as its control pin design_1_i/AES_IP_TOP_0/inst/aes_core/NEXT_KEY_reg[4][11]/G is not reached by a timing clock
Related violations: <none>

TIMING-20#536 Warning
Non-clocked latch  
The latch design_1_i/AES_IP_TOP_0/inst/aes_core/NEXT_KEY_reg[4][120] cannot be properly analyzed as its control pin design_1_i/AES_IP_TOP_0/inst/aes_core/NEXT_KEY_reg[4][120]/G is not reached by a timing clock
Related violations: <none>

TIMING-20#537 Warning
Non-clocked latch  
The latch design_1_i/AES_IP_TOP_0/inst/aes_core/NEXT_KEY_reg[4][121] cannot be properly analyzed as its control pin design_1_i/AES_IP_TOP_0/inst/aes_core/NEXT_KEY_reg[4][121]/G is not reached by a timing clock
Related violations: <none>

TIMING-20#538 Warning
Non-clocked latch  
The latch design_1_i/AES_IP_TOP_0/inst/aes_core/NEXT_KEY_reg[4][122] cannot be properly analyzed as its control pin design_1_i/AES_IP_TOP_0/inst/aes_core/NEXT_KEY_reg[4][122]/G is not reached by a timing clock
Related violations: <none>

TIMING-20#539 Warning
Non-clocked latch  
The latch design_1_i/AES_IP_TOP_0/inst/aes_core/NEXT_KEY_reg[4][123] cannot be properly analyzed as its control pin design_1_i/AES_IP_TOP_0/inst/aes_core/NEXT_KEY_reg[4][123]/G is not reached by a timing clock
Related violations: <none>

TIMING-20#540 Warning
Non-clocked latch  
The latch design_1_i/AES_IP_TOP_0/inst/aes_core/NEXT_KEY_reg[4][124] cannot be properly analyzed as its control pin design_1_i/AES_IP_TOP_0/inst/aes_core/NEXT_KEY_reg[4][124]/G is not reached by a timing clock
Related violations: <none>

TIMING-20#541 Warning
Non-clocked latch  
The latch design_1_i/AES_IP_TOP_0/inst/aes_core/NEXT_KEY_reg[4][125] cannot be properly analyzed as its control pin design_1_i/AES_IP_TOP_0/inst/aes_core/NEXT_KEY_reg[4][125]/G is not reached by a timing clock
Related violations: <none>

TIMING-20#542 Warning
Non-clocked latch  
The latch design_1_i/AES_IP_TOP_0/inst/aes_core/NEXT_KEY_reg[4][126] cannot be properly analyzed as its control pin design_1_i/AES_IP_TOP_0/inst/aes_core/NEXT_KEY_reg[4][126]/G is not reached by a timing clock
Related violations: <none>

TIMING-20#543 Warning
Non-clocked latch  
The latch design_1_i/AES_IP_TOP_0/inst/aes_core/NEXT_KEY_reg[4][127] cannot be properly analyzed as its control pin design_1_i/AES_IP_TOP_0/inst/aes_core/NEXT_KEY_reg[4][127]/G is not reached by a timing clock
Related violations: <none>

TIMING-20#544 Warning
Non-clocked latch  
The latch design_1_i/AES_IP_TOP_0/inst/aes_core/NEXT_KEY_reg[4][12] cannot be properly analyzed as its control pin design_1_i/AES_IP_TOP_0/inst/aes_core/NEXT_KEY_reg[4][12]/G is not reached by a timing clock
Related violations: <none>

TIMING-20#545 Warning
Non-clocked latch  
The latch design_1_i/AES_IP_TOP_0/inst/aes_core/NEXT_KEY_reg[4][13] cannot be properly analyzed as its control pin design_1_i/AES_IP_TOP_0/inst/aes_core/NEXT_KEY_reg[4][13]/G is not reached by a timing clock
Related violations: <none>

TIMING-20#546 Warning
Non-clocked latch  
The latch design_1_i/AES_IP_TOP_0/inst/aes_core/NEXT_KEY_reg[4][14] cannot be properly analyzed as its control pin design_1_i/AES_IP_TOP_0/inst/aes_core/NEXT_KEY_reg[4][14]/G is not reached by a timing clock
Related violations: <none>

TIMING-20#547 Warning
Non-clocked latch  
The latch design_1_i/AES_IP_TOP_0/inst/aes_core/NEXT_KEY_reg[4][15] cannot be properly analyzed as its control pin design_1_i/AES_IP_TOP_0/inst/aes_core/NEXT_KEY_reg[4][15]/G is not reached by a timing clock
Related violations: <none>

TIMING-20#548 Warning
Non-clocked latch  
The latch design_1_i/AES_IP_TOP_0/inst/aes_core/NEXT_KEY_reg[4][16] cannot be properly analyzed as its control pin design_1_i/AES_IP_TOP_0/inst/aes_core/NEXT_KEY_reg[4][16]/G is not reached by a timing clock
Related violations: <none>

TIMING-20#549 Warning
Non-clocked latch  
The latch design_1_i/AES_IP_TOP_0/inst/aes_core/NEXT_KEY_reg[4][17] cannot be properly analyzed as its control pin design_1_i/AES_IP_TOP_0/inst/aes_core/NEXT_KEY_reg[4][17]/G is not reached by a timing clock
Related violations: <none>

TIMING-20#550 Warning
Non-clocked latch  
The latch design_1_i/AES_IP_TOP_0/inst/aes_core/NEXT_KEY_reg[4][18] cannot be properly analyzed as its control pin design_1_i/AES_IP_TOP_0/inst/aes_core/NEXT_KEY_reg[4][18]/G is not reached by a timing clock
Related violations: <none>

TIMING-20#551 Warning
Non-clocked latch  
The latch design_1_i/AES_IP_TOP_0/inst/aes_core/NEXT_KEY_reg[4][19] cannot be properly analyzed as its control pin design_1_i/AES_IP_TOP_0/inst/aes_core/NEXT_KEY_reg[4][19]/G is not reached by a timing clock
Related violations: <none>

TIMING-20#552 Warning
Non-clocked latch  
The latch design_1_i/AES_IP_TOP_0/inst/aes_core/NEXT_KEY_reg[4][1] cannot be properly analyzed as its control pin design_1_i/AES_IP_TOP_0/inst/aes_core/NEXT_KEY_reg[4][1]/G is not reached by a timing clock
Related violations: <none>

TIMING-20#553 Warning
Non-clocked latch  
The latch design_1_i/AES_IP_TOP_0/inst/aes_core/NEXT_KEY_reg[4][20] cannot be properly analyzed as its control pin design_1_i/AES_IP_TOP_0/inst/aes_core/NEXT_KEY_reg[4][20]/G is not reached by a timing clock
Related violations: <none>

TIMING-20#554 Warning
Non-clocked latch  
The latch design_1_i/AES_IP_TOP_0/inst/aes_core/NEXT_KEY_reg[4][21] cannot be properly analyzed as its control pin design_1_i/AES_IP_TOP_0/inst/aes_core/NEXT_KEY_reg[4][21]/G is not reached by a timing clock
Related violations: <none>

TIMING-20#555 Warning
Non-clocked latch  
The latch design_1_i/AES_IP_TOP_0/inst/aes_core/NEXT_KEY_reg[4][22] cannot be properly analyzed as its control pin design_1_i/AES_IP_TOP_0/inst/aes_core/NEXT_KEY_reg[4][22]/G is not reached by a timing clock
Related violations: <none>

TIMING-20#556 Warning
Non-clocked latch  
The latch design_1_i/AES_IP_TOP_0/inst/aes_core/NEXT_KEY_reg[4][23] cannot be properly analyzed as its control pin design_1_i/AES_IP_TOP_0/inst/aes_core/NEXT_KEY_reg[4][23]/G is not reached by a timing clock
Related violations: <none>

TIMING-20#557 Warning
Non-clocked latch  
The latch design_1_i/AES_IP_TOP_0/inst/aes_core/NEXT_KEY_reg[4][24] cannot be properly analyzed as its control pin design_1_i/AES_IP_TOP_0/inst/aes_core/NEXT_KEY_reg[4][24]/G is not reached by a timing clock
Related violations: <none>

TIMING-20#558 Warning
Non-clocked latch  
The latch design_1_i/AES_IP_TOP_0/inst/aes_core/NEXT_KEY_reg[4][25] cannot be properly analyzed as its control pin design_1_i/AES_IP_TOP_0/inst/aes_core/NEXT_KEY_reg[4][25]/G is not reached by a timing clock
Related violations: <none>

TIMING-20#559 Warning
Non-clocked latch  
The latch design_1_i/AES_IP_TOP_0/inst/aes_core/NEXT_KEY_reg[4][26] cannot be properly analyzed as its control pin design_1_i/AES_IP_TOP_0/inst/aes_core/NEXT_KEY_reg[4][26]/G is not reached by a timing clock
Related violations: <none>

TIMING-20#560 Warning
Non-clocked latch  
The latch design_1_i/AES_IP_TOP_0/inst/aes_core/NEXT_KEY_reg[4][27] cannot be properly analyzed as its control pin design_1_i/AES_IP_TOP_0/inst/aes_core/NEXT_KEY_reg[4][27]/G is not reached by a timing clock
Related violations: <none>

TIMING-20#561 Warning
Non-clocked latch  
The latch design_1_i/AES_IP_TOP_0/inst/aes_core/NEXT_KEY_reg[4][28] cannot be properly analyzed as its control pin design_1_i/AES_IP_TOP_0/inst/aes_core/NEXT_KEY_reg[4][28]/G is not reached by a timing clock
Related violations: <none>

TIMING-20#562 Warning
Non-clocked latch  
The latch design_1_i/AES_IP_TOP_0/inst/aes_core/NEXT_KEY_reg[4][29] cannot be properly analyzed as its control pin design_1_i/AES_IP_TOP_0/inst/aes_core/NEXT_KEY_reg[4][29]/G is not reached by a timing clock
Related violations: <none>

TIMING-20#563 Warning
Non-clocked latch  
The latch design_1_i/AES_IP_TOP_0/inst/aes_core/NEXT_KEY_reg[4][2] cannot be properly analyzed as its control pin design_1_i/AES_IP_TOP_0/inst/aes_core/NEXT_KEY_reg[4][2]/G is not reached by a timing clock
Related violations: <none>

TIMING-20#564 Warning
Non-clocked latch  
The latch design_1_i/AES_IP_TOP_0/inst/aes_core/NEXT_KEY_reg[4][30] cannot be properly analyzed as its control pin design_1_i/AES_IP_TOP_0/inst/aes_core/NEXT_KEY_reg[4][30]/G is not reached by a timing clock
Related violations: <none>

TIMING-20#565 Warning
Non-clocked latch  
The latch design_1_i/AES_IP_TOP_0/inst/aes_core/NEXT_KEY_reg[4][31] cannot be properly analyzed as its control pin design_1_i/AES_IP_TOP_0/inst/aes_core/NEXT_KEY_reg[4][31]/G is not reached by a timing clock
Related violations: <none>

TIMING-20#566 Warning
Non-clocked latch  
The latch design_1_i/AES_IP_TOP_0/inst/aes_core/NEXT_KEY_reg[4][32] cannot be properly analyzed as its control pin design_1_i/AES_IP_TOP_0/inst/aes_core/NEXT_KEY_reg[4][32]/G is not reached by a timing clock
Related violations: <none>

TIMING-20#567 Warning
Non-clocked latch  
The latch design_1_i/AES_IP_TOP_0/inst/aes_core/NEXT_KEY_reg[4][33] cannot be properly analyzed as its control pin design_1_i/AES_IP_TOP_0/inst/aes_core/NEXT_KEY_reg[4][33]/G is not reached by a timing clock
Related violations: <none>

TIMING-20#568 Warning
Non-clocked latch  
The latch design_1_i/AES_IP_TOP_0/inst/aes_core/NEXT_KEY_reg[4][34] cannot be properly analyzed as its control pin design_1_i/AES_IP_TOP_0/inst/aes_core/NEXT_KEY_reg[4][34]/G is not reached by a timing clock
Related violations: <none>

TIMING-20#569 Warning
Non-clocked latch  
The latch design_1_i/AES_IP_TOP_0/inst/aes_core/NEXT_KEY_reg[4][35] cannot be properly analyzed as its control pin design_1_i/AES_IP_TOP_0/inst/aes_core/NEXT_KEY_reg[4][35]/G is not reached by a timing clock
Related violations: <none>

TIMING-20#570 Warning
Non-clocked latch  
The latch design_1_i/AES_IP_TOP_0/inst/aes_core/NEXT_KEY_reg[4][36] cannot be properly analyzed as its control pin design_1_i/AES_IP_TOP_0/inst/aes_core/NEXT_KEY_reg[4][36]/G is not reached by a timing clock
Related violations: <none>

TIMING-20#571 Warning
Non-clocked latch  
The latch design_1_i/AES_IP_TOP_0/inst/aes_core/NEXT_KEY_reg[4][37] cannot be properly analyzed as its control pin design_1_i/AES_IP_TOP_0/inst/aes_core/NEXT_KEY_reg[4][37]/G is not reached by a timing clock
Related violations: <none>

TIMING-20#572 Warning
Non-clocked latch  
The latch design_1_i/AES_IP_TOP_0/inst/aes_core/NEXT_KEY_reg[4][38] cannot be properly analyzed as its control pin design_1_i/AES_IP_TOP_0/inst/aes_core/NEXT_KEY_reg[4][38]/G is not reached by a timing clock
Related violations: <none>

TIMING-20#573 Warning
Non-clocked latch  
The latch design_1_i/AES_IP_TOP_0/inst/aes_core/NEXT_KEY_reg[4][39] cannot be properly analyzed as its control pin design_1_i/AES_IP_TOP_0/inst/aes_core/NEXT_KEY_reg[4][39]/G is not reached by a timing clock
Related violations: <none>

TIMING-20#574 Warning
Non-clocked latch  
The latch design_1_i/AES_IP_TOP_0/inst/aes_core/NEXT_KEY_reg[4][3] cannot be properly analyzed as its control pin design_1_i/AES_IP_TOP_0/inst/aes_core/NEXT_KEY_reg[4][3]/G is not reached by a timing clock
Related violations: <none>

TIMING-20#575 Warning
Non-clocked latch  
The latch design_1_i/AES_IP_TOP_0/inst/aes_core/NEXT_KEY_reg[4][40] cannot be properly analyzed as its control pin design_1_i/AES_IP_TOP_0/inst/aes_core/NEXT_KEY_reg[4][40]/G is not reached by a timing clock
Related violations: <none>

TIMING-20#576 Warning
Non-clocked latch  
The latch design_1_i/AES_IP_TOP_0/inst/aes_core/NEXT_KEY_reg[4][41] cannot be properly analyzed as its control pin design_1_i/AES_IP_TOP_0/inst/aes_core/NEXT_KEY_reg[4][41]/G is not reached by a timing clock
Related violations: <none>

TIMING-20#577 Warning
Non-clocked latch  
The latch design_1_i/AES_IP_TOP_0/inst/aes_core/NEXT_KEY_reg[4][42] cannot be properly analyzed as its control pin design_1_i/AES_IP_TOP_0/inst/aes_core/NEXT_KEY_reg[4][42]/G is not reached by a timing clock
Related violations: <none>

TIMING-20#578 Warning
Non-clocked latch  
The latch design_1_i/AES_IP_TOP_0/inst/aes_core/NEXT_KEY_reg[4][43] cannot be properly analyzed as its control pin design_1_i/AES_IP_TOP_0/inst/aes_core/NEXT_KEY_reg[4][43]/G is not reached by a timing clock
Related violations: <none>

TIMING-20#579 Warning
Non-clocked latch  
The latch design_1_i/AES_IP_TOP_0/inst/aes_core/NEXT_KEY_reg[4][44] cannot be properly analyzed as its control pin design_1_i/AES_IP_TOP_0/inst/aes_core/NEXT_KEY_reg[4][44]/G is not reached by a timing clock
Related violations: <none>

TIMING-20#580 Warning
Non-clocked latch  
The latch design_1_i/AES_IP_TOP_0/inst/aes_core/NEXT_KEY_reg[4][45] cannot be properly analyzed as its control pin design_1_i/AES_IP_TOP_0/inst/aes_core/NEXT_KEY_reg[4][45]/G is not reached by a timing clock
Related violations: <none>

TIMING-20#581 Warning
Non-clocked latch  
The latch design_1_i/AES_IP_TOP_0/inst/aes_core/NEXT_KEY_reg[4][46] cannot be properly analyzed as its control pin design_1_i/AES_IP_TOP_0/inst/aes_core/NEXT_KEY_reg[4][46]/G is not reached by a timing clock
Related violations: <none>

TIMING-20#582 Warning
Non-clocked latch  
The latch design_1_i/AES_IP_TOP_0/inst/aes_core/NEXT_KEY_reg[4][47] cannot be properly analyzed as its control pin design_1_i/AES_IP_TOP_0/inst/aes_core/NEXT_KEY_reg[4][47]/G is not reached by a timing clock
Related violations: <none>

TIMING-20#583 Warning
Non-clocked latch  
The latch design_1_i/AES_IP_TOP_0/inst/aes_core/NEXT_KEY_reg[4][48] cannot be properly analyzed as its control pin design_1_i/AES_IP_TOP_0/inst/aes_core/NEXT_KEY_reg[4][48]/G is not reached by a timing clock
Related violations: <none>

TIMING-20#584 Warning
Non-clocked latch  
The latch design_1_i/AES_IP_TOP_0/inst/aes_core/NEXT_KEY_reg[4][49] cannot be properly analyzed as its control pin design_1_i/AES_IP_TOP_0/inst/aes_core/NEXT_KEY_reg[4][49]/G is not reached by a timing clock
Related violations: <none>

TIMING-20#585 Warning
Non-clocked latch  
The latch design_1_i/AES_IP_TOP_0/inst/aes_core/NEXT_KEY_reg[4][4] cannot be properly analyzed as its control pin design_1_i/AES_IP_TOP_0/inst/aes_core/NEXT_KEY_reg[4][4]/G is not reached by a timing clock
Related violations: <none>

TIMING-20#586 Warning
Non-clocked latch  
The latch design_1_i/AES_IP_TOP_0/inst/aes_core/NEXT_KEY_reg[4][50] cannot be properly analyzed as its control pin design_1_i/AES_IP_TOP_0/inst/aes_core/NEXT_KEY_reg[4][50]/G is not reached by a timing clock
Related violations: <none>

TIMING-20#587 Warning
Non-clocked latch  
The latch design_1_i/AES_IP_TOP_0/inst/aes_core/NEXT_KEY_reg[4][51] cannot be properly analyzed as its control pin design_1_i/AES_IP_TOP_0/inst/aes_core/NEXT_KEY_reg[4][51]/G is not reached by a timing clock
Related violations: <none>

TIMING-20#588 Warning
Non-clocked latch  
The latch design_1_i/AES_IP_TOP_0/inst/aes_core/NEXT_KEY_reg[4][52] cannot be properly analyzed as its control pin design_1_i/AES_IP_TOP_0/inst/aes_core/NEXT_KEY_reg[4][52]/G is not reached by a timing clock
Related violations: <none>

TIMING-20#589 Warning
Non-clocked latch  
The latch design_1_i/AES_IP_TOP_0/inst/aes_core/NEXT_KEY_reg[4][53] cannot be properly analyzed as its control pin design_1_i/AES_IP_TOP_0/inst/aes_core/NEXT_KEY_reg[4][53]/G is not reached by a timing clock
Related violations: <none>

TIMING-20#590 Warning
Non-clocked latch  
The latch design_1_i/AES_IP_TOP_0/inst/aes_core/NEXT_KEY_reg[4][54] cannot be properly analyzed as its control pin design_1_i/AES_IP_TOP_0/inst/aes_core/NEXT_KEY_reg[4][54]/G is not reached by a timing clock
Related violations: <none>

TIMING-20#591 Warning
Non-clocked latch  
The latch design_1_i/AES_IP_TOP_0/inst/aes_core/NEXT_KEY_reg[4][55] cannot be properly analyzed as its control pin design_1_i/AES_IP_TOP_0/inst/aes_core/NEXT_KEY_reg[4][55]/G is not reached by a timing clock
Related violations: <none>

TIMING-20#592 Warning
Non-clocked latch  
The latch design_1_i/AES_IP_TOP_0/inst/aes_core/NEXT_KEY_reg[4][56] cannot be properly analyzed as its control pin design_1_i/AES_IP_TOP_0/inst/aes_core/NEXT_KEY_reg[4][56]/G is not reached by a timing clock
Related violations: <none>

TIMING-20#593 Warning
Non-clocked latch  
The latch design_1_i/AES_IP_TOP_0/inst/aes_core/NEXT_KEY_reg[4][57] cannot be properly analyzed as its control pin design_1_i/AES_IP_TOP_0/inst/aes_core/NEXT_KEY_reg[4][57]/G is not reached by a timing clock
Related violations: <none>

TIMING-20#594 Warning
Non-clocked latch  
The latch design_1_i/AES_IP_TOP_0/inst/aes_core/NEXT_KEY_reg[4][58] cannot be properly analyzed as its control pin design_1_i/AES_IP_TOP_0/inst/aes_core/NEXT_KEY_reg[4][58]/G is not reached by a timing clock
Related violations: <none>

TIMING-20#595 Warning
Non-clocked latch  
The latch design_1_i/AES_IP_TOP_0/inst/aes_core/NEXT_KEY_reg[4][59] cannot be properly analyzed as its control pin design_1_i/AES_IP_TOP_0/inst/aes_core/NEXT_KEY_reg[4][59]/G is not reached by a timing clock
Related violations: <none>

TIMING-20#596 Warning
Non-clocked latch  
The latch design_1_i/AES_IP_TOP_0/inst/aes_core/NEXT_KEY_reg[4][5] cannot be properly analyzed as its control pin design_1_i/AES_IP_TOP_0/inst/aes_core/NEXT_KEY_reg[4][5]/G is not reached by a timing clock
Related violations: <none>

TIMING-20#597 Warning
Non-clocked latch  
The latch design_1_i/AES_IP_TOP_0/inst/aes_core/NEXT_KEY_reg[4][60] cannot be properly analyzed as its control pin design_1_i/AES_IP_TOP_0/inst/aes_core/NEXT_KEY_reg[4][60]/G is not reached by a timing clock
Related violations: <none>

TIMING-20#598 Warning
Non-clocked latch  
The latch design_1_i/AES_IP_TOP_0/inst/aes_core/NEXT_KEY_reg[4][61] cannot be properly analyzed as its control pin design_1_i/AES_IP_TOP_0/inst/aes_core/NEXT_KEY_reg[4][61]/G is not reached by a timing clock
Related violations: <none>

TIMING-20#599 Warning
Non-clocked latch  
The latch design_1_i/AES_IP_TOP_0/inst/aes_core/NEXT_KEY_reg[4][62] cannot be properly analyzed as its control pin design_1_i/AES_IP_TOP_0/inst/aes_core/NEXT_KEY_reg[4][62]/G is not reached by a timing clock
Related violations: <none>

TIMING-20#600 Warning
Non-clocked latch  
The latch design_1_i/AES_IP_TOP_0/inst/aes_core/NEXT_KEY_reg[4][63] cannot be properly analyzed as its control pin design_1_i/AES_IP_TOP_0/inst/aes_core/NEXT_KEY_reg[4][63]/G is not reached by a timing clock
Related violations: <none>

TIMING-20#601 Warning
Non-clocked latch  
The latch design_1_i/AES_IP_TOP_0/inst/aes_core/NEXT_KEY_reg[4][64] cannot be properly analyzed as its control pin design_1_i/AES_IP_TOP_0/inst/aes_core/NEXT_KEY_reg[4][64]/G is not reached by a timing clock
Related violations: <none>

TIMING-20#602 Warning
Non-clocked latch  
The latch design_1_i/AES_IP_TOP_0/inst/aes_core/NEXT_KEY_reg[4][65] cannot be properly analyzed as its control pin design_1_i/AES_IP_TOP_0/inst/aes_core/NEXT_KEY_reg[4][65]/G is not reached by a timing clock
Related violations: <none>

TIMING-20#603 Warning
Non-clocked latch  
The latch design_1_i/AES_IP_TOP_0/inst/aes_core/NEXT_KEY_reg[4][66] cannot be properly analyzed as its control pin design_1_i/AES_IP_TOP_0/inst/aes_core/NEXT_KEY_reg[4][66]/G is not reached by a timing clock
Related violations: <none>

TIMING-20#604 Warning
Non-clocked latch  
The latch design_1_i/AES_IP_TOP_0/inst/aes_core/NEXT_KEY_reg[4][67] cannot be properly analyzed as its control pin design_1_i/AES_IP_TOP_0/inst/aes_core/NEXT_KEY_reg[4][67]/G is not reached by a timing clock
Related violations: <none>

TIMING-20#605 Warning
Non-clocked latch  
The latch design_1_i/AES_IP_TOP_0/inst/aes_core/NEXT_KEY_reg[4][68] cannot be properly analyzed as its control pin design_1_i/AES_IP_TOP_0/inst/aes_core/NEXT_KEY_reg[4][68]/G is not reached by a timing clock
Related violations: <none>

TIMING-20#606 Warning
Non-clocked latch  
The latch design_1_i/AES_IP_TOP_0/inst/aes_core/NEXT_KEY_reg[4][69] cannot be properly analyzed as its control pin design_1_i/AES_IP_TOP_0/inst/aes_core/NEXT_KEY_reg[4][69]/G is not reached by a timing clock
Related violations: <none>

TIMING-20#607 Warning
Non-clocked latch  
The latch design_1_i/AES_IP_TOP_0/inst/aes_core/NEXT_KEY_reg[4][6] cannot be properly analyzed as its control pin design_1_i/AES_IP_TOP_0/inst/aes_core/NEXT_KEY_reg[4][6]/G is not reached by a timing clock
Related violations: <none>

TIMING-20#608 Warning
Non-clocked latch  
The latch design_1_i/AES_IP_TOP_0/inst/aes_core/NEXT_KEY_reg[4][70] cannot be properly analyzed as its control pin design_1_i/AES_IP_TOP_0/inst/aes_core/NEXT_KEY_reg[4][70]/G is not reached by a timing clock
Related violations: <none>

TIMING-20#609 Warning
Non-clocked latch  
The latch design_1_i/AES_IP_TOP_0/inst/aes_core/NEXT_KEY_reg[4][71] cannot be properly analyzed as its control pin design_1_i/AES_IP_TOP_0/inst/aes_core/NEXT_KEY_reg[4][71]/G is not reached by a timing clock
Related violations: <none>

TIMING-20#610 Warning
Non-clocked latch  
The latch design_1_i/AES_IP_TOP_0/inst/aes_core/NEXT_KEY_reg[4][72] cannot be properly analyzed as its control pin design_1_i/AES_IP_TOP_0/inst/aes_core/NEXT_KEY_reg[4][72]/G is not reached by a timing clock
Related violations: <none>

TIMING-20#611 Warning
Non-clocked latch  
The latch design_1_i/AES_IP_TOP_0/inst/aes_core/NEXT_KEY_reg[4][73] cannot be properly analyzed as its control pin design_1_i/AES_IP_TOP_0/inst/aes_core/NEXT_KEY_reg[4][73]/G is not reached by a timing clock
Related violations: <none>

TIMING-20#612 Warning
Non-clocked latch  
The latch design_1_i/AES_IP_TOP_0/inst/aes_core/NEXT_KEY_reg[4][74] cannot be properly analyzed as its control pin design_1_i/AES_IP_TOP_0/inst/aes_core/NEXT_KEY_reg[4][74]/G is not reached by a timing clock
Related violations: <none>

TIMING-20#613 Warning
Non-clocked latch  
The latch design_1_i/AES_IP_TOP_0/inst/aes_core/NEXT_KEY_reg[4][75] cannot be properly analyzed as its control pin design_1_i/AES_IP_TOP_0/inst/aes_core/NEXT_KEY_reg[4][75]/G is not reached by a timing clock
Related violations: <none>

TIMING-20#614 Warning
Non-clocked latch  
The latch design_1_i/AES_IP_TOP_0/inst/aes_core/NEXT_KEY_reg[4][76] cannot be properly analyzed as its control pin design_1_i/AES_IP_TOP_0/inst/aes_core/NEXT_KEY_reg[4][76]/G is not reached by a timing clock
Related violations: <none>

TIMING-20#615 Warning
Non-clocked latch  
The latch design_1_i/AES_IP_TOP_0/inst/aes_core/NEXT_KEY_reg[4][77] cannot be properly analyzed as its control pin design_1_i/AES_IP_TOP_0/inst/aes_core/NEXT_KEY_reg[4][77]/G is not reached by a timing clock
Related violations: <none>

TIMING-20#616 Warning
Non-clocked latch  
The latch design_1_i/AES_IP_TOP_0/inst/aes_core/NEXT_KEY_reg[4][78] cannot be properly analyzed as its control pin design_1_i/AES_IP_TOP_0/inst/aes_core/NEXT_KEY_reg[4][78]/G is not reached by a timing clock
Related violations: <none>

TIMING-20#617 Warning
Non-clocked latch  
The latch design_1_i/AES_IP_TOP_0/inst/aes_core/NEXT_KEY_reg[4][79] cannot be properly analyzed as its control pin design_1_i/AES_IP_TOP_0/inst/aes_core/NEXT_KEY_reg[4][79]/G is not reached by a timing clock
Related violations: <none>

TIMING-20#618 Warning
Non-clocked latch  
The latch design_1_i/AES_IP_TOP_0/inst/aes_core/NEXT_KEY_reg[4][7] cannot be properly analyzed as its control pin design_1_i/AES_IP_TOP_0/inst/aes_core/NEXT_KEY_reg[4][7]/G is not reached by a timing clock
Related violations: <none>

TIMING-20#619 Warning
Non-clocked latch  
The latch design_1_i/AES_IP_TOP_0/inst/aes_core/NEXT_KEY_reg[4][80] cannot be properly analyzed as its control pin design_1_i/AES_IP_TOP_0/inst/aes_core/NEXT_KEY_reg[4][80]/G is not reached by a timing clock
Related violations: <none>

TIMING-20#620 Warning
Non-clocked latch  
The latch design_1_i/AES_IP_TOP_0/inst/aes_core/NEXT_KEY_reg[4][81] cannot be properly analyzed as its control pin design_1_i/AES_IP_TOP_0/inst/aes_core/NEXT_KEY_reg[4][81]/G is not reached by a timing clock
Related violations: <none>

TIMING-20#621 Warning
Non-clocked latch  
The latch design_1_i/AES_IP_TOP_0/inst/aes_core/NEXT_KEY_reg[4][82] cannot be properly analyzed as its control pin design_1_i/AES_IP_TOP_0/inst/aes_core/NEXT_KEY_reg[4][82]/G is not reached by a timing clock
Related violations: <none>

TIMING-20#622 Warning
Non-clocked latch  
The latch design_1_i/AES_IP_TOP_0/inst/aes_core/NEXT_KEY_reg[4][83] cannot be properly analyzed as its control pin design_1_i/AES_IP_TOP_0/inst/aes_core/NEXT_KEY_reg[4][83]/G is not reached by a timing clock
Related violations: <none>

TIMING-20#623 Warning
Non-clocked latch  
The latch design_1_i/AES_IP_TOP_0/inst/aes_core/NEXT_KEY_reg[4][84] cannot be properly analyzed as its control pin design_1_i/AES_IP_TOP_0/inst/aes_core/NEXT_KEY_reg[4][84]/G is not reached by a timing clock
Related violations: <none>

TIMING-20#624 Warning
Non-clocked latch  
The latch design_1_i/AES_IP_TOP_0/inst/aes_core/NEXT_KEY_reg[4][85] cannot be properly analyzed as its control pin design_1_i/AES_IP_TOP_0/inst/aes_core/NEXT_KEY_reg[4][85]/G is not reached by a timing clock
Related violations: <none>

TIMING-20#625 Warning
Non-clocked latch  
The latch design_1_i/AES_IP_TOP_0/inst/aes_core/NEXT_KEY_reg[4][86] cannot be properly analyzed as its control pin design_1_i/AES_IP_TOP_0/inst/aes_core/NEXT_KEY_reg[4][86]/G is not reached by a timing clock
Related violations: <none>

TIMING-20#626 Warning
Non-clocked latch  
The latch design_1_i/AES_IP_TOP_0/inst/aes_core/NEXT_KEY_reg[4][87] cannot be properly analyzed as its control pin design_1_i/AES_IP_TOP_0/inst/aes_core/NEXT_KEY_reg[4][87]/G is not reached by a timing clock
Related violations: <none>

TIMING-20#627 Warning
Non-clocked latch  
The latch design_1_i/AES_IP_TOP_0/inst/aes_core/NEXT_KEY_reg[4][88] cannot be properly analyzed as its control pin design_1_i/AES_IP_TOP_0/inst/aes_core/NEXT_KEY_reg[4][88]/G is not reached by a timing clock
Related violations: <none>

TIMING-20#628 Warning
Non-clocked latch  
The latch design_1_i/AES_IP_TOP_0/inst/aes_core/NEXT_KEY_reg[4][89] cannot be properly analyzed as its control pin design_1_i/AES_IP_TOP_0/inst/aes_core/NEXT_KEY_reg[4][89]/G is not reached by a timing clock
Related violations: <none>

TIMING-20#629 Warning
Non-clocked latch  
The latch design_1_i/AES_IP_TOP_0/inst/aes_core/NEXT_KEY_reg[4][8] cannot be properly analyzed as its control pin design_1_i/AES_IP_TOP_0/inst/aes_core/NEXT_KEY_reg[4][8]/G is not reached by a timing clock
Related violations: <none>

TIMING-20#630 Warning
Non-clocked latch  
The latch design_1_i/AES_IP_TOP_0/inst/aes_core/NEXT_KEY_reg[4][90] cannot be properly analyzed as its control pin design_1_i/AES_IP_TOP_0/inst/aes_core/NEXT_KEY_reg[4][90]/G is not reached by a timing clock
Related violations: <none>

TIMING-20#631 Warning
Non-clocked latch  
The latch design_1_i/AES_IP_TOP_0/inst/aes_core/NEXT_KEY_reg[4][91] cannot be properly analyzed as its control pin design_1_i/AES_IP_TOP_0/inst/aes_core/NEXT_KEY_reg[4][91]/G is not reached by a timing clock
Related violations: <none>

TIMING-20#632 Warning
Non-clocked latch  
The latch design_1_i/AES_IP_TOP_0/inst/aes_core/NEXT_KEY_reg[4][92] cannot be properly analyzed as its control pin design_1_i/AES_IP_TOP_0/inst/aes_core/NEXT_KEY_reg[4][92]/G is not reached by a timing clock
Related violations: <none>

TIMING-20#633 Warning
Non-clocked latch  
The latch design_1_i/AES_IP_TOP_0/inst/aes_core/NEXT_KEY_reg[4][93] cannot be properly analyzed as its control pin design_1_i/AES_IP_TOP_0/inst/aes_core/NEXT_KEY_reg[4][93]/G is not reached by a timing clock
Related violations: <none>

TIMING-20#634 Warning
Non-clocked latch  
The latch design_1_i/AES_IP_TOP_0/inst/aes_core/NEXT_KEY_reg[4][94] cannot be properly analyzed as its control pin design_1_i/AES_IP_TOP_0/inst/aes_core/NEXT_KEY_reg[4][94]/G is not reached by a timing clock
Related violations: <none>

TIMING-20#635 Warning
Non-clocked latch  
The latch design_1_i/AES_IP_TOP_0/inst/aes_core/NEXT_KEY_reg[4][95] cannot be properly analyzed as its control pin design_1_i/AES_IP_TOP_0/inst/aes_core/NEXT_KEY_reg[4][95]/G is not reached by a timing clock
Related violations: <none>

TIMING-20#636 Warning
Non-clocked latch  
The latch design_1_i/AES_IP_TOP_0/inst/aes_core/NEXT_KEY_reg[4][96] cannot be properly analyzed as its control pin design_1_i/AES_IP_TOP_0/inst/aes_core/NEXT_KEY_reg[4][96]/G is not reached by a timing clock
Related violations: <none>

TIMING-20#637 Warning
Non-clocked latch  
The latch design_1_i/AES_IP_TOP_0/inst/aes_core/NEXT_KEY_reg[4][97] cannot be properly analyzed as its control pin design_1_i/AES_IP_TOP_0/inst/aes_core/NEXT_KEY_reg[4][97]/G is not reached by a timing clock
Related violations: <none>

TIMING-20#638 Warning
Non-clocked latch  
The latch design_1_i/AES_IP_TOP_0/inst/aes_core/NEXT_KEY_reg[4][98] cannot be properly analyzed as its control pin design_1_i/AES_IP_TOP_0/inst/aes_core/NEXT_KEY_reg[4][98]/G is not reached by a timing clock
Related violations: <none>

TIMING-20#639 Warning
Non-clocked latch  
The latch design_1_i/AES_IP_TOP_0/inst/aes_core/NEXT_KEY_reg[4][99] cannot be properly analyzed as its control pin design_1_i/AES_IP_TOP_0/inst/aes_core/NEXT_KEY_reg[4][99]/G is not reached by a timing clock
Related violations: <none>

TIMING-20#640 Warning
Non-clocked latch  
The latch design_1_i/AES_IP_TOP_0/inst/aes_core/NEXT_KEY_reg[4][9] cannot be properly analyzed as its control pin design_1_i/AES_IP_TOP_0/inst/aes_core/NEXT_KEY_reg[4][9]/G is not reached by a timing clock
Related violations: <none>

TIMING-20#641 Warning
Non-clocked latch  
The latch design_1_i/AES_IP_TOP_0/inst/aes_core/NEXT_KEY_reg[5][0] cannot be properly analyzed as its control pin design_1_i/AES_IP_TOP_0/inst/aes_core/NEXT_KEY_reg[5][0]/G is not reached by a timing clock
Related violations: <none>

TIMING-20#642 Warning
Non-clocked latch  
The latch design_1_i/AES_IP_TOP_0/inst/aes_core/NEXT_KEY_reg[5][100] cannot be properly analyzed as its control pin design_1_i/AES_IP_TOP_0/inst/aes_core/NEXT_KEY_reg[5][100]/G is not reached by a timing clock
Related violations: <none>

TIMING-20#643 Warning
Non-clocked latch  
The latch design_1_i/AES_IP_TOP_0/inst/aes_core/NEXT_KEY_reg[5][101] cannot be properly analyzed as its control pin design_1_i/AES_IP_TOP_0/inst/aes_core/NEXT_KEY_reg[5][101]/G is not reached by a timing clock
Related violations: <none>

TIMING-20#644 Warning
Non-clocked latch  
The latch design_1_i/AES_IP_TOP_0/inst/aes_core/NEXT_KEY_reg[5][102] cannot be properly analyzed as its control pin design_1_i/AES_IP_TOP_0/inst/aes_core/NEXT_KEY_reg[5][102]/G is not reached by a timing clock
Related violations: <none>

TIMING-20#645 Warning
Non-clocked latch  
The latch design_1_i/AES_IP_TOP_0/inst/aes_core/NEXT_KEY_reg[5][103] cannot be properly analyzed as its control pin design_1_i/AES_IP_TOP_0/inst/aes_core/NEXT_KEY_reg[5][103]/G is not reached by a timing clock
Related violations: <none>

TIMING-20#646 Warning
Non-clocked latch  
The latch design_1_i/AES_IP_TOP_0/inst/aes_core/NEXT_KEY_reg[5][104] cannot be properly analyzed as its control pin design_1_i/AES_IP_TOP_0/inst/aes_core/NEXT_KEY_reg[5][104]/G is not reached by a timing clock
Related violations: <none>

TIMING-20#647 Warning
Non-clocked latch  
The latch design_1_i/AES_IP_TOP_0/inst/aes_core/NEXT_KEY_reg[5][105] cannot be properly analyzed as its control pin design_1_i/AES_IP_TOP_0/inst/aes_core/NEXT_KEY_reg[5][105]/G is not reached by a timing clock
Related violations: <none>

TIMING-20#648 Warning
Non-clocked latch  
The latch design_1_i/AES_IP_TOP_0/inst/aes_core/NEXT_KEY_reg[5][106] cannot be properly analyzed as its control pin design_1_i/AES_IP_TOP_0/inst/aes_core/NEXT_KEY_reg[5][106]/G is not reached by a timing clock
Related violations: <none>

TIMING-20#649 Warning
Non-clocked latch  
The latch design_1_i/AES_IP_TOP_0/inst/aes_core/NEXT_KEY_reg[5][107] cannot be properly analyzed as its control pin design_1_i/AES_IP_TOP_0/inst/aes_core/NEXT_KEY_reg[5][107]/G is not reached by a timing clock
Related violations: <none>

TIMING-20#650 Warning
Non-clocked latch  
The latch design_1_i/AES_IP_TOP_0/inst/aes_core/NEXT_KEY_reg[5][108] cannot be properly analyzed as its control pin design_1_i/AES_IP_TOP_0/inst/aes_core/NEXT_KEY_reg[5][108]/G is not reached by a timing clock
Related violations: <none>

TIMING-20#651 Warning
Non-clocked latch  
The latch design_1_i/AES_IP_TOP_0/inst/aes_core/NEXT_KEY_reg[5][109] cannot be properly analyzed as its control pin design_1_i/AES_IP_TOP_0/inst/aes_core/NEXT_KEY_reg[5][109]/G is not reached by a timing clock
Related violations: <none>

TIMING-20#652 Warning
Non-clocked latch  
The latch design_1_i/AES_IP_TOP_0/inst/aes_core/NEXT_KEY_reg[5][10] cannot be properly analyzed as its control pin design_1_i/AES_IP_TOP_0/inst/aes_core/NEXT_KEY_reg[5][10]/G is not reached by a timing clock
Related violations: <none>

TIMING-20#653 Warning
Non-clocked latch  
The latch design_1_i/AES_IP_TOP_0/inst/aes_core/NEXT_KEY_reg[5][110] cannot be properly analyzed as its control pin design_1_i/AES_IP_TOP_0/inst/aes_core/NEXT_KEY_reg[5][110]/G is not reached by a timing clock
Related violations: <none>

TIMING-20#654 Warning
Non-clocked latch  
The latch design_1_i/AES_IP_TOP_0/inst/aes_core/NEXT_KEY_reg[5][111] cannot be properly analyzed as its control pin design_1_i/AES_IP_TOP_0/inst/aes_core/NEXT_KEY_reg[5][111]/G is not reached by a timing clock
Related violations: <none>

TIMING-20#655 Warning
Non-clocked latch  
The latch design_1_i/AES_IP_TOP_0/inst/aes_core/NEXT_KEY_reg[5][112] cannot be properly analyzed as its control pin design_1_i/AES_IP_TOP_0/inst/aes_core/NEXT_KEY_reg[5][112]/G is not reached by a timing clock
Related violations: <none>

TIMING-20#656 Warning
Non-clocked latch  
The latch design_1_i/AES_IP_TOP_0/inst/aes_core/NEXT_KEY_reg[5][113] cannot be properly analyzed as its control pin design_1_i/AES_IP_TOP_0/inst/aes_core/NEXT_KEY_reg[5][113]/G is not reached by a timing clock
Related violations: <none>

TIMING-20#657 Warning
Non-clocked latch  
The latch design_1_i/AES_IP_TOP_0/inst/aes_core/NEXT_KEY_reg[5][114] cannot be properly analyzed as its control pin design_1_i/AES_IP_TOP_0/inst/aes_core/NEXT_KEY_reg[5][114]/G is not reached by a timing clock
Related violations: <none>

TIMING-20#658 Warning
Non-clocked latch  
The latch design_1_i/AES_IP_TOP_0/inst/aes_core/NEXT_KEY_reg[5][115] cannot be properly analyzed as its control pin design_1_i/AES_IP_TOP_0/inst/aes_core/NEXT_KEY_reg[5][115]/G is not reached by a timing clock
Related violations: <none>

TIMING-20#659 Warning
Non-clocked latch  
The latch design_1_i/AES_IP_TOP_0/inst/aes_core/NEXT_KEY_reg[5][116] cannot be properly analyzed as its control pin design_1_i/AES_IP_TOP_0/inst/aes_core/NEXT_KEY_reg[5][116]/G is not reached by a timing clock
Related violations: <none>

TIMING-20#660 Warning
Non-clocked latch  
The latch design_1_i/AES_IP_TOP_0/inst/aes_core/NEXT_KEY_reg[5][117] cannot be properly analyzed as its control pin design_1_i/AES_IP_TOP_0/inst/aes_core/NEXT_KEY_reg[5][117]/G is not reached by a timing clock
Related violations: <none>

TIMING-20#661 Warning
Non-clocked latch  
The latch design_1_i/AES_IP_TOP_0/inst/aes_core/NEXT_KEY_reg[5][118] cannot be properly analyzed as its control pin design_1_i/AES_IP_TOP_0/inst/aes_core/NEXT_KEY_reg[5][118]/G is not reached by a timing clock
Related violations: <none>

TIMING-20#662 Warning
Non-clocked latch  
The latch design_1_i/AES_IP_TOP_0/inst/aes_core/NEXT_KEY_reg[5][119] cannot be properly analyzed as its control pin design_1_i/AES_IP_TOP_0/inst/aes_core/NEXT_KEY_reg[5][119]/G is not reached by a timing clock
Related violations: <none>

TIMING-20#663 Warning
Non-clocked latch  
The latch design_1_i/AES_IP_TOP_0/inst/aes_core/NEXT_KEY_reg[5][11] cannot be properly analyzed as its control pin design_1_i/AES_IP_TOP_0/inst/aes_core/NEXT_KEY_reg[5][11]/G is not reached by a timing clock
Related violations: <none>

TIMING-20#664 Warning
Non-clocked latch  
The latch design_1_i/AES_IP_TOP_0/inst/aes_core/NEXT_KEY_reg[5][120] cannot be properly analyzed as its control pin design_1_i/AES_IP_TOP_0/inst/aes_core/NEXT_KEY_reg[5][120]/G is not reached by a timing clock
Related violations: <none>

TIMING-20#665 Warning
Non-clocked latch  
The latch design_1_i/AES_IP_TOP_0/inst/aes_core/NEXT_KEY_reg[5][121] cannot be properly analyzed as its control pin design_1_i/AES_IP_TOP_0/inst/aes_core/NEXT_KEY_reg[5][121]/G is not reached by a timing clock
Related violations: <none>

TIMING-20#666 Warning
Non-clocked latch  
The latch design_1_i/AES_IP_TOP_0/inst/aes_core/NEXT_KEY_reg[5][122] cannot be properly analyzed as its control pin design_1_i/AES_IP_TOP_0/inst/aes_core/NEXT_KEY_reg[5][122]/G is not reached by a timing clock
Related violations: <none>

TIMING-20#667 Warning
Non-clocked latch  
The latch design_1_i/AES_IP_TOP_0/inst/aes_core/NEXT_KEY_reg[5][123] cannot be properly analyzed as its control pin design_1_i/AES_IP_TOP_0/inst/aes_core/NEXT_KEY_reg[5][123]/G is not reached by a timing clock
Related violations: <none>

TIMING-20#668 Warning
Non-clocked latch  
The latch design_1_i/AES_IP_TOP_0/inst/aes_core/NEXT_KEY_reg[5][124] cannot be properly analyzed as its control pin design_1_i/AES_IP_TOP_0/inst/aes_core/NEXT_KEY_reg[5][124]/G is not reached by a timing clock
Related violations: <none>

TIMING-20#669 Warning
Non-clocked latch  
The latch design_1_i/AES_IP_TOP_0/inst/aes_core/NEXT_KEY_reg[5][125] cannot be properly analyzed as its control pin design_1_i/AES_IP_TOP_0/inst/aes_core/NEXT_KEY_reg[5][125]/G is not reached by a timing clock
Related violations: <none>

TIMING-20#670 Warning
Non-clocked latch  
The latch design_1_i/AES_IP_TOP_0/inst/aes_core/NEXT_KEY_reg[5][126] cannot be properly analyzed as its control pin design_1_i/AES_IP_TOP_0/inst/aes_core/NEXT_KEY_reg[5][126]/G is not reached by a timing clock
Related violations: <none>

TIMING-20#671 Warning
Non-clocked latch  
The latch design_1_i/AES_IP_TOP_0/inst/aes_core/NEXT_KEY_reg[5][127] cannot be properly analyzed as its control pin design_1_i/AES_IP_TOP_0/inst/aes_core/NEXT_KEY_reg[5][127]/G is not reached by a timing clock
Related violations: <none>

TIMING-20#672 Warning
Non-clocked latch  
The latch design_1_i/AES_IP_TOP_0/inst/aes_core/NEXT_KEY_reg[5][12] cannot be properly analyzed as its control pin design_1_i/AES_IP_TOP_0/inst/aes_core/NEXT_KEY_reg[5][12]/G is not reached by a timing clock
Related violations: <none>

TIMING-20#673 Warning
Non-clocked latch  
The latch design_1_i/AES_IP_TOP_0/inst/aes_core/NEXT_KEY_reg[5][13] cannot be properly analyzed as its control pin design_1_i/AES_IP_TOP_0/inst/aes_core/NEXT_KEY_reg[5][13]/G is not reached by a timing clock
Related violations: <none>

TIMING-20#674 Warning
Non-clocked latch  
The latch design_1_i/AES_IP_TOP_0/inst/aes_core/NEXT_KEY_reg[5][14] cannot be properly analyzed as its control pin design_1_i/AES_IP_TOP_0/inst/aes_core/NEXT_KEY_reg[5][14]/G is not reached by a timing clock
Related violations: <none>

TIMING-20#675 Warning
Non-clocked latch  
The latch design_1_i/AES_IP_TOP_0/inst/aes_core/NEXT_KEY_reg[5][15] cannot be properly analyzed as its control pin design_1_i/AES_IP_TOP_0/inst/aes_core/NEXT_KEY_reg[5][15]/G is not reached by a timing clock
Related violations: <none>

TIMING-20#676 Warning
Non-clocked latch  
The latch design_1_i/AES_IP_TOP_0/inst/aes_core/NEXT_KEY_reg[5][16] cannot be properly analyzed as its control pin design_1_i/AES_IP_TOP_0/inst/aes_core/NEXT_KEY_reg[5][16]/G is not reached by a timing clock
Related violations: <none>

TIMING-20#677 Warning
Non-clocked latch  
The latch design_1_i/AES_IP_TOP_0/inst/aes_core/NEXT_KEY_reg[5][17] cannot be properly analyzed as its control pin design_1_i/AES_IP_TOP_0/inst/aes_core/NEXT_KEY_reg[5][17]/G is not reached by a timing clock
Related violations: <none>

TIMING-20#678 Warning
Non-clocked latch  
The latch design_1_i/AES_IP_TOP_0/inst/aes_core/NEXT_KEY_reg[5][18] cannot be properly analyzed as its control pin design_1_i/AES_IP_TOP_0/inst/aes_core/NEXT_KEY_reg[5][18]/G is not reached by a timing clock
Related violations: <none>

TIMING-20#679 Warning
Non-clocked latch  
The latch design_1_i/AES_IP_TOP_0/inst/aes_core/NEXT_KEY_reg[5][19] cannot be properly analyzed as its control pin design_1_i/AES_IP_TOP_0/inst/aes_core/NEXT_KEY_reg[5][19]/G is not reached by a timing clock
Related violations: <none>

TIMING-20#680 Warning
Non-clocked latch  
The latch design_1_i/AES_IP_TOP_0/inst/aes_core/NEXT_KEY_reg[5][1] cannot be properly analyzed as its control pin design_1_i/AES_IP_TOP_0/inst/aes_core/NEXT_KEY_reg[5][1]/G is not reached by a timing clock
Related violations: <none>

TIMING-20#681 Warning
Non-clocked latch  
The latch design_1_i/AES_IP_TOP_0/inst/aes_core/NEXT_KEY_reg[5][20] cannot be properly analyzed as its control pin design_1_i/AES_IP_TOP_0/inst/aes_core/NEXT_KEY_reg[5][20]/G is not reached by a timing clock
Related violations: <none>

TIMING-20#682 Warning
Non-clocked latch  
The latch design_1_i/AES_IP_TOP_0/inst/aes_core/NEXT_KEY_reg[5][21] cannot be properly analyzed as its control pin design_1_i/AES_IP_TOP_0/inst/aes_core/NEXT_KEY_reg[5][21]/G is not reached by a timing clock
Related violations: <none>

TIMING-20#683 Warning
Non-clocked latch  
The latch design_1_i/AES_IP_TOP_0/inst/aes_core/NEXT_KEY_reg[5][22] cannot be properly analyzed as its control pin design_1_i/AES_IP_TOP_0/inst/aes_core/NEXT_KEY_reg[5][22]/G is not reached by a timing clock
Related violations: <none>

TIMING-20#684 Warning
Non-clocked latch  
The latch design_1_i/AES_IP_TOP_0/inst/aes_core/NEXT_KEY_reg[5][23] cannot be properly analyzed as its control pin design_1_i/AES_IP_TOP_0/inst/aes_core/NEXT_KEY_reg[5][23]/G is not reached by a timing clock
Related violations: <none>

TIMING-20#685 Warning
Non-clocked latch  
The latch design_1_i/AES_IP_TOP_0/inst/aes_core/NEXT_KEY_reg[5][24] cannot be properly analyzed as its control pin design_1_i/AES_IP_TOP_0/inst/aes_core/NEXT_KEY_reg[5][24]/G is not reached by a timing clock
Related violations: <none>

TIMING-20#686 Warning
Non-clocked latch  
The latch design_1_i/AES_IP_TOP_0/inst/aes_core/NEXT_KEY_reg[5][25] cannot be properly analyzed as its control pin design_1_i/AES_IP_TOP_0/inst/aes_core/NEXT_KEY_reg[5][25]/G is not reached by a timing clock
Related violations: <none>

TIMING-20#687 Warning
Non-clocked latch  
The latch design_1_i/AES_IP_TOP_0/inst/aes_core/NEXT_KEY_reg[5][26] cannot be properly analyzed as its control pin design_1_i/AES_IP_TOP_0/inst/aes_core/NEXT_KEY_reg[5][26]/G is not reached by a timing clock
Related violations: <none>

TIMING-20#688 Warning
Non-clocked latch  
The latch design_1_i/AES_IP_TOP_0/inst/aes_core/NEXT_KEY_reg[5][27] cannot be properly analyzed as its control pin design_1_i/AES_IP_TOP_0/inst/aes_core/NEXT_KEY_reg[5][27]/G is not reached by a timing clock
Related violations: <none>

TIMING-20#689 Warning
Non-clocked latch  
The latch design_1_i/AES_IP_TOP_0/inst/aes_core/NEXT_KEY_reg[5][28] cannot be properly analyzed as its control pin design_1_i/AES_IP_TOP_0/inst/aes_core/NEXT_KEY_reg[5][28]/G is not reached by a timing clock
Related violations: <none>

TIMING-20#690 Warning
Non-clocked latch  
The latch design_1_i/AES_IP_TOP_0/inst/aes_core/NEXT_KEY_reg[5][29] cannot be properly analyzed as its control pin design_1_i/AES_IP_TOP_0/inst/aes_core/NEXT_KEY_reg[5][29]/G is not reached by a timing clock
Related violations: <none>

TIMING-20#691 Warning
Non-clocked latch  
The latch design_1_i/AES_IP_TOP_0/inst/aes_core/NEXT_KEY_reg[5][2] cannot be properly analyzed as its control pin design_1_i/AES_IP_TOP_0/inst/aes_core/NEXT_KEY_reg[5][2]/G is not reached by a timing clock
Related violations: <none>

TIMING-20#692 Warning
Non-clocked latch  
The latch design_1_i/AES_IP_TOP_0/inst/aes_core/NEXT_KEY_reg[5][30] cannot be properly analyzed as its control pin design_1_i/AES_IP_TOP_0/inst/aes_core/NEXT_KEY_reg[5][30]/G is not reached by a timing clock
Related violations: <none>

TIMING-20#693 Warning
Non-clocked latch  
The latch design_1_i/AES_IP_TOP_0/inst/aes_core/NEXT_KEY_reg[5][31] cannot be properly analyzed as its control pin design_1_i/AES_IP_TOP_0/inst/aes_core/NEXT_KEY_reg[5][31]/G is not reached by a timing clock
Related violations: <none>

TIMING-20#694 Warning
Non-clocked latch  
The latch design_1_i/AES_IP_TOP_0/inst/aes_core/NEXT_KEY_reg[5][32] cannot be properly analyzed as its control pin design_1_i/AES_IP_TOP_0/inst/aes_core/NEXT_KEY_reg[5][32]/G is not reached by a timing clock
Related violations: <none>

TIMING-20#695 Warning
Non-clocked latch  
The latch design_1_i/AES_IP_TOP_0/inst/aes_core/NEXT_KEY_reg[5][33] cannot be properly analyzed as its control pin design_1_i/AES_IP_TOP_0/inst/aes_core/NEXT_KEY_reg[5][33]/G is not reached by a timing clock
Related violations: <none>

TIMING-20#696 Warning
Non-clocked latch  
The latch design_1_i/AES_IP_TOP_0/inst/aes_core/NEXT_KEY_reg[5][34] cannot be properly analyzed as its control pin design_1_i/AES_IP_TOP_0/inst/aes_core/NEXT_KEY_reg[5][34]/G is not reached by a timing clock
Related violations: <none>

TIMING-20#697 Warning
Non-clocked latch  
The latch design_1_i/AES_IP_TOP_0/inst/aes_core/NEXT_KEY_reg[5][35] cannot be properly analyzed as its control pin design_1_i/AES_IP_TOP_0/inst/aes_core/NEXT_KEY_reg[5][35]/G is not reached by a timing clock
Related violations: <none>

TIMING-20#698 Warning
Non-clocked latch  
The latch design_1_i/AES_IP_TOP_0/inst/aes_core/NEXT_KEY_reg[5][36] cannot be properly analyzed as its control pin design_1_i/AES_IP_TOP_0/inst/aes_core/NEXT_KEY_reg[5][36]/G is not reached by a timing clock
Related violations: <none>

TIMING-20#699 Warning
Non-clocked latch  
The latch design_1_i/AES_IP_TOP_0/inst/aes_core/NEXT_KEY_reg[5][37] cannot be properly analyzed as its control pin design_1_i/AES_IP_TOP_0/inst/aes_core/NEXT_KEY_reg[5][37]/G is not reached by a timing clock
Related violations: <none>

TIMING-20#700 Warning
Non-clocked latch  
The latch design_1_i/AES_IP_TOP_0/inst/aes_core/NEXT_KEY_reg[5][38] cannot be properly analyzed as its control pin design_1_i/AES_IP_TOP_0/inst/aes_core/NEXT_KEY_reg[5][38]/G is not reached by a timing clock
Related violations: <none>

TIMING-20#701 Warning
Non-clocked latch  
The latch design_1_i/AES_IP_TOP_0/inst/aes_core/NEXT_KEY_reg[5][39] cannot be properly analyzed as its control pin design_1_i/AES_IP_TOP_0/inst/aes_core/NEXT_KEY_reg[5][39]/G is not reached by a timing clock
Related violations: <none>

TIMING-20#702 Warning
Non-clocked latch  
The latch design_1_i/AES_IP_TOP_0/inst/aes_core/NEXT_KEY_reg[5][3] cannot be properly analyzed as its control pin design_1_i/AES_IP_TOP_0/inst/aes_core/NEXT_KEY_reg[5][3]/G is not reached by a timing clock
Related violations: <none>

TIMING-20#703 Warning
Non-clocked latch  
The latch design_1_i/AES_IP_TOP_0/inst/aes_core/NEXT_KEY_reg[5][40] cannot be properly analyzed as its control pin design_1_i/AES_IP_TOP_0/inst/aes_core/NEXT_KEY_reg[5][40]/G is not reached by a timing clock
Related violations: <none>

TIMING-20#704 Warning
Non-clocked latch  
The latch design_1_i/AES_IP_TOP_0/inst/aes_core/NEXT_KEY_reg[5][41] cannot be properly analyzed as its control pin design_1_i/AES_IP_TOP_0/inst/aes_core/NEXT_KEY_reg[5][41]/G is not reached by a timing clock
Related violations: <none>

TIMING-20#705 Warning
Non-clocked latch  
The latch design_1_i/AES_IP_TOP_0/inst/aes_core/NEXT_KEY_reg[5][42] cannot be properly analyzed as its control pin design_1_i/AES_IP_TOP_0/inst/aes_core/NEXT_KEY_reg[5][42]/G is not reached by a timing clock
Related violations: <none>

TIMING-20#706 Warning
Non-clocked latch  
The latch design_1_i/AES_IP_TOP_0/inst/aes_core/NEXT_KEY_reg[5][43] cannot be properly analyzed as its control pin design_1_i/AES_IP_TOP_0/inst/aes_core/NEXT_KEY_reg[5][43]/G is not reached by a timing clock
Related violations: <none>

TIMING-20#707 Warning
Non-clocked latch  
The latch design_1_i/AES_IP_TOP_0/inst/aes_core/NEXT_KEY_reg[5][44] cannot be properly analyzed as its control pin design_1_i/AES_IP_TOP_0/inst/aes_core/NEXT_KEY_reg[5][44]/G is not reached by a timing clock
Related violations: <none>

TIMING-20#708 Warning
Non-clocked latch  
The latch design_1_i/AES_IP_TOP_0/inst/aes_core/NEXT_KEY_reg[5][45] cannot be properly analyzed as its control pin design_1_i/AES_IP_TOP_0/inst/aes_core/NEXT_KEY_reg[5][45]/G is not reached by a timing clock
Related violations: <none>

TIMING-20#709 Warning
Non-clocked latch  
The latch design_1_i/AES_IP_TOP_0/inst/aes_core/NEXT_KEY_reg[5][46] cannot be properly analyzed as its control pin design_1_i/AES_IP_TOP_0/inst/aes_core/NEXT_KEY_reg[5][46]/G is not reached by a timing clock
Related violations: <none>

TIMING-20#710 Warning
Non-clocked latch  
The latch design_1_i/AES_IP_TOP_0/inst/aes_core/NEXT_KEY_reg[5][47] cannot be properly analyzed as its control pin design_1_i/AES_IP_TOP_0/inst/aes_core/NEXT_KEY_reg[5][47]/G is not reached by a timing clock
Related violations: <none>

TIMING-20#711 Warning
Non-clocked latch  
The latch design_1_i/AES_IP_TOP_0/inst/aes_core/NEXT_KEY_reg[5][48] cannot be properly analyzed as its control pin design_1_i/AES_IP_TOP_0/inst/aes_core/NEXT_KEY_reg[5][48]/G is not reached by a timing clock
Related violations: <none>

TIMING-20#712 Warning
Non-clocked latch  
The latch design_1_i/AES_IP_TOP_0/inst/aes_core/NEXT_KEY_reg[5][49] cannot be properly analyzed as its control pin design_1_i/AES_IP_TOP_0/inst/aes_core/NEXT_KEY_reg[5][49]/G is not reached by a timing clock
Related violations: <none>

TIMING-20#713 Warning
Non-clocked latch  
The latch design_1_i/AES_IP_TOP_0/inst/aes_core/NEXT_KEY_reg[5][4] cannot be properly analyzed as its control pin design_1_i/AES_IP_TOP_0/inst/aes_core/NEXT_KEY_reg[5][4]/G is not reached by a timing clock
Related violations: <none>

TIMING-20#714 Warning
Non-clocked latch  
The latch design_1_i/AES_IP_TOP_0/inst/aes_core/NEXT_KEY_reg[5][50] cannot be properly analyzed as its control pin design_1_i/AES_IP_TOP_0/inst/aes_core/NEXT_KEY_reg[5][50]/G is not reached by a timing clock
Related violations: <none>

TIMING-20#715 Warning
Non-clocked latch  
The latch design_1_i/AES_IP_TOP_0/inst/aes_core/NEXT_KEY_reg[5][51] cannot be properly analyzed as its control pin design_1_i/AES_IP_TOP_0/inst/aes_core/NEXT_KEY_reg[5][51]/G is not reached by a timing clock
Related violations: <none>

TIMING-20#716 Warning
Non-clocked latch  
The latch design_1_i/AES_IP_TOP_0/inst/aes_core/NEXT_KEY_reg[5][52] cannot be properly analyzed as its control pin design_1_i/AES_IP_TOP_0/inst/aes_core/NEXT_KEY_reg[5][52]/G is not reached by a timing clock
Related violations: <none>

TIMING-20#717 Warning
Non-clocked latch  
The latch design_1_i/AES_IP_TOP_0/inst/aes_core/NEXT_KEY_reg[5][53] cannot be properly analyzed as its control pin design_1_i/AES_IP_TOP_0/inst/aes_core/NEXT_KEY_reg[5][53]/G is not reached by a timing clock
Related violations: <none>

TIMING-20#718 Warning
Non-clocked latch  
The latch design_1_i/AES_IP_TOP_0/inst/aes_core/NEXT_KEY_reg[5][54] cannot be properly analyzed as its control pin design_1_i/AES_IP_TOP_0/inst/aes_core/NEXT_KEY_reg[5][54]/G is not reached by a timing clock
Related violations: <none>

TIMING-20#719 Warning
Non-clocked latch  
The latch design_1_i/AES_IP_TOP_0/inst/aes_core/NEXT_KEY_reg[5][55] cannot be properly analyzed as its control pin design_1_i/AES_IP_TOP_0/inst/aes_core/NEXT_KEY_reg[5][55]/G is not reached by a timing clock
Related violations: <none>

TIMING-20#720 Warning
Non-clocked latch  
The latch design_1_i/AES_IP_TOP_0/inst/aes_core/NEXT_KEY_reg[5][56] cannot be properly analyzed as its control pin design_1_i/AES_IP_TOP_0/inst/aes_core/NEXT_KEY_reg[5][56]/G is not reached by a timing clock
Related violations: <none>

TIMING-20#721 Warning
Non-clocked latch  
The latch design_1_i/AES_IP_TOP_0/inst/aes_core/NEXT_KEY_reg[5][57] cannot be properly analyzed as its control pin design_1_i/AES_IP_TOP_0/inst/aes_core/NEXT_KEY_reg[5][57]/G is not reached by a timing clock
Related violations: <none>

TIMING-20#722 Warning
Non-clocked latch  
The latch design_1_i/AES_IP_TOP_0/inst/aes_core/NEXT_KEY_reg[5][58] cannot be properly analyzed as its control pin design_1_i/AES_IP_TOP_0/inst/aes_core/NEXT_KEY_reg[5][58]/G is not reached by a timing clock
Related violations: <none>

TIMING-20#723 Warning
Non-clocked latch  
The latch design_1_i/AES_IP_TOP_0/inst/aes_core/NEXT_KEY_reg[5][59] cannot be properly analyzed as its control pin design_1_i/AES_IP_TOP_0/inst/aes_core/NEXT_KEY_reg[5][59]/G is not reached by a timing clock
Related violations: <none>

TIMING-20#724 Warning
Non-clocked latch  
The latch design_1_i/AES_IP_TOP_0/inst/aes_core/NEXT_KEY_reg[5][5] cannot be properly analyzed as its control pin design_1_i/AES_IP_TOP_0/inst/aes_core/NEXT_KEY_reg[5][5]/G is not reached by a timing clock
Related violations: <none>

TIMING-20#725 Warning
Non-clocked latch  
The latch design_1_i/AES_IP_TOP_0/inst/aes_core/NEXT_KEY_reg[5][60] cannot be properly analyzed as its control pin design_1_i/AES_IP_TOP_0/inst/aes_core/NEXT_KEY_reg[5][60]/G is not reached by a timing clock
Related violations: <none>

TIMING-20#726 Warning
Non-clocked latch  
The latch design_1_i/AES_IP_TOP_0/inst/aes_core/NEXT_KEY_reg[5][61] cannot be properly analyzed as its control pin design_1_i/AES_IP_TOP_0/inst/aes_core/NEXT_KEY_reg[5][61]/G is not reached by a timing clock
Related violations: <none>

TIMING-20#727 Warning
Non-clocked latch  
The latch design_1_i/AES_IP_TOP_0/inst/aes_core/NEXT_KEY_reg[5][62] cannot be properly analyzed as its control pin design_1_i/AES_IP_TOP_0/inst/aes_core/NEXT_KEY_reg[5][62]/G is not reached by a timing clock
Related violations: <none>

TIMING-20#728 Warning
Non-clocked latch  
The latch design_1_i/AES_IP_TOP_0/inst/aes_core/NEXT_KEY_reg[5][63] cannot be properly analyzed as its control pin design_1_i/AES_IP_TOP_0/inst/aes_core/NEXT_KEY_reg[5][63]/G is not reached by a timing clock
Related violations: <none>

TIMING-20#729 Warning
Non-clocked latch  
The latch design_1_i/AES_IP_TOP_0/inst/aes_core/NEXT_KEY_reg[5][64] cannot be properly analyzed as its control pin design_1_i/AES_IP_TOP_0/inst/aes_core/NEXT_KEY_reg[5][64]/G is not reached by a timing clock
Related violations: <none>

TIMING-20#730 Warning
Non-clocked latch  
The latch design_1_i/AES_IP_TOP_0/inst/aes_core/NEXT_KEY_reg[5][65] cannot be properly analyzed as its control pin design_1_i/AES_IP_TOP_0/inst/aes_core/NEXT_KEY_reg[5][65]/G is not reached by a timing clock
Related violations: <none>

TIMING-20#731 Warning
Non-clocked latch  
The latch design_1_i/AES_IP_TOP_0/inst/aes_core/NEXT_KEY_reg[5][66] cannot be properly analyzed as its control pin design_1_i/AES_IP_TOP_0/inst/aes_core/NEXT_KEY_reg[5][66]/G is not reached by a timing clock
Related violations: <none>

TIMING-20#732 Warning
Non-clocked latch  
The latch design_1_i/AES_IP_TOP_0/inst/aes_core/NEXT_KEY_reg[5][67] cannot be properly analyzed as its control pin design_1_i/AES_IP_TOP_0/inst/aes_core/NEXT_KEY_reg[5][67]/G is not reached by a timing clock
Related violations: <none>

TIMING-20#733 Warning
Non-clocked latch  
The latch design_1_i/AES_IP_TOP_0/inst/aes_core/NEXT_KEY_reg[5][68] cannot be properly analyzed as its control pin design_1_i/AES_IP_TOP_0/inst/aes_core/NEXT_KEY_reg[5][68]/G is not reached by a timing clock
Related violations: <none>

TIMING-20#734 Warning
Non-clocked latch  
The latch design_1_i/AES_IP_TOP_0/inst/aes_core/NEXT_KEY_reg[5][69] cannot be properly analyzed as its control pin design_1_i/AES_IP_TOP_0/inst/aes_core/NEXT_KEY_reg[5][69]/G is not reached by a timing clock
Related violations: <none>

TIMING-20#735 Warning
Non-clocked latch  
The latch design_1_i/AES_IP_TOP_0/inst/aes_core/NEXT_KEY_reg[5][6] cannot be properly analyzed as its control pin design_1_i/AES_IP_TOP_0/inst/aes_core/NEXT_KEY_reg[5][6]/G is not reached by a timing clock
Related violations: <none>

TIMING-20#736 Warning
Non-clocked latch  
The latch design_1_i/AES_IP_TOP_0/inst/aes_core/NEXT_KEY_reg[5][70] cannot be properly analyzed as its control pin design_1_i/AES_IP_TOP_0/inst/aes_core/NEXT_KEY_reg[5][70]/G is not reached by a timing clock
Related violations: <none>

TIMING-20#737 Warning
Non-clocked latch  
The latch design_1_i/AES_IP_TOP_0/inst/aes_core/NEXT_KEY_reg[5][71] cannot be properly analyzed as its control pin design_1_i/AES_IP_TOP_0/inst/aes_core/NEXT_KEY_reg[5][71]/G is not reached by a timing clock
Related violations: <none>

TIMING-20#738 Warning
Non-clocked latch  
The latch design_1_i/AES_IP_TOP_0/inst/aes_core/NEXT_KEY_reg[5][72] cannot be properly analyzed as its control pin design_1_i/AES_IP_TOP_0/inst/aes_core/NEXT_KEY_reg[5][72]/G is not reached by a timing clock
Related violations: <none>

TIMING-20#739 Warning
Non-clocked latch  
The latch design_1_i/AES_IP_TOP_0/inst/aes_core/NEXT_KEY_reg[5][73] cannot be properly analyzed as its control pin design_1_i/AES_IP_TOP_0/inst/aes_core/NEXT_KEY_reg[5][73]/G is not reached by a timing clock
Related violations: <none>

TIMING-20#740 Warning
Non-clocked latch  
The latch design_1_i/AES_IP_TOP_0/inst/aes_core/NEXT_KEY_reg[5][74] cannot be properly analyzed as its control pin design_1_i/AES_IP_TOP_0/inst/aes_core/NEXT_KEY_reg[5][74]/G is not reached by a timing clock
Related violations: <none>

TIMING-20#741 Warning
Non-clocked latch  
The latch design_1_i/AES_IP_TOP_0/inst/aes_core/NEXT_KEY_reg[5][75] cannot be properly analyzed as its control pin design_1_i/AES_IP_TOP_0/inst/aes_core/NEXT_KEY_reg[5][75]/G is not reached by a timing clock
Related violations: <none>

TIMING-20#742 Warning
Non-clocked latch  
The latch design_1_i/AES_IP_TOP_0/inst/aes_core/NEXT_KEY_reg[5][76] cannot be properly analyzed as its control pin design_1_i/AES_IP_TOP_0/inst/aes_core/NEXT_KEY_reg[5][76]/G is not reached by a timing clock
Related violations: <none>

TIMING-20#743 Warning
Non-clocked latch  
The latch design_1_i/AES_IP_TOP_0/inst/aes_core/NEXT_KEY_reg[5][77] cannot be properly analyzed as its control pin design_1_i/AES_IP_TOP_0/inst/aes_core/NEXT_KEY_reg[5][77]/G is not reached by a timing clock
Related violations: <none>

TIMING-20#744 Warning
Non-clocked latch  
The latch design_1_i/AES_IP_TOP_0/inst/aes_core/NEXT_KEY_reg[5][78] cannot be properly analyzed as its control pin design_1_i/AES_IP_TOP_0/inst/aes_core/NEXT_KEY_reg[5][78]/G is not reached by a timing clock
Related violations: <none>

TIMING-20#745 Warning
Non-clocked latch  
The latch design_1_i/AES_IP_TOP_0/inst/aes_core/NEXT_KEY_reg[5][79] cannot be properly analyzed as its control pin design_1_i/AES_IP_TOP_0/inst/aes_core/NEXT_KEY_reg[5][79]/G is not reached by a timing clock
Related violations: <none>

TIMING-20#746 Warning
Non-clocked latch  
The latch design_1_i/AES_IP_TOP_0/inst/aes_core/NEXT_KEY_reg[5][7] cannot be properly analyzed as its control pin design_1_i/AES_IP_TOP_0/inst/aes_core/NEXT_KEY_reg[5][7]/G is not reached by a timing clock
Related violations: <none>

TIMING-20#747 Warning
Non-clocked latch  
The latch design_1_i/AES_IP_TOP_0/inst/aes_core/NEXT_KEY_reg[5][80] cannot be properly analyzed as its control pin design_1_i/AES_IP_TOP_0/inst/aes_core/NEXT_KEY_reg[5][80]/G is not reached by a timing clock
Related violations: <none>

TIMING-20#748 Warning
Non-clocked latch  
The latch design_1_i/AES_IP_TOP_0/inst/aes_core/NEXT_KEY_reg[5][81] cannot be properly analyzed as its control pin design_1_i/AES_IP_TOP_0/inst/aes_core/NEXT_KEY_reg[5][81]/G is not reached by a timing clock
Related violations: <none>

TIMING-20#749 Warning
Non-clocked latch  
The latch design_1_i/AES_IP_TOP_0/inst/aes_core/NEXT_KEY_reg[5][82] cannot be properly analyzed as its control pin design_1_i/AES_IP_TOP_0/inst/aes_core/NEXT_KEY_reg[5][82]/G is not reached by a timing clock
Related violations: <none>

TIMING-20#750 Warning
Non-clocked latch  
The latch design_1_i/AES_IP_TOP_0/inst/aes_core/NEXT_KEY_reg[5][83] cannot be properly analyzed as its control pin design_1_i/AES_IP_TOP_0/inst/aes_core/NEXT_KEY_reg[5][83]/G is not reached by a timing clock
Related violations: <none>

TIMING-20#751 Warning
Non-clocked latch  
The latch design_1_i/AES_IP_TOP_0/inst/aes_core/NEXT_KEY_reg[5][84] cannot be properly analyzed as its control pin design_1_i/AES_IP_TOP_0/inst/aes_core/NEXT_KEY_reg[5][84]/G is not reached by a timing clock
Related violations: <none>

TIMING-20#752 Warning
Non-clocked latch  
The latch design_1_i/AES_IP_TOP_0/inst/aes_core/NEXT_KEY_reg[5][85] cannot be properly analyzed as its control pin design_1_i/AES_IP_TOP_0/inst/aes_core/NEXT_KEY_reg[5][85]/G is not reached by a timing clock
Related violations: <none>

TIMING-20#753 Warning
Non-clocked latch  
The latch design_1_i/AES_IP_TOP_0/inst/aes_core/NEXT_KEY_reg[5][86] cannot be properly analyzed as its control pin design_1_i/AES_IP_TOP_0/inst/aes_core/NEXT_KEY_reg[5][86]/G is not reached by a timing clock
Related violations: <none>

TIMING-20#754 Warning
Non-clocked latch  
The latch design_1_i/AES_IP_TOP_0/inst/aes_core/NEXT_KEY_reg[5][87] cannot be properly analyzed as its control pin design_1_i/AES_IP_TOP_0/inst/aes_core/NEXT_KEY_reg[5][87]/G is not reached by a timing clock
Related violations: <none>

TIMING-20#755 Warning
Non-clocked latch  
The latch design_1_i/AES_IP_TOP_0/inst/aes_core/NEXT_KEY_reg[5][88] cannot be properly analyzed as its control pin design_1_i/AES_IP_TOP_0/inst/aes_core/NEXT_KEY_reg[5][88]/G is not reached by a timing clock
Related violations: <none>

TIMING-20#756 Warning
Non-clocked latch  
The latch design_1_i/AES_IP_TOP_0/inst/aes_core/NEXT_KEY_reg[5][89] cannot be properly analyzed as its control pin design_1_i/AES_IP_TOP_0/inst/aes_core/NEXT_KEY_reg[5][89]/G is not reached by a timing clock
Related violations: <none>

TIMING-20#757 Warning
Non-clocked latch  
The latch design_1_i/AES_IP_TOP_0/inst/aes_core/NEXT_KEY_reg[5][8] cannot be properly analyzed as its control pin design_1_i/AES_IP_TOP_0/inst/aes_core/NEXT_KEY_reg[5][8]/G is not reached by a timing clock
Related violations: <none>

TIMING-20#758 Warning
Non-clocked latch  
The latch design_1_i/AES_IP_TOP_0/inst/aes_core/NEXT_KEY_reg[5][90] cannot be properly analyzed as its control pin design_1_i/AES_IP_TOP_0/inst/aes_core/NEXT_KEY_reg[5][90]/G is not reached by a timing clock
Related violations: <none>

TIMING-20#759 Warning
Non-clocked latch  
The latch design_1_i/AES_IP_TOP_0/inst/aes_core/NEXT_KEY_reg[5][91] cannot be properly analyzed as its control pin design_1_i/AES_IP_TOP_0/inst/aes_core/NEXT_KEY_reg[5][91]/G is not reached by a timing clock
Related violations: <none>

TIMING-20#760 Warning
Non-clocked latch  
The latch design_1_i/AES_IP_TOP_0/inst/aes_core/NEXT_KEY_reg[5][92] cannot be properly analyzed as its control pin design_1_i/AES_IP_TOP_0/inst/aes_core/NEXT_KEY_reg[5][92]/G is not reached by a timing clock
Related violations: <none>

TIMING-20#761 Warning
Non-clocked latch  
The latch design_1_i/AES_IP_TOP_0/inst/aes_core/NEXT_KEY_reg[5][93] cannot be properly analyzed as its control pin design_1_i/AES_IP_TOP_0/inst/aes_core/NEXT_KEY_reg[5][93]/G is not reached by a timing clock
Related violations: <none>

TIMING-20#762 Warning
Non-clocked latch  
The latch design_1_i/AES_IP_TOP_0/inst/aes_core/NEXT_KEY_reg[5][94] cannot be properly analyzed as its control pin design_1_i/AES_IP_TOP_0/inst/aes_core/NEXT_KEY_reg[5][94]/G is not reached by a timing clock
Related violations: <none>

TIMING-20#763 Warning
Non-clocked latch  
The latch design_1_i/AES_IP_TOP_0/inst/aes_core/NEXT_KEY_reg[5][95] cannot be properly analyzed as its control pin design_1_i/AES_IP_TOP_0/inst/aes_core/NEXT_KEY_reg[5][95]/G is not reached by a timing clock
Related violations: <none>

TIMING-20#764 Warning
Non-clocked latch  
The latch design_1_i/AES_IP_TOP_0/inst/aes_core/NEXT_KEY_reg[5][96] cannot be properly analyzed as its control pin design_1_i/AES_IP_TOP_0/inst/aes_core/NEXT_KEY_reg[5][96]/G is not reached by a timing clock
Related violations: <none>

TIMING-20#765 Warning
Non-clocked latch  
The latch design_1_i/AES_IP_TOP_0/inst/aes_core/NEXT_KEY_reg[5][97] cannot be properly analyzed as its control pin design_1_i/AES_IP_TOP_0/inst/aes_core/NEXT_KEY_reg[5][97]/G is not reached by a timing clock
Related violations: <none>

TIMING-20#766 Warning
Non-clocked latch  
The latch design_1_i/AES_IP_TOP_0/inst/aes_core/NEXT_KEY_reg[5][98] cannot be properly analyzed as its control pin design_1_i/AES_IP_TOP_0/inst/aes_core/NEXT_KEY_reg[5][98]/G is not reached by a timing clock
Related violations: <none>

TIMING-20#767 Warning
Non-clocked latch  
The latch design_1_i/AES_IP_TOP_0/inst/aes_core/NEXT_KEY_reg[5][99] cannot be properly analyzed as its control pin design_1_i/AES_IP_TOP_0/inst/aes_core/NEXT_KEY_reg[5][99]/G is not reached by a timing clock
Related violations: <none>

TIMING-20#768 Warning
Non-clocked latch  
The latch design_1_i/AES_IP_TOP_0/inst/aes_core/NEXT_KEY_reg[5][9] cannot be properly analyzed as its control pin design_1_i/AES_IP_TOP_0/inst/aes_core/NEXT_KEY_reg[5][9]/G is not reached by a timing clock
Related violations: <none>

TIMING-20#769 Warning
Non-clocked latch  
The latch design_1_i/AES_IP_TOP_0/inst/aes_core/NEXT_KEY_reg[6][0] cannot be properly analyzed as its control pin design_1_i/AES_IP_TOP_0/inst/aes_core/NEXT_KEY_reg[6][0]/G is not reached by a timing clock
Related violations: <none>

TIMING-20#770 Warning
Non-clocked latch  
The latch design_1_i/AES_IP_TOP_0/inst/aes_core/NEXT_KEY_reg[6][100] cannot be properly analyzed as its control pin design_1_i/AES_IP_TOP_0/inst/aes_core/NEXT_KEY_reg[6][100]/G is not reached by a timing clock
Related violations: <none>

TIMING-20#771 Warning
Non-clocked latch  
The latch design_1_i/AES_IP_TOP_0/inst/aes_core/NEXT_KEY_reg[6][101] cannot be properly analyzed as its control pin design_1_i/AES_IP_TOP_0/inst/aes_core/NEXT_KEY_reg[6][101]/G is not reached by a timing clock
Related violations: <none>

TIMING-20#772 Warning
Non-clocked latch  
The latch design_1_i/AES_IP_TOP_0/inst/aes_core/NEXT_KEY_reg[6][102] cannot be properly analyzed as its control pin design_1_i/AES_IP_TOP_0/inst/aes_core/NEXT_KEY_reg[6][102]/G is not reached by a timing clock
Related violations: <none>

TIMING-20#773 Warning
Non-clocked latch  
The latch design_1_i/AES_IP_TOP_0/inst/aes_core/NEXT_KEY_reg[6][103] cannot be properly analyzed as its control pin design_1_i/AES_IP_TOP_0/inst/aes_core/NEXT_KEY_reg[6][103]/G is not reached by a timing clock
Related violations: <none>

TIMING-20#774 Warning
Non-clocked latch  
The latch design_1_i/AES_IP_TOP_0/inst/aes_core/NEXT_KEY_reg[6][104] cannot be properly analyzed as its control pin design_1_i/AES_IP_TOP_0/inst/aes_core/NEXT_KEY_reg[6][104]/G is not reached by a timing clock
Related violations: <none>

TIMING-20#775 Warning
Non-clocked latch  
The latch design_1_i/AES_IP_TOP_0/inst/aes_core/NEXT_KEY_reg[6][105] cannot be properly analyzed as its control pin design_1_i/AES_IP_TOP_0/inst/aes_core/NEXT_KEY_reg[6][105]/G is not reached by a timing clock
Related violations: <none>

TIMING-20#776 Warning
Non-clocked latch  
The latch design_1_i/AES_IP_TOP_0/inst/aes_core/NEXT_KEY_reg[6][106] cannot be properly analyzed as its control pin design_1_i/AES_IP_TOP_0/inst/aes_core/NEXT_KEY_reg[6][106]/G is not reached by a timing clock
Related violations: <none>

TIMING-20#777 Warning
Non-clocked latch  
The latch design_1_i/AES_IP_TOP_0/inst/aes_core/NEXT_KEY_reg[6][107] cannot be properly analyzed as its control pin design_1_i/AES_IP_TOP_0/inst/aes_core/NEXT_KEY_reg[6][107]/G is not reached by a timing clock
Related violations: <none>

TIMING-20#778 Warning
Non-clocked latch  
The latch design_1_i/AES_IP_TOP_0/inst/aes_core/NEXT_KEY_reg[6][108] cannot be properly analyzed as its control pin design_1_i/AES_IP_TOP_0/inst/aes_core/NEXT_KEY_reg[6][108]/G is not reached by a timing clock
Related violations: <none>

TIMING-20#779 Warning
Non-clocked latch  
The latch design_1_i/AES_IP_TOP_0/inst/aes_core/NEXT_KEY_reg[6][109] cannot be properly analyzed as its control pin design_1_i/AES_IP_TOP_0/inst/aes_core/NEXT_KEY_reg[6][109]/G is not reached by a timing clock
Related violations: <none>

TIMING-20#780 Warning
Non-clocked latch  
The latch design_1_i/AES_IP_TOP_0/inst/aes_core/NEXT_KEY_reg[6][10] cannot be properly analyzed as its control pin design_1_i/AES_IP_TOP_0/inst/aes_core/NEXT_KEY_reg[6][10]/G is not reached by a timing clock
Related violations: <none>

TIMING-20#781 Warning
Non-clocked latch  
The latch design_1_i/AES_IP_TOP_0/inst/aes_core/NEXT_KEY_reg[6][110] cannot be properly analyzed as its control pin design_1_i/AES_IP_TOP_0/inst/aes_core/NEXT_KEY_reg[6][110]/G is not reached by a timing clock
Related violations: <none>

TIMING-20#782 Warning
Non-clocked latch  
The latch design_1_i/AES_IP_TOP_0/inst/aes_core/NEXT_KEY_reg[6][111] cannot be properly analyzed as its control pin design_1_i/AES_IP_TOP_0/inst/aes_core/NEXT_KEY_reg[6][111]/G is not reached by a timing clock
Related violations: <none>

TIMING-20#783 Warning
Non-clocked latch  
The latch design_1_i/AES_IP_TOP_0/inst/aes_core/NEXT_KEY_reg[6][112] cannot be properly analyzed as its control pin design_1_i/AES_IP_TOP_0/inst/aes_core/NEXT_KEY_reg[6][112]/G is not reached by a timing clock
Related violations: <none>

TIMING-20#784 Warning
Non-clocked latch  
The latch design_1_i/AES_IP_TOP_0/inst/aes_core/NEXT_KEY_reg[6][113] cannot be properly analyzed as its control pin design_1_i/AES_IP_TOP_0/inst/aes_core/NEXT_KEY_reg[6][113]/G is not reached by a timing clock
Related violations: <none>

TIMING-20#785 Warning
Non-clocked latch  
The latch design_1_i/AES_IP_TOP_0/inst/aes_core/NEXT_KEY_reg[6][114] cannot be properly analyzed as its control pin design_1_i/AES_IP_TOP_0/inst/aes_core/NEXT_KEY_reg[6][114]/G is not reached by a timing clock
Related violations: <none>

TIMING-20#786 Warning
Non-clocked latch  
The latch design_1_i/AES_IP_TOP_0/inst/aes_core/NEXT_KEY_reg[6][115] cannot be properly analyzed as its control pin design_1_i/AES_IP_TOP_0/inst/aes_core/NEXT_KEY_reg[6][115]/G is not reached by a timing clock
Related violations: <none>

TIMING-20#787 Warning
Non-clocked latch  
The latch design_1_i/AES_IP_TOP_0/inst/aes_core/NEXT_KEY_reg[6][116] cannot be properly analyzed as its control pin design_1_i/AES_IP_TOP_0/inst/aes_core/NEXT_KEY_reg[6][116]/G is not reached by a timing clock
Related violations: <none>

TIMING-20#788 Warning
Non-clocked latch  
The latch design_1_i/AES_IP_TOP_0/inst/aes_core/NEXT_KEY_reg[6][117] cannot be properly analyzed as its control pin design_1_i/AES_IP_TOP_0/inst/aes_core/NEXT_KEY_reg[6][117]/G is not reached by a timing clock
Related violations: <none>

TIMING-20#789 Warning
Non-clocked latch  
The latch design_1_i/AES_IP_TOP_0/inst/aes_core/NEXT_KEY_reg[6][118] cannot be properly analyzed as its control pin design_1_i/AES_IP_TOP_0/inst/aes_core/NEXT_KEY_reg[6][118]/G is not reached by a timing clock
Related violations: <none>

TIMING-20#790 Warning
Non-clocked latch  
The latch design_1_i/AES_IP_TOP_0/inst/aes_core/NEXT_KEY_reg[6][119] cannot be properly analyzed as its control pin design_1_i/AES_IP_TOP_0/inst/aes_core/NEXT_KEY_reg[6][119]/G is not reached by a timing clock
Related violations: <none>

TIMING-20#791 Warning
Non-clocked latch  
The latch design_1_i/AES_IP_TOP_0/inst/aes_core/NEXT_KEY_reg[6][11] cannot be properly analyzed as its control pin design_1_i/AES_IP_TOP_0/inst/aes_core/NEXT_KEY_reg[6][11]/G is not reached by a timing clock
Related violations: <none>

TIMING-20#792 Warning
Non-clocked latch  
The latch design_1_i/AES_IP_TOP_0/inst/aes_core/NEXT_KEY_reg[6][120] cannot be properly analyzed as its control pin design_1_i/AES_IP_TOP_0/inst/aes_core/NEXT_KEY_reg[6][120]/G is not reached by a timing clock
Related violations: <none>

TIMING-20#793 Warning
Non-clocked latch  
The latch design_1_i/AES_IP_TOP_0/inst/aes_core/NEXT_KEY_reg[6][121] cannot be properly analyzed as its control pin design_1_i/AES_IP_TOP_0/inst/aes_core/NEXT_KEY_reg[6][121]/G is not reached by a timing clock
Related violations: <none>

TIMING-20#794 Warning
Non-clocked latch  
The latch design_1_i/AES_IP_TOP_0/inst/aes_core/NEXT_KEY_reg[6][122] cannot be properly analyzed as its control pin design_1_i/AES_IP_TOP_0/inst/aes_core/NEXT_KEY_reg[6][122]/G is not reached by a timing clock
Related violations: <none>

TIMING-20#795 Warning
Non-clocked latch  
The latch design_1_i/AES_IP_TOP_0/inst/aes_core/NEXT_KEY_reg[6][123] cannot be properly analyzed as its control pin design_1_i/AES_IP_TOP_0/inst/aes_core/NEXT_KEY_reg[6][123]/G is not reached by a timing clock
Related violations: <none>

TIMING-20#796 Warning
Non-clocked latch  
The latch design_1_i/AES_IP_TOP_0/inst/aes_core/NEXT_KEY_reg[6][124] cannot be properly analyzed as its control pin design_1_i/AES_IP_TOP_0/inst/aes_core/NEXT_KEY_reg[6][124]/G is not reached by a timing clock
Related violations: <none>

TIMING-20#797 Warning
Non-clocked latch  
The latch design_1_i/AES_IP_TOP_0/inst/aes_core/NEXT_KEY_reg[6][125] cannot be properly analyzed as its control pin design_1_i/AES_IP_TOP_0/inst/aes_core/NEXT_KEY_reg[6][125]/G is not reached by a timing clock
Related violations: <none>

TIMING-20#798 Warning
Non-clocked latch  
The latch design_1_i/AES_IP_TOP_0/inst/aes_core/NEXT_KEY_reg[6][126] cannot be properly analyzed as its control pin design_1_i/AES_IP_TOP_0/inst/aes_core/NEXT_KEY_reg[6][126]/G is not reached by a timing clock
Related violations: <none>

TIMING-20#799 Warning
Non-clocked latch  
The latch design_1_i/AES_IP_TOP_0/inst/aes_core/NEXT_KEY_reg[6][127] cannot be properly analyzed as its control pin design_1_i/AES_IP_TOP_0/inst/aes_core/NEXT_KEY_reg[6][127]/G is not reached by a timing clock
Related violations: <none>

TIMING-20#800 Warning
Non-clocked latch  
The latch design_1_i/AES_IP_TOP_0/inst/aes_core/NEXT_KEY_reg[6][12] cannot be properly analyzed as its control pin design_1_i/AES_IP_TOP_0/inst/aes_core/NEXT_KEY_reg[6][12]/G is not reached by a timing clock
Related violations: <none>

TIMING-20#801 Warning
Non-clocked latch  
The latch design_1_i/AES_IP_TOP_0/inst/aes_core/NEXT_KEY_reg[6][13] cannot be properly analyzed as its control pin design_1_i/AES_IP_TOP_0/inst/aes_core/NEXT_KEY_reg[6][13]/G is not reached by a timing clock
Related violations: <none>

TIMING-20#802 Warning
Non-clocked latch  
The latch design_1_i/AES_IP_TOP_0/inst/aes_core/NEXT_KEY_reg[6][14] cannot be properly analyzed as its control pin design_1_i/AES_IP_TOP_0/inst/aes_core/NEXT_KEY_reg[6][14]/G is not reached by a timing clock
Related violations: <none>

TIMING-20#803 Warning
Non-clocked latch  
The latch design_1_i/AES_IP_TOP_0/inst/aes_core/NEXT_KEY_reg[6][15] cannot be properly analyzed as its control pin design_1_i/AES_IP_TOP_0/inst/aes_core/NEXT_KEY_reg[6][15]/G is not reached by a timing clock
Related violations: <none>

TIMING-20#804 Warning
Non-clocked latch  
The latch design_1_i/AES_IP_TOP_0/inst/aes_core/NEXT_KEY_reg[6][16] cannot be properly analyzed as its control pin design_1_i/AES_IP_TOP_0/inst/aes_core/NEXT_KEY_reg[6][16]/G is not reached by a timing clock
Related violations: <none>

TIMING-20#805 Warning
Non-clocked latch  
The latch design_1_i/AES_IP_TOP_0/inst/aes_core/NEXT_KEY_reg[6][17] cannot be properly analyzed as its control pin design_1_i/AES_IP_TOP_0/inst/aes_core/NEXT_KEY_reg[6][17]/G is not reached by a timing clock
Related violations: <none>

TIMING-20#806 Warning
Non-clocked latch  
The latch design_1_i/AES_IP_TOP_0/inst/aes_core/NEXT_KEY_reg[6][18] cannot be properly analyzed as its control pin design_1_i/AES_IP_TOP_0/inst/aes_core/NEXT_KEY_reg[6][18]/G is not reached by a timing clock
Related violations: <none>

TIMING-20#807 Warning
Non-clocked latch  
The latch design_1_i/AES_IP_TOP_0/inst/aes_core/NEXT_KEY_reg[6][19] cannot be properly analyzed as its control pin design_1_i/AES_IP_TOP_0/inst/aes_core/NEXT_KEY_reg[6][19]/G is not reached by a timing clock
Related violations: <none>

TIMING-20#808 Warning
Non-clocked latch  
The latch design_1_i/AES_IP_TOP_0/inst/aes_core/NEXT_KEY_reg[6][1] cannot be properly analyzed as its control pin design_1_i/AES_IP_TOP_0/inst/aes_core/NEXT_KEY_reg[6][1]/G is not reached by a timing clock
Related violations: <none>

TIMING-20#809 Warning
Non-clocked latch  
The latch design_1_i/AES_IP_TOP_0/inst/aes_core/NEXT_KEY_reg[6][20] cannot be properly analyzed as its control pin design_1_i/AES_IP_TOP_0/inst/aes_core/NEXT_KEY_reg[6][20]/G is not reached by a timing clock
Related violations: <none>

TIMING-20#810 Warning
Non-clocked latch  
The latch design_1_i/AES_IP_TOP_0/inst/aes_core/NEXT_KEY_reg[6][21] cannot be properly analyzed as its control pin design_1_i/AES_IP_TOP_0/inst/aes_core/NEXT_KEY_reg[6][21]/G is not reached by a timing clock
Related violations: <none>

TIMING-20#811 Warning
Non-clocked latch  
The latch design_1_i/AES_IP_TOP_0/inst/aes_core/NEXT_KEY_reg[6][22] cannot be properly analyzed as its control pin design_1_i/AES_IP_TOP_0/inst/aes_core/NEXT_KEY_reg[6][22]/G is not reached by a timing clock
Related violations: <none>

TIMING-20#812 Warning
Non-clocked latch  
The latch design_1_i/AES_IP_TOP_0/inst/aes_core/NEXT_KEY_reg[6][23] cannot be properly analyzed as its control pin design_1_i/AES_IP_TOP_0/inst/aes_core/NEXT_KEY_reg[6][23]/G is not reached by a timing clock
Related violations: <none>

TIMING-20#813 Warning
Non-clocked latch  
The latch design_1_i/AES_IP_TOP_0/inst/aes_core/NEXT_KEY_reg[6][24] cannot be properly analyzed as its control pin design_1_i/AES_IP_TOP_0/inst/aes_core/NEXT_KEY_reg[6][24]/G is not reached by a timing clock
Related violations: <none>

TIMING-20#814 Warning
Non-clocked latch  
The latch design_1_i/AES_IP_TOP_0/inst/aes_core/NEXT_KEY_reg[6][25] cannot be properly analyzed as its control pin design_1_i/AES_IP_TOP_0/inst/aes_core/NEXT_KEY_reg[6][25]/G is not reached by a timing clock
Related violations: <none>

TIMING-20#815 Warning
Non-clocked latch  
The latch design_1_i/AES_IP_TOP_0/inst/aes_core/NEXT_KEY_reg[6][26] cannot be properly analyzed as its control pin design_1_i/AES_IP_TOP_0/inst/aes_core/NEXT_KEY_reg[6][26]/G is not reached by a timing clock
Related violations: <none>

TIMING-20#816 Warning
Non-clocked latch  
The latch design_1_i/AES_IP_TOP_0/inst/aes_core/NEXT_KEY_reg[6][27] cannot be properly analyzed as its control pin design_1_i/AES_IP_TOP_0/inst/aes_core/NEXT_KEY_reg[6][27]/G is not reached by a timing clock
Related violations: <none>

TIMING-20#817 Warning
Non-clocked latch  
The latch design_1_i/AES_IP_TOP_0/inst/aes_core/NEXT_KEY_reg[6][28] cannot be properly analyzed as its control pin design_1_i/AES_IP_TOP_0/inst/aes_core/NEXT_KEY_reg[6][28]/G is not reached by a timing clock
Related violations: <none>

TIMING-20#818 Warning
Non-clocked latch  
The latch design_1_i/AES_IP_TOP_0/inst/aes_core/NEXT_KEY_reg[6][29] cannot be properly analyzed as its control pin design_1_i/AES_IP_TOP_0/inst/aes_core/NEXT_KEY_reg[6][29]/G is not reached by a timing clock
Related violations: <none>

TIMING-20#819 Warning
Non-clocked latch  
The latch design_1_i/AES_IP_TOP_0/inst/aes_core/NEXT_KEY_reg[6][2] cannot be properly analyzed as its control pin design_1_i/AES_IP_TOP_0/inst/aes_core/NEXT_KEY_reg[6][2]/G is not reached by a timing clock
Related violations: <none>

TIMING-20#820 Warning
Non-clocked latch  
The latch design_1_i/AES_IP_TOP_0/inst/aes_core/NEXT_KEY_reg[6][30] cannot be properly analyzed as its control pin design_1_i/AES_IP_TOP_0/inst/aes_core/NEXT_KEY_reg[6][30]/G is not reached by a timing clock
Related violations: <none>

TIMING-20#821 Warning
Non-clocked latch  
The latch design_1_i/AES_IP_TOP_0/inst/aes_core/NEXT_KEY_reg[6][31] cannot be properly analyzed as its control pin design_1_i/AES_IP_TOP_0/inst/aes_core/NEXT_KEY_reg[6][31]/G is not reached by a timing clock
Related violations: <none>

TIMING-20#822 Warning
Non-clocked latch  
The latch design_1_i/AES_IP_TOP_0/inst/aes_core/NEXT_KEY_reg[6][32] cannot be properly analyzed as its control pin design_1_i/AES_IP_TOP_0/inst/aes_core/NEXT_KEY_reg[6][32]/G is not reached by a timing clock
Related violations: <none>

TIMING-20#823 Warning
Non-clocked latch  
The latch design_1_i/AES_IP_TOP_0/inst/aes_core/NEXT_KEY_reg[6][33] cannot be properly analyzed as its control pin design_1_i/AES_IP_TOP_0/inst/aes_core/NEXT_KEY_reg[6][33]/G is not reached by a timing clock
Related violations: <none>

TIMING-20#824 Warning
Non-clocked latch  
The latch design_1_i/AES_IP_TOP_0/inst/aes_core/NEXT_KEY_reg[6][34] cannot be properly analyzed as its control pin design_1_i/AES_IP_TOP_0/inst/aes_core/NEXT_KEY_reg[6][34]/G is not reached by a timing clock
Related violations: <none>

TIMING-20#825 Warning
Non-clocked latch  
The latch design_1_i/AES_IP_TOP_0/inst/aes_core/NEXT_KEY_reg[6][35] cannot be properly analyzed as its control pin design_1_i/AES_IP_TOP_0/inst/aes_core/NEXT_KEY_reg[6][35]/G is not reached by a timing clock
Related violations: <none>

TIMING-20#826 Warning
Non-clocked latch  
The latch design_1_i/AES_IP_TOP_0/inst/aes_core/NEXT_KEY_reg[6][36] cannot be properly analyzed as its control pin design_1_i/AES_IP_TOP_0/inst/aes_core/NEXT_KEY_reg[6][36]/G is not reached by a timing clock
Related violations: <none>

TIMING-20#827 Warning
Non-clocked latch  
The latch design_1_i/AES_IP_TOP_0/inst/aes_core/NEXT_KEY_reg[6][37] cannot be properly analyzed as its control pin design_1_i/AES_IP_TOP_0/inst/aes_core/NEXT_KEY_reg[6][37]/G is not reached by a timing clock
Related violations: <none>

TIMING-20#828 Warning
Non-clocked latch  
The latch design_1_i/AES_IP_TOP_0/inst/aes_core/NEXT_KEY_reg[6][38] cannot be properly analyzed as its control pin design_1_i/AES_IP_TOP_0/inst/aes_core/NEXT_KEY_reg[6][38]/G is not reached by a timing clock
Related violations: <none>

TIMING-20#829 Warning
Non-clocked latch  
The latch design_1_i/AES_IP_TOP_0/inst/aes_core/NEXT_KEY_reg[6][39] cannot be properly analyzed as its control pin design_1_i/AES_IP_TOP_0/inst/aes_core/NEXT_KEY_reg[6][39]/G is not reached by a timing clock
Related violations: <none>

TIMING-20#830 Warning
Non-clocked latch  
The latch design_1_i/AES_IP_TOP_0/inst/aes_core/NEXT_KEY_reg[6][3] cannot be properly analyzed as its control pin design_1_i/AES_IP_TOP_0/inst/aes_core/NEXT_KEY_reg[6][3]/G is not reached by a timing clock
Related violations: <none>

TIMING-20#831 Warning
Non-clocked latch  
The latch design_1_i/AES_IP_TOP_0/inst/aes_core/NEXT_KEY_reg[6][40] cannot be properly analyzed as its control pin design_1_i/AES_IP_TOP_0/inst/aes_core/NEXT_KEY_reg[6][40]/G is not reached by a timing clock
Related violations: <none>

TIMING-20#832 Warning
Non-clocked latch  
The latch design_1_i/AES_IP_TOP_0/inst/aes_core/NEXT_KEY_reg[6][41] cannot be properly analyzed as its control pin design_1_i/AES_IP_TOP_0/inst/aes_core/NEXT_KEY_reg[6][41]/G is not reached by a timing clock
Related violations: <none>

TIMING-20#833 Warning
Non-clocked latch  
The latch design_1_i/AES_IP_TOP_0/inst/aes_core/NEXT_KEY_reg[6][42] cannot be properly analyzed as its control pin design_1_i/AES_IP_TOP_0/inst/aes_core/NEXT_KEY_reg[6][42]/G is not reached by a timing clock
Related violations: <none>

TIMING-20#834 Warning
Non-clocked latch  
The latch design_1_i/AES_IP_TOP_0/inst/aes_core/NEXT_KEY_reg[6][43] cannot be properly analyzed as its control pin design_1_i/AES_IP_TOP_0/inst/aes_core/NEXT_KEY_reg[6][43]/G is not reached by a timing clock
Related violations: <none>

TIMING-20#835 Warning
Non-clocked latch  
The latch design_1_i/AES_IP_TOP_0/inst/aes_core/NEXT_KEY_reg[6][44] cannot be properly analyzed as its control pin design_1_i/AES_IP_TOP_0/inst/aes_core/NEXT_KEY_reg[6][44]/G is not reached by a timing clock
Related violations: <none>

TIMING-20#836 Warning
Non-clocked latch  
The latch design_1_i/AES_IP_TOP_0/inst/aes_core/NEXT_KEY_reg[6][45] cannot be properly analyzed as its control pin design_1_i/AES_IP_TOP_0/inst/aes_core/NEXT_KEY_reg[6][45]/G is not reached by a timing clock
Related violations: <none>

TIMING-20#837 Warning
Non-clocked latch  
The latch design_1_i/AES_IP_TOP_0/inst/aes_core/NEXT_KEY_reg[6][46] cannot be properly analyzed as its control pin design_1_i/AES_IP_TOP_0/inst/aes_core/NEXT_KEY_reg[6][46]/G is not reached by a timing clock
Related violations: <none>

TIMING-20#838 Warning
Non-clocked latch  
The latch design_1_i/AES_IP_TOP_0/inst/aes_core/NEXT_KEY_reg[6][47] cannot be properly analyzed as its control pin design_1_i/AES_IP_TOP_0/inst/aes_core/NEXT_KEY_reg[6][47]/G is not reached by a timing clock
Related violations: <none>

TIMING-20#839 Warning
Non-clocked latch  
The latch design_1_i/AES_IP_TOP_0/inst/aes_core/NEXT_KEY_reg[6][48] cannot be properly analyzed as its control pin design_1_i/AES_IP_TOP_0/inst/aes_core/NEXT_KEY_reg[6][48]/G is not reached by a timing clock
Related violations: <none>

TIMING-20#840 Warning
Non-clocked latch  
The latch design_1_i/AES_IP_TOP_0/inst/aes_core/NEXT_KEY_reg[6][49] cannot be properly analyzed as its control pin design_1_i/AES_IP_TOP_0/inst/aes_core/NEXT_KEY_reg[6][49]/G is not reached by a timing clock
Related violations: <none>

TIMING-20#841 Warning
Non-clocked latch  
The latch design_1_i/AES_IP_TOP_0/inst/aes_core/NEXT_KEY_reg[6][4] cannot be properly analyzed as its control pin design_1_i/AES_IP_TOP_0/inst/aes_core/NEXT_KEY_reg[6][4]/G is not reached by a timing clock
Related violations: <none>

TIMING-20#842 Warning
Non-clocked latch  
The latch design_1_i/AES_IP_TOP_0/inst/aes_core/NEXT_KEY_reg[6][50] cannot be properly analyzed as its control pin design_1_i/AES_IP_TOP_0/inst/aes_core/NEXT_KEY_reg[6][50]/G is not reached by a timing clock
Related violations: <none>

TIMING-20#843 Warning
Non-clocked latch  
The latch design_1_i/AES_IP_TOP_0/inst/aes_core/NEXT_KEY_reg[6][51] cannot be properly analyzed as its control pin design_1_i/AES_IP_TOP_0/inst/aes_core/NEXT_KEY_reg[6][51]/G is not reached by a timing clock
Related violations: <none>

TIMING-20#844 Warning
Non-clocked latch  
The latch design_1_i/AES_IP_TOP_0/inst/aes_core/NEXT_KEY_reg[6][52] cannot be properly analyzed as its control pin design_1_i/AES_IP_TOP_0/inst/aes_core/NEXT_KEY_reg[6][52]/G is not reached by a timing clock
Related violations: <none>

TIMING-20#845 Warning
Non-clocked latch  
The latch design_1_i/AES_IP_TOP_0/inst/aes_core/NEXT_KEY_reg[6][53] cannot be properly analyzed as its control pin design_1_i/AES_IP_TOP_0/inst/aes_core/NEXT_KEY_reg[6][53]/G is not reached by a timing clock
Related violations: <none>

TIMING-20#846 Warning
Non-clocked latch  
The latch design_1_i/AES_IP_TOP_0/inst/aes_core/NEXT_KEY_reg[6][54] cannot be properly analyzed as its control pin design_1_i/AES_IP_TOP_0/inst/aes_core/NEXT_KEY_reg[6][54]/G is not reached by a timing clock
Related violations: <none>

TIMING-20#847 Warning
Non-clocked latch  
The latch design_1_i/AES_IP_TOP_0/inst/aes_core/NEXT_KEY_reg[6][55] cannot be properly analyzed as its control pin design_1_i/AES_IP_TOP_0/inst/aes_core/NEXT_KEY_reg[6][55]/G is not reached by a timing clock
Related violations: <none>

TIMING-20#848 Warning
Non-clocked latch  
The latch design_1_i/AES_IP_TOP_0/inst/aes_core/NEXT_KEY_reg[6][56] cannot be properly analyzed as its control pin design_1_i/AES_IP_TOP_0/inst/aes_core/NEXT_KEY_reg[6][56]/G is not reached by a timing clock
Related violations: <none>

TIMING-20#849 Warning
Non-clocked latch  
The latch design_1_i/AES_IP_TOP_0/inst/aes_core/NEXT_KEY_reg[6][57] cannot be properly analyzed as its control pin design_1_i/AES_IP_TOP_0/inst/aes_core/NEXT_KEY_reg[6][57]/G is not reached by a timing clock
Related violations: <none>

TIMING-20#850 Warning
Non-clocked latch  
The latch design_1_i/AES_IP_TOP_0/inst/aes_core/NEXT_KEY_reg[6][58] cannot be properly analyzed as its control pin design_1_i/AES_IP_TOP_0/inst/aes_core/NEXT_KEY_reg[6][58]/G is not reached by a timing clock
Related violations: <none>

TIMING-20#851 Warning
Non-clocked latch  
The latch design_1_i/AES_IP_TOP_0/inst/aes_core/NEXT_KEY_reg[6][59] cannot be properly analyzed as its control pin design_1_i/AES_IP_TOP_0/inst/aes_core/NEXT_KEY_reg[6][59]/G is not reached by a timing clock
Related violations: <none>

TIMING-20#852 Warning
Non-clocked latch  
The latch design_1_i/AES_IP_TOP_0/inst/aes_core/NEXT_KEY_reg[6][5] cannot be properly analyzed as its control pin design_1_i/AES_IP_TOP_0/inst/aes_core/NEXT_KEY_reg[6][5]/G is not reached by a timing clock
Related violations: <none>

TIMING-20#853 Warning
Non-clocked latch  
The latch design_1_i/AES_IP_TOP_0/inst/aes_core/NEXT_KEY_reg[6][60] cannot be properly analyzed as its control pin design_1_i/AES_IP_TOP_0/inst/aes_core/NEXT_KEY_reg[6][60]/G is not reached by a timing clock
Related violations: <none>

TIMING-20#854 Warning
Non-clocked latch  
The latch design_1_i/AES_IP_TOP_0/inst/aes_core/NEXT_KEY_reg[6][61] cannot be properly analyzed as its control pin design_1_i/AES_IP_TOP_0/inst/aes_core/NEXT_KEY_reg[6][61]/G is not reached by a timing clock
Related violations: <none>

TIMING-20#855 Warning
Non-clocked latch  
The latch design_1_i/AES_IP_TOP_0/inst/aes_core/NEXT_KEY_reg[6][62] cannot be properly analyzed as its control pin design_1_i/AES_IP_TOP_0/inst/aes_core/NEXT_KEY_reg[6][62]/G is not reached by a timing clock
Related violations: <none>

TIMING-20#856 Warning
Non-clocked latch  
The latch design_1_i/AES_IP_TOP_0/inst/aes_core/NEXT_KEY_reg[6][63] cannot be properly analyzed as its control pin design_1_i/AES_IP_TOP_0/inst/aes_core/NEXT_KEY_reg[6][63]/G is not reached by a timing clock
Related violations: <none>

TIMING-20#857 Warning
Non-clocked latch  
The latch design_1_i/AES_IP_TOP_0/inst/aes_core/NEXT_KEY_reg[6][64] cannot be properly analyzed as its control pin design_1_i/AES_IP_TOP_0/inst/aes_core/NEXT_KEY_reg[6][64]/G is not reached by a timing clock
Related violations: <none>

TIMING-20#858 Warning
Non-clocked latch  
The latch design_1_i/AES_IP_TOP_0/inst/aes_core/NEXT_KEY_reg[6][65] cannot be properly analyzed as its control pin design_1_i/AES_IP_TOP_0/inst/aes_core/NEXT_KEY_reg[6][65]/G is not reached by a timing clock
Related violations: <none>

TIMING-20#859 Warning
Non-clocked latch  
The latch design_1_i/AES_IP_TOP_0/inst/aes_core/NEXT_KEY_reg[6][66] cannot be properly analyzed as its control pin design_1_i/AES_IP_TOP_0/inst/aes_core/NEXT_KEY_reg[6][66]/G is not reached by a timing clock
Related violations: <none>

TIMING-20#860 Warning
Non-clocked latch  
The latch design_1_i/AES_IP_TOP_0/inst/aes_core/NEXT_KEY_reg[6][67] cannot be properly analyzed as its control pin design_1_i/AES_IP_TOP_0/inst/aes_core/NEXT_KEY_reg[6][67]/G is not reached by a timing clock
Related violations: <none>

TIMING-20#861 Warning
Non-clocked latch  
The latch design_1_i/AES_IP_TOP_0/inst/aes_core/NEXT_KEY_reg[6][68] cannot be properly analyzed as its control pin design_1_i/AES_IP_TOP_0/inst/aes_core/NEXT_KEY_reg[6][68]/G is not reached by a timing clock
Related violations: <none>

TIMING-20#862 Warning
Non-clocked latch  
The latch design_1_i/AES_IP_TOP_0/inst/aes_core/NEXT_KEY_reg[6][69] cannot be properly analyzed as its control pin design_1_i/AES_IP_TOP_0/inst/aes_core/NEXT_KEY_reg[6][69]/G is not reached by a timing clock
Related violations: <none>

TIMING-20#863 Warning
Non-clocked latch  
The latch design_1_i/AES_IP_TOP_0/inst/aes_core/NEXT_KEY_reg[6][6] cannot be properly analyzed as its control pin design_1_i/AES_IP_TOP_0/inst/aes_core/NEXT_KEY_reg[6][6]/G is not reached by a timing clock
Related violations: <none>

TIMING-20#864 Warning
Non-clocked latch  
The latch design_1_i/AES_IP_TOP_0/inst/aes_core/NEXT_KEY_reg[6][70] cannot be properly analyzed as its control pin design_1_i/AES_IP_TOP_0/inst/aes_core/NEXT_KEY_reg[6][70]/G is not reached by a timing clock
Related violations: <none>

TIMING-20#865 Warning
Non-clocked latch  
The latch design_1_i/AES_IP_TOP_0/inst/aes_core/NEXT_KEY_reg[6][71] cannot be properly analyzed as its control pin design_1_i/AES_IP_TOP_0/inst/aes_core/NEXT_KEY_reg[6][71]/G is not reached by a timing clock
Related violations: <none>

TIMING-20#866 Warning
Non-clocked latch  
The latch design_1_i/AES_IP_TOP_0/inst/aes_core/NEXT_KEY_reg[6][72] cannot be properly analyzed as its control pin design_1_i/AES_IP_TOP_0/inst/aes_core/NEXT_KEY_reg[6][72]/G is not reached by a timing clock
Related violations: <none>

TIMING-20#867 Warning
Non-clocked latch  
The latch design_1_i/AES_IP_TOP_0/inst/aes_core/NEXT_KEY_reg[6][73] cannot be properly analyzed as its control pin design_1_i/AES_IP_TOP_0/inst/aes_core/NEXT_KEY_reg[6][73]/G is not reached by a timing clock
Related violations: <none>

TIMING-20#868 Warning
Non-clocked latch  
The latch design_1_i/AES_IP_TOP_0/inst/aes_core/NEXT_KEY_reg[6][74] cannot be properly analyzed as its control pin design_1_i/AES_IP_TOP_0/inst/aes_core/NEXT_KEY_reg[6][74]/G is not reached by a timing clock
Related violations: <none>

TIMING-20#869 Warning
Non-clocked latch  
The latch design_1_i/AES_IP_TOP_0/inst/aes_core/NEXT_KEY_reg[6][75] cannot be properly analyzed as its control pin design_1_i/AES_IP_TOP_0/inst/aes_core/NEXT_KEY_reg[6][75]/G is not reached by a timing clock
Related violations: <none>

TIMING-20#870 Warning
Non-clocked latch  
The latch design_1_i/AES_IP_TOP_0/inst/aes_core/NEXT_KEY_reg[6][76] cannot be properly analyzed as its control pin design_1_i/AES_IP_TOP_0/inst/aes_core/NEXT_KEY_reg[6][76]/G is not reached by a timing clock
Related violations: <none>

TIMING-20#871 Warning
Non-clocked latch  
The latch design_1_i/AES_IP_TOP_0/inst/aes_core/NEXT_KEY_reg[6][77] cannot be properly analyzed as its control pin design_1_i/AES_IP_TOP_0/inst/aes_core/NEXT_KEY_reg[6][77]/G is not reached by a timing clock
Related violations: <none>

TIMING-20#872 Warning
Non-clocked latch  
The latch design_1_i/AES_IP_TOP_0/inst/aes_core/NEXT_KEY_reg[6][78] cannot be properly analyzed as its control pin design_1_i/AES_IP_TOP_0/inst/aes_core/NEXT_KEY_reg[6][78]/G is not reached by a timing clock
Related violations: <none>

TIMING-20#873 Warning
Non-clocked latch  
The latch design_1_i/AES_IP_TOP_0/inst/aes_core/NEXT_KEY_reg[6][79] cannot be properly analyzed as its control pin design_1_i/AES_IP_TOP_0/inst/aes_core/NEXT_KEY_reg[6][79]/G is not reached by a timing clock
Related violations: <none>

TIMING-20#874 Warning
Non-clocked latch  
The latch design_1_i/AES_IP_TOP_0/inst/aes_core/NEXT_KEY_reg[6][7] cannot be properly analyzed as its control pin design_1_i/AES_IP_TOP_0/inst/aes_core/NEXT_KEY_reg[6][7]/G is not reached by a timing clock
Related violations: <none>

TIMING-20#875 Warning
Non-clocked latch  
The latch design_1_i/AES_IP_TOP_0/inst/aes_core/NEXT_KEY_reg[6][80] cannot be properly analyzed as its control pin design_1_i/AES_IP_TOP_0/inst/aes_core/NEXT_KEY_reg[6][80]/G is not reached by a timing clock
Related violations: <none>

TIMING-20#876 Warning
Non-clocked latch  
The latch design_1_i/AES_IP_TOP_0/inst/aes_core/NEXT_KEY_reg[6][81] cannot be properly analyzed as its control pin design_1_i/AES_IP_TOP_0/inst/aes_core/NEXT_KEY_reg[6][81]/G is not reached by a timing clock
Related violations: <none>

TIMING-20#877 Warning
Non-clocked latch  
The latch design_1_i/AES_IP_TOP_0/inst/aes_core/NEXT_KEY_reg[6][82] cannot be properly analyzed as its control pin design_1_i/AES_IP_TOP_0/inst/aes_core/NEXT_KEY_reg[6][82]/G is not reached by a timing clock
Related violations: <none>

TIMING-20#878 Warning
Non-clocked latch  
The latch design_1_i/AES_IP_TOP_0/inst/aes_core/NEXT_KEY_reg[6][83] cannot be properly analyzed as its control pin design_1_i/AES_IP_TOP_0/inst/aes_core/NEXT_KEY_reg[6][83]/G is not reached by a timing clock
Related violations: <none>

TIMING-20#879 Warning
Non-clocked latch  
The latch design_1_i/AES_IP_TOP_0/inst/aes_core/NEXT_KEY_reg[6][84] cannot be properly analyzed as its control pin design_1_i/AES_IP_TOP_0/inst/aes_core/NEXT_KEY_reg[6][84]/G is not reached by a timing clock
Related violations: <none>

TIMING-20#880 Warning
Non-clocked latch  
The latch design_1_i/AES_IP_TOP_0/inst/aes_core/NEXT_KEY_reg[6][85] cannot be properly analyzed as its control pin design_1_i/AES_IP_TOP_0/inst/aes_core/NEXT_KEY_reg[6][85]/G is not reached by a timing clock
Related violations: <none>

TIMING-20#881 Warning
Non-clocked latch  
The latch design_1_i/AES_IP_TOP_0/inst/aes_core/NEXT_KEY_reg[6][86] cannot be properly analyzed as its control pin design_1_i/AES_IP_TOP_0/inst/aes_core/NEXT_KEY_reg[6][86]/G is not reached by a timing clock
Related violations: <none>

TIMING-20#882 Warning
Non-clocked latch  
The latch design_1_i/AES_IP_TOP_0/inst/aes_core/NEXT_KEY_reg[6][87] cannot be properly analyzed as its control pin design_1_i/AES_IP_TOP_0/inst/aes_core/NEXT_KEY_reg[6][87]/G is not reached by a timing clock
Related violations: <none>

TIMING-20#883 Warning
Non-clocked latch  
The latch design_1_i/AES_IP_TOP_0/inst/aes_core/NEXT_KEY_reg[6][88] cannot be properly analyzed as its control pin design_1_i/AES_IP_TOP_0/inst/aes_core/NEXT_KEY_reg[6][88]/G is not reached by a timing clock
Related violations: <none>

TIMING-20#884 Warning
Non-clocked latch  
The latch design_1_i/AES_IP_TOP_0/inst/aes_core/NEXT_KEY_reg[6][89] cannot be properly analyzed as its control pin design_1_i/AES_IP_TOP_0/inst/aes_core/NEXT_KEY_reg[6][89]/G is not reached by a timing clock
Related violations: <none>

TIMING-20#885 Warning
Non-clocked latch  
The latch design_1_i/AES_IP_TOP_0/inst/aes_core/NEXT_KEY_reg[6][8] cannot be properly analyzed as its control pin design_1_i/AES_IP_TOP_0/inst/aes_core/NEXT_KEY_reg[6][8]/G is not reached by a timing clock
Related violations: <none>

TIMING-20#886 Warning
Non-clocked latch  
The latch design_1_i/AES_IP_TOP_0/inst/aes_core/NEXT_KEY_reg[6][90] cannot be properly analyzed as its control pin design_1_i/AES_IP_TOP_0/inst/aes_core/NEXT_KEY_reg[6][90]/G is not reached by a timing clock
Related violations: <none>

TIMING-20#887 Warning
Non-clocked latch  
The latch design_1_i/AES_IP_TOP_0/inst/aes_core/NEXT_KEY_reg[6][91] cannot be properly analyzed as its control pin design_1_i/AES_IP_TOP_0/inst/aes_core/NEXT_KEY_reg[6][91]/G is not reached by a timing clock
Related violations: <none>

TIMING-20#888 Warning
Non-clocked latch  
The latch design_1_i/AES_IP_TOP_0/inst/aes_core/NEXT_KEY_reg[6][92] cannot be properly analyzed as its control pin design_1_i/AES_IP_TOP_0/inst/aes_core/NEXT_KEY_reg[6][92]/G is not reached by a timing clock
Related violations: <none>

TIMING-20#889 Warning
Non-clocked latch  
The latch design_1_i/AES_IP_TOP_0/inst/aes_core/NEXT_KEY_reg[6][93] cannot be properly analyzed as its control pin design_1_i/AES_IP_TOP_0/inst/aes_core/NEXT_KEY_reg[6][93]/G is not reached by a timing clock
Related violations: <none>

TIMING-20#890 Warning
Non-clocked latch  
The latch design_1_i/AES_IP_TOP_0/inst/aes_core/NEXT_KEY_reg[6][94] cannot be properly analyzed as its control pin design_1_i/AES_IP_TOP_0/inst/aes_core/NEXT_KEY_reg[6][94]/G is not reached by a timing clock
Related violations: <none>

TIMING-20#891 Warning
Non-clocked latch  
The latch design_1_i/AES_IP_TOP_0/inst/aes_core/NEXT_KEY_reg[6][95] cannot be properly analyzed as its control pin design_1_i/AES_IP_TOP_0/inst/aes_core/NEXT_KEY_reg[6][95]/G is not reached by a timing clock
Related violations: <none>

TIMING-20#892 Warning
Non-clocked latch  
The latch design_1_i/AES_IP_TOP_0/inst/aes_core/NEXT_KEY_reg[6][96] cannot be properly analyzed as its control pin design_1_i/AES_IP_TOP_0/inst/aes_core/NEXT_KEY_reg[6][96]/G is not reached by a timing clock
Related violations: <none>

TIMING-20#893 Warning
Non-clocked latch  
The latch design_1_i/AES_IP_TOP_0/inst/aes_core/NEXT_KEY_reg[6][97] cannot be properly analyzed as its control pin design_1_i/AES_IP_TOP_0/inst/aes_core/NEXT_KEY_reg[6][97]/G is not reached by a timing clock
Related violations: <none>

TIMING-20#894 Warning
Non-clocked latch  
The latch design_1_i/AES_IP_TOP_0/inst/aes_core/NEXT_KEY_reg[6][98] cannot be properly analyzed as its control pin design_1_i/AES_IP_TOP_0/inst/aes_core/NEXT_KEY_reg[6][98]/G is not reached by a timing clock
Related violations: <none>

TIMING-20#895 Warning
Non-clocked latch  
The latch design_1_i/AES_IP_TOP_0/inst/aes_core/NEXT_KEY_reg[6][99] cannot be properly analyzed as its control pin design_1_i/AES_IP_TOP_0/inst/aes_core/NEXT_KEY_reg[6][99]/G is not reached by a timing clock
Related violations: <none>

TIMING-20#896 Warning
Non-clocked latch  
The latch design_1_i/AES_IP_TOP_0/inst/aes_core/NEXT_KEY_reg[6][9] cannot be properly analyzed as its control pin design_1_i/AES_IP_TOP_0/inst/aes_core/NEXT_KEY_reg[6][9]/G is not reached by a timing clock
Related violations: <none>

TIMING-20#897 Warning
Non-clocked latch  
The latch design_1_i/AES_IP_TOP_0/inst/aes_core/NEXT_KEY_reg[7][0] cannot be properly analyzed as its control pin design_1_i/AES_IP_TOP_0/inst/aes_core/NEXT_KEY_reg[7][0]/G is not reached by a timing clock
Related violations: <none>

TIMING-20#898 Warning
Non-clocked latch  
The latch design_1_i/AES_IP_TOP_0/inst/aes_core/NEXT_KEY_reg[7][100] cannot be properly analyzed as its control pin design_1_i/AES_IP_TOP_0/inst/aes_core/NEXT_KEY_reg[7][100]/G is not reached by a timing clock
Related violations: <none>

TIMING-20#899 Warning
Non-clocked latch  
The latch design_1_i/AES_IP_TOP_0/inst/aes_core/NEXT_KEY_reg[7][101] cannot be properly analyzed as its control pin design_1_i/AES_IP_TOP_0/inst/aes_core/NEXT_KEY_reg[7][101]/G is not reached by a timing clock
Related violations: <none>

TIMING-20#900 Warning
Non-clocked latch  
The latch design_1_i/AES_IP_TOP_0/inst/aes_core/NEXT_KEY_reg[7][102] cannot be properly analyzed as its control pin design_1_i/AES_IP_TOP_0/inst/aes_core/NEXT_KEY_reg[7][102]/G is not reached by a timing clock
Related violations: <none>

TIMING-20#901 Warning
Non-clocked latch  
The latch design_1_i/AES_IP_TOP_0/inst/aes_core/NEXT_KEY_reg[7][103] cannot be properly analyzed as its control pin design_1_i/AES_IP_TOP_0/inst/aes_core/NEXT_KEY_reg[7][103]/G is not reached by a timing clock
Related violations: <none>

TIMING-20#902 Warning
Non-clocked latch  
The latch design_1_i/AES_IP_TOP_0/inst/aes_core/NEXT_KEY_reg[7][104] cannot be properly analyzed as its control pin design_1_i/AES_IP_TOP_0/inst/aes_core/NEXT_KEY_reg[7][104]/G is not reached by a timing clock
Related violations: <none>

TIMING-20#903 Warning
Non-clocked latch  
The latch design_1_i/AES_IP_TOP_0/inst/aes_core/NEXT_KEY_reg[7][105] cannot be properly analyzed as its control pin design_1_i/AES_IP_TOP_0/inst/aes_core/NEXT_KEY_reg[7][105]/G is not reached by a timing clock
Related violations: <none>

TIMING-20#904 Warning
Non-clocked latch  
The latch design_1_i/AES_IP_TOP_0/inst/aes_core/NEXT_KEY_reg[7][106] cannot be properly analyzed as its control pin design_1_i/AES_IP_TOP_0/inst/aes_core/NEXT_KEY_reg[7][106]/G is not reached by a timing clock
Related violations: <none>

TIMING-20#905 Warning
Non-clocked latch  
The latch design_1_i/AES_IP_TOP_0/inst/aes_core/NEXT_KEY_reg[7][107] cannot be properly analyzed as its control pin design_1_i/AES_IP_TOP_0/inst/aes_core/NEXT_KEY_reg[7][107]/G is not reached by a timing clock
Related violations: <none>

TIMING-20#906 Warning
Non-clocked latch  
The latch design_1_i/AES_IP_TOP_0/inst/aes_core/NEXT_KEY_reg[7][108] cannot be properly analyzed as its control pin design_1_i/AES_IP_TOP_0/inst/aes_core/NEXT_KEY_reg[7][108]/G is not reached by a timing clock
Related violations: <none>

TIMING-20#907 Warning
Non-clocked latch  
The latch design_1_i/AES_IP_TOP_0/inst/aes_core/NEXT_KEY_reg[7][109] cannot be properly analyzed as its control pin design_1_i/AES_IP_TOP_0/inst/aes_core/NEXT_KEY_reg[7][109]/G is not reached by a timing clock
Related violations: <none>

TIMING-20#908 Warning
Non-clocked latch  
The latch design_1_i/AES_IP_TOP_0/inst/aes_core/NEXT_KEY_reg[7][10] cannot be properly analyzed as its control pin design_1_i/AES_IP_TOP_0/inst/aes_core/NEXT_KEY_reg[7][10]/G is not reached by a timing clock
Related violations: <none>

TIMING-20#909 Warning
Non-clocked latch  
The latch design_1_i/AES_IP_TOP_0/inst/aes_core/NEXT_KEY_reg[7][110] cannot be properly analyzed as its control pin design_1_i/AES_IP_TOP_0/inst/aes_core/NEXT_KEY_reg[7][110]/G is not reached by a timing clock
Related violations: <none>

TIMING-20#910 Warning
Non-clocked latch  
The latch design_1_i/AES_IP_TOP_0/inst/aes_core/NEXT_KEY_reg[7][111] cannot be properly analyzed as its control pin design_1_i/AES_IP_TOP_0/inst/aes_core/NEXT_KEY_reg[7][111]/G is not reached by a timing clock
Related violations: <none>

TIMING-20#911 Warning
Non-clocked latch  
The latch design_1_i/AES_IP_TOP_0/inst/aes_core/NEXT_KEY_reg[7][112] cannot be properly analyzed as its control pin design_1_i/AES_IP_TOP_0/inst/aes_core/NEXT_KEY_reg[7][112]/G is not reached by a timing clock
Related violations: <none>

TIMING-20#912 Warning
Non-clocked latch  
The latch design_1_i/AES_IP_TOP_0/inst/aes_core/NEXT_KEY_reg[7][113] cannot be properly analyzed as its control pin design_1_i/AES_IP_TOP_0/inst/aes_core/NEXT_KEY_reg[7][113]/G is not reached by a timing clock
Related violations: <none>

TIMING-20#913 Warning
Non-clocked latch  
The latch design_1_i/AES_IP_TOP_0/inst/aes_core/NEXT_KEY_reg[7][114] cannot be properly analyzed as its control pin design_1_i/AES_IP_TOP_0/inst/aes_core/NEXT_KEY_reg[7][114]/G is not reached by a timing clock
Related violations: <none>

TIMING-20#914 Warning
Non-clocked latch  
The latch design_1_i/AES_IP_TOP_0/inst/aes_core/NEXT_KEY_reg[7][115] cannot be properly analyzed as its control pin design_1_i/AES_IP_TOP_0/inst/aes_core/NEXT_KEY_reg[7][115]/G is not reached by a timing clock
Related violations: <none>

TIMING-20#915 Warning
Non-clocked latch  
The latch design_1_i/AES_IP_TOP_0/inst/aes_core/NEXT_KEY_reg[7][116] cannot be properly analyzed as its control pin design_1_i/AES_IP_TOP_0/inst/aes_core/NEXT_KEY_reg[7][116]/G is not reached by a timing clock
Related violations: <none>

TIMING-20#916 Warning
Non-clocked latch  
The latch design_1_i/AES_IP_TOP_0/inst/aes_core/NEXT_KEY_reg[7][117] cannot be properly analyzed as its control pin design_1_i/AES_IP_TOP_0/inst/aes_core/NEXT_KEY_reg[7][117]/G is not reached by a timing clock
Related violations: <none>

TIMING-20#917 Warning
Non-clocked latch  
The latch design_1_i/AES_IP_TOP_0/inst/aes_core/NEXT_KEY_reg[7][118] cannot be properly analyzed as its control pin design_1_i/AES_IP_TOP_0/inst/aes_core/NEXT_KEY_reg[7][118]/G is not reached by a timing clock
Related violations: <none>

TIMING-20#918 Warning
Non-clocked latch  
The latch design_1_i/AES_IP_TOP_0/inst/aes_core/NEXT_KEY_reg[7][119] cannot be properly analyzed as its control pin design_1_i/AES_IP_TOP_0/inst/aes_core/NEXT_KEY_reg[7][119]/G is not reached by a timing clock
Related violations: <none>

TIMING-20#919 Warning
Non-clocked latch  
The latch design_1_i/AES_IP_TOP_0/inst/aes_core/NEXT_KEY_reg[7][11] cannot be properly analyzed as its control pin design_1_i/AES_IP_TOP_0/inst/aes_core/NEXT_KEY_reg[7][11]/G is not reached by a timing clock
Related violations: <none>

TIMING-20#920 Warning
Non-clocked latch  
The latch design_1_i/AES_IP_TOP_0/inst/aes_core/NEXT_KEY_reg[7][120] cannot be properly analyzed as its control pin design_1_i/AES_IP_TOP_0/inst/aes_core/NEXT_KEY_reg[7][120]/G is not reached by a timing clock
Related violations: <none>

TIMING-20#921 Warning
Non-clocked latch  
The latch design_1_i/AES_IP_TOP_0/inst/aes_core/NEXT_KEY_reg[7][121] cannot be properly analyzed as its control pin design_1_i/AES_IP_TOP_0/inst/aes_core/NEXT_KEY_reg[7][121]/G is not reached by a timing clock
Related violations: <none>

TIMING-20#922 Warning
Non-clocked latch  
The latch design_1_i/AES_IP_TOP_0/inst/aes_core/NEXT_KEY_reg[7][122] cannot be properly analyzed as its control pin design_1_i/AES_IP_TOP_0/inst/aes_core/NEXT_KEY_reg[7][122]/G is not reached by a timing clock
Related violations: <none>

TIMING-20#923 Warning
Non-clocked latch  
The latch design_1_i/AES_IP_TOP_0/inst/aes_core/NEXT_KEY_reg[7][123] cannot be properly analyzed as its control pin design_1_i/AES_IP_TOP_0/inst/aes_core/NEXT_KEY_reg[7][123]/G is not reached by a timing clock
Related violations: <none>

TIMING-20#924 Warning
Non-clocked latch  
The latch design_1_i/AES_IP_TOP_0/inst/aes_core/NEXT_KEY_reg[7][124] cannot be properly analyzed as its control pin design_1_i/AES_IP_TOP_0/inst/aes_core/NEXT_KEY_reg[7][124]/G is not reached by a timing clock
Related violations: <none>

TIMING-20#925 Warning
Non-clocked latch  
The latch design_1_i/AES_IP_TOP_0/inst/aes_core/NEXT_KEY_reg[7][125] cannot be properly analyzed as its control pin design_1_i/AES_IP_TOP_0/inst/aes_core/NEXT_KEY_reg[7][125]/G is not reached by a timing clock
Related violations: <none>

TIMING-20#926 Warning
Non-clocked latch  
The latch design_1_i/AES_IP_TOP_0/inst/aes_core/NEXT_KEY_reg[7][126] cannot be properly analyzed as its control pin design_1_i/AES_IP_TOP_0/inst/aes_core/NEXT_KEY_reg[7][126]/G is not reached by a timing clock
Related violations: <none>

TIMING-20#927 Warning
Non-clocked latch  
The latch design_1_i/AES_IP_TOP_0/inst/aes_core/NEXT_KEY_reg[7][127] cannot be properly analyzed as its control pin design_1_i/AES_IP_TOP_0/inst/aes_core/NEXT_KEY_reg[7][127]/G is not reached by a timing clock
Related violations: <none>

TIMING-20#928 Warning
Non-clocked latch  
The latch design_1_i/AES_IP_TOP_0/inst/aes_core/NEXT_KEY_reg[7][12] cannot be properly analyzed as its control pin design_1_i/AES_IP_TOP_0/inst/aes_core/NEXT_KEY_reg[7][12]/G is not reached by a timing clock
Related violations: <none>

TIMING-20#929 Warning
Non-clocked latch  
The latch design_1_i/AES_IP_TOP_0/inst/aes_core/NEXT_KEY_reg[7][13] cannot be properly analyzed as its control pin design_1_i/AES_IP_TOP_0/inst/aes_core/NEXT_KEY_reg[7][13]/G is not reached by a timing clock
Related violations: <none>

TIMING-20#930 Warning
Non-clocked latch  
The latch design_1_i/AES_IP_TOP_0/inst/aes_core/NEXT_KEY_reg[7][14] cannot be properly analyzed as its control pin design_1_i/AES_IP_TOP_0/inst/aes_core/NEXT_KEY_reg[7][14]/G is not reached by a timing clock
Related violations: <none>

TIMING-20#931 Warning
Non-clocked latch  
The latch design_1_i/AES_IP_TOP_0/inst/aes_core/NEXT_KEY_reg[7][15] cannot be properly analyzed as its control pin design_1_i/AES_IP_TOP_0/inst/aes_core/NEXT_KEY_reg[7][15]/G is not reached by a timing clock
Related violations: <none>

TIMING-20#932 Warning
Non-clocked latch  
The latch design_1_i/AES_IP_TOP_0/inst/aes_core/NEXT_KEY_reg[7][16] cannot be properly analyzed as its control pin design_1_i/AES_IP_TOP_0/inst/aes_core/NEXT_KEY_reg[7][16]/G is not reached by a timing clock
Related violations: <none>

TIMING-20#933 Warning
Non-clocked latch  
The latch design_1_i/AES_IP_TOP_0/inst/aes_core/NEXT_KEY_reg[7][17] cannot be properly analyzed as its control pin design_1_i/AES_IP_TOP_0/inst/aes_core/NEXT_KEY_reg[7][17]/G is not reached by a timing clock
Related violations: <none>

TIMING-20#934 Warning
Non-clocked latch  
The latch design_1_i/AES_IP_TOP_0/inst/aes_core/NEXT_KEY_reg[7][18] cannot be properly analyzed as its control pin design_1_i/AES_IP_TOP_0/inst/aes_core/NEXT_KEY_reg[7][18]/G is not reached by a timing clock
Related violations: <none>

TIMING-20#935 Warning
Non-clocked latch  
The latch design_1_i/AES_IP_TOP_0/inst/aes_core/NEXT_KEY_reg[7][19] cannot be properly analyzed as its control pin design_1_i/AES_IP_TOP_0/inst/aes_core/NEXT_KEY_reg[7][19]/G is not reached by a timing clock
Related violations: <none>

TIMING-20#936 Warning
Non-clocked latch  
The latch design_1_i/AES_IP_TOP_0/inst/aes_core/NEXT_KEY_reg[7][1] cannot be properly analyzed as its control pin design_1_i/AES_IP_TOP_0/inst/aes_core/NEXT_KEY_reg[7][1]/G is not reached by a timing clock
Related violations: <none>

TIMING-20#937 Warning
Non-clocked latch  
The latch design_1_i/AES_IP_TOP_0/inst/aes_core/NEXT_KEY_reg[7][20] cannot be properly analyzed as its control pin design_1_i/AES_IP_TOP_0/inst/aes_core/NEXT_KEY_reg[7][20]/G is not reached by a timing clock
Related violations: <none>

TIMING-20#938 Warning
Non-clocked latch  
The latch design_1_i/AES_IP_TOP_0/inst/aes_core/NEXT_KEY_reg[7][21] cannot be properly analyzed as its control pin design_1_i/AES_IP_TOP_0/inst/aes_core/NEXT_KEY_reg[7][21]/G is not reached by a timing clock
Related violations: <none>

TIMING-20#939 Warning
Non-clocked latch  
The latch design_1_i/AES_IP_TOP_0/inst/aes_core/NEXT_KEY_reg[7][22] cannot be properly analyzed as its control pin design_1_i/AES_IP_TOP_0/inst/aes_core/NEXT_KEY_reg[7][22]/G is not reached by a timing clock
Related violations: <none>

TIMING-20#940 Warning
Non-clocked latch  
The latch design_1_i/AES_IP_TOP_0/inst/aes_core/NEXT_KEY_reg[7][23] cannot be properly analyzed as its control pin design_1_i/AES_IP_TOP_0/inst/aes_core/NEXT_KEY_reg[7][23]/G is not reached by a timing clock
Related violations: <none>

TIMING-20#941 Warning
Non-clocked latch  
The latch design_1_i/AES_IP_TOP_0/inst/aes_core/NEXT_KEY_reg[7][24] cannot be properly analyzed as its control pin design_1_i/AES_IP_TOP_0/inst/aes_core/NEXT_KEY_reg[7][24]/G is not reached by a timing clock
Related violations: <none>

TIMING-20#942 Warning
Non-clocked latch  
The latch design_1_i/AES_IP_TOP_0/inst/aes_core/NEXT_KEY_reg[7][25] cannot be properly analyzed as its control pin design_1_i/AES_IP_TOP_0/inst/aes_core/NEXT_KEY_reg[7][25]/G is not reached by a timing clock
Related violations: <none>

TIMING-20#943 Warning
Non-clocked latch  
The latch design_1_i/AES_IP_TOP_0/inst/aes_core/NEXT_KEY_reg[7][26] cannot be properly analyzed as its control pin design_1_i/AES_IP_TOP_0/inst/aes_core/NEXT_KEY_reg[7][26]/G is not reached by a timing clock
Related violations: <none>

TIMING-20#944 Warning
Non-clocked latch  
The latch design_1_i/AES_IP_TOP_0/inst/aes_core/NEXT_KEY_reg[7][27] cannot be properly analyzed as its control pin design_1_i/AES_IP_TOP_0/inst/aes_core/NEXT_KEY_reg[7][27]/G is not reached by a timing clock
Related violations: <none>

TIMING-20#945 Warning
Non-clocked latch  
The latch design_1_i/AES_IP_TOP_0/inst/aes_core/NEXT_KEY_reg[7][28] cannot be properly analyzed as its control pin design_1_i/AES_IP_TOP_0/inst/aes_core/NEXT_KEY_reg[7][28]/G is not reached by a timing clock
Related violations: <none>

TIMING-20#946 Warning
Non-clocked latch  
The latch design_1_i/AES_IP_TOP_0/inst/aes_core/NEXT_KEY_reg[7][29] cannot be properly analyzed as its control pin design_1_i/AES_IP_TOP_0/inst/aes_core/NEXT_KEY_reg[7][29]/G is not reached by a timing clock
Related violations: <none>

TIMING-20#947 Warning
Non-clocked latch  
The latch design_1_i/AES_IP_TOP_0/inst/aes_core/NEXT_KEY_reg[7][2] cannot be properly analyzed as its control pin design_1_i/AES_IP_TOP_0/inst/aes_core/NEXT_KEY_reg[7][2]/G is not reached by a timing clock
Related violations: <none>

TIMING-20#948 Warning
Non-clocked latch  
The latch design_1_i/AES_IP_TOP_0/inst/aes_core/NEXT_KEY_reg[7][30] cannot be properly analyzed as its control pin design_1_i/AES_IP_TOP_0/inst/aes_core/NEXT_KEY_reg[7][30]/G is not reached by a timing clock
Related violations: <none>

TIMING-20#949 Warning
Non-clocked latch  
The latch design_1_i/AES_IP_TOP_0/inst/aes_core/NEXT_KEY_reg[7][31] cannot be properly analyzed as its control pin design_1_i/AES_IP_TOP_0/inst/aes_core/NEXT_KEY_reg[7][31]/G is not reached by a timing clock
Related violations: <none>

TIMING-20#950 Warning
Non-clocked latch  
The latch design_1_i/AES_IP_TOP_0/inst/aes_core/NEXT_KEY_reg[7][32] cannot be properly analyzed as its control pin design_1_i/AES_IP_TOP_0/inst/aes_core/NEXT_KEY_reg[7][32]/G is not reached by a timing clock
Related violations: <none>

TIMING-20#951 Warning
Non-clocked latch  
The latch design_1_i/AES_IP_TOP_0/inst/aes_core/NEXT_KEY_reg[7][33] cannot be properly analyzed as its control pin design_1_i/AES_IP_TOP_0/inst/aes_core/NEXT_KEY_reg[7][33]/G is not reached by a timing clock
Related violations: <none>

TIMING-20#952 Warning
Non-clocked latch  
The latch design_1_i/AES_IP_TOP_0/inst/aes_core/NEXT_KEY_reg[7][34] cannot be properly analyzed as its control pin design_1_i/AES_IP_TOP_0/inst/aes_core/NEXT_KEY_reg[7][34]/G is not reached by a timing clock
Related violations: <none>

TIMING-20#953 Warning
Non-clocked latch  
The latch design_1_i/AES_IP_TOP_0/inst/aes_core/NEXT_KEY_reg[7][35] cannot be properly analyzed as its control pin design_1_i/AES_IP_TOP_0/inst/aes_core/NEXT_KEY_reg[7][35]/G is not reached by a timing clock
Related violations: <none>

TIMING-20#954 Warning
Non-clocked latch  
The latch design_1_i/AES_IP_TOP_0/inst/aes_core/NEXT_KEY_reg[7][36] cannot be properly analyzed as its control pin design_1_i/AES_IP_TOP_0/inst/aes_core/NEXT_KEY_reg[7][36]/G is not reached by a timing clock
Related violations: <none>

TIMING-20#955 Warning
Non-clocked latch  
The latch design_1_i/AES_IP_TOP_0/inst/aes_core/NEXT_KEY_reg[7][37] cannot be properly analyzed as its control pin design_1_i/AES_IP_TOP_0/inst/aes_core/NEXT_KEY_reg[7][37]/G is not reached by a timing clock
Related violations: <none>

TIMING-20#956 Warning
Non-clocked latch  
The latch design_1_i/AES_IP_TOP_0/inst/aes_core/NEXT_KEY_reg[7][38] cannot be properly analyzed as its control pin design_1_i/AES_IP_TOP_0/inst/aes_core/NEXT_KEY_reg[7][38]/G is not reached by a timing clock
Related violations: <none>

TIMING-20#957 Warning
Non-clocked latch  
The latch design_1_i/AES_IP_TOP_0/inst/aes_core/NEXT_KEY_reg[7][39] cannot be properly analyzed as its control pin design_1_i/AES_IP_TOP_0/inst/aes_core/NEXT_KEY_reg[7][39]/G is not reached by a timing clock
Related violations: <none>

TIMING-20#958 Warning
Non-clocked latch  
The latch design_1_i/AES_IP_TOP_0/inst/aes_core/NEXT_KEY_reg[7][3] cannot be properly analyzed as its control pin design_1_i/AES_IP_TOP_0/inst/aes_core/NEXT_KEY_reg[7][3]/G is not reached by a timing clock
Related violations: <none>

TIMING-20#959 Warning
Non-clocked latch  
The latch design_1_i/AES_IP_TOP_0/inst/aes_core/NEXT_KEY_reg[7][40] cannot be properly analyzed as its control pin design_1_i/AES_IP_TOP_0/inst/aes_core/NEXT_KEY_reg[7][40]/G is not reached by a timing clock
Related violations: <none>

TIMING-20#960 Warning
Non-clocked latch  
The latch design_1_i/AES_IP_TOP_0/inst/aes_core/NEXT_KEY_reg[7][41] cannot be properly analyzed as its control pin design_1_i/AES_IP_TOP_0/inst/aes_core/NEXT_KEY_reg[7][41]/G is not reached by a timing clock
Related violations: <none>

TIMING-20#961 Warning
Non-clocked latch  
The latch design_1_i/AES_IP_TOP_0/inst/aes_core/NEXT_KEY_reg[7][42] cannot be properly analyzed as its control pin design_1_i/AES_IP_TOP_0/inst/aes_core/NEXT_KEY_reg[7][42]/G is not reached by a timing clock
Related violations: <none>

TIMING-20#962 Warning
Non-clocked latch  
The latch design_1_i/AES_IP_TOP_0/inst/aes_core/NEXT_KEY_reg[7][43] cannot be properly analyzed as its control pin design_1_i/AES_IP_TOP_0/inst/aes_core/NEXT_KEY_reg[7][43]/G is not reached by a timing clock
Related violations: <none>

TIMING-20#963 Warning
Non-clocked latch  
The latch design_1_i/AES_IP_TOP_0/inst/aes_core/NEXT_KEY_reg[7][44] cannot be properly analyzed as its control pin design_1_i/AES_IP_TOP_0/inst/aes_core/NEXT_KEY_reg[7][44]/G is not reached by a timing clock
Related violations: <none>

TIMING-20#964 Warning
Non-clocked latch  
The latch design_1_i/AES_IP_TOP_0/inst/aes_core/NEXT_KEY_reg[7][45] cannot be properly analyzed as its control pin design_1_i/AES_IP_TOP_0/inst/aes_core/NEXT_KEY_reg[7][45]/G is not reached by a timing clock
Related violations: <none>

TIMING-20#965 Warning
Non-clocked latch  
The latch design_1_i/AES_IP_TOP_0/inst/aes_core/NEXT_KEY_reg[7][46] cannot be properly analyzed as its control pin design_1_i/AES_IP_TOP_0/inst/aes_core/NEXT_KEY_reg[7][46]/G is not reached by a timing clock
Related violations: <none>

TIMING-20#966 Warning
Non-clocked latch  
The latch design_1_i/AES_IP_TOP_0/inst/aes_core/NEXT_KEY_reg[7][47] cannot be properly analyzed as its control pin design_1_i/AES_IP_TOP_0/inst/aes_core/NEXT_KEY_reg[7][47]/G is not reached by a timing clock
Related violations: <none>

TIMING-20#967 Warning
Non-clocked latch  
The latch design_1_i/AES_IP_TOP_0/inst/aes_core/NEXT_KEY_reg[7][48] cannot be properly analyzed as its control pin design_1_i/AES_IP_TOP_0/inst/aes_core/NEXT_KEY_reg[7][48]/G is not reached by a timing clock
Related violations: <none>

TIMING-20#968 Warning
Non-clocked latch  
The latch design_1_i/AES_IP_TOP_0/inst/aes_core/NEXT_KEY_reg[7][49] cannot be properly analyzed as its control pin design_1_i/AES_IP_TOP_0/inst/aes_core/NEXT_KEY_reg[7][49]/G is not reached by a timing clock
Related violations: <none>

TIMING-20#969 Warning
Non-clocked latch  
The latch design_1_i/AES_IP_TOP_0/inst/aes_core/NEXT_KEY_reg[7][4] cannot be properly analyzed as its control pin design_1_i/AES_IP_TOP_0/inst/aes_core/NEXT_KEY_reg[7][4]/G is not reached by a timing clock
Related violations: <none>

TIMING-20#970 Warning
Non-clocked latch  
The latch design_1_i/AES_IP_TOP_0/inst/aes_core/NEXT_KEY_reg[7][50] cannot be properly analyzed as its control pin design_1_i/AES_IP_TOP_0/inst/aes_core/NEXT_KEY_reg[7][50]/G is not reached by a timing clock
Related violations: <none>

TIMING-20#971 Warning
Non-clocked latch  
The latch design_1_i/AES_IP_TOP_0/inst/aes_core/NEXT_KEY_reg[7][51] cannot be properly analyzed as its control pin design_1_i/AES_IP_TOP_0/inst/aes_core/NEXT_KEY_reg[7][51]/G is not reached by a timing clock
Related violations: <none>

TIMING-20#972 Warning
Non-clocked latch  
The latch design_1_i/AES_IP_TOP_0/inst/aes_core/NEXT_KEY_reg[7][52] cannot be properly analyzed as its control pin design_1_i/AES_IP_TOP_0/inst/aes_core/NEXT_KEY_reg[7][52]/G is not reached by a timing clock
Related violations: <none>

TIMING-20#973 Warning
Non-clocked latch  
The latch design_1_i/AES_IP_TOP_0/inst/aes_core/NEXT_KEY_reg[7][53] cannot be properly analyzed as its control pin design_1_i/AES_IP_TOP_0/inst/aes_core/NEXT_KEY_reg[7][53]/G is not reached by a timing clock
Related violations: <none>

TIMING-20#974 Warning
Non-clocked latch  
The latch design_1_i/AES_IP_TOP_0/inst/aes_core/NEXT_KEY_reg[7][54] cannot be properly analyzed as its control pin design_1_i/AES_IP_TOP_0/inst/aes_core/NEXT_KEY_reg[7][54]/G is not reached by a timing clock
Related violations: <none>

TIMING-20#975 Warning
Non-clocked latch  
The latch design_1_i/AES_IP_TOP_0/inst/aes_core/NEXT_KEY_reg[7][55] cannot be properly analyzed as its control pin design_1_i/AES_IP_TOP_0/inst/aes_core/NEXT_KEY_reg[7][55]/G is not reached by a timing clock
Related violations: <none>

TIMING-20#976 Warning
Non-clocked latch  
The latch design_1_i/AES_IP_TOP_0/inst/aes_core/NEXT_KEY_reg[7][56] cannot be properly analyzed as its control pin design_1_i/AES_IP_TOP_0/inst/aes_core/NEXT_KEY_reg[7][56]/G is not reached by a timing clock
Related violations: <none>

TIMING-20#977 Warning
Non-clocked latch  
The latch design_1_i/AES_IP_TOP_0/inst/aes_core/NEXT_KEY_reg[7][57] cannot be properly analyzed as its control pin design_1_i/AES_IP_TOP_0/inst/aes_core/NEXT_KEY_reg[7][57]/G is not reached by a timing clock
Related violations: <none>

TIMING-20#978 Warning
Non-clocked latch  
The latch design_1_i/AES_IP_TOP_0/inst/aes_core/NEXT_KEY_reg[7][58] cannot be properly analyzed as its control pin design_1_i/AES_IP_TOP_0/inst/aes_core/NEXT_KEY_reg[7][58]/G is not reached by a timing clock
Related violations: <none>

TIMING-20#979 Warning
Non-clocked latch  
The latch design_1_i/AES_IP_TOP_0/inst/aes_core/NEXT_KEY_reg[7][59] cannot be properly analyzed as its control pin design_1_i/AES_IP_TOP_0/inst/aes_core/NEXT_KEY_reg[7][59]/G is not reached by a timing clock
Related violations: <none>

TIMING-20#980 Warning
Non-clocked latch  
The latch design_1_i/AES_IP_TOP_0/inst/aes_core/NEXT_KEY_reg[7][5] cannot be properly analyzed as its control pin design_1_i/AES_IP_TOP_0/inst/aes_core/NEXT_KEY_reg[7][5]/G is not reached by a timing clock
Related violations: <none>

TIMING-20#981 Warning
Non-clocked latch  
The latch design_1_i/AES_IP_TOP_0/inst/aes_core/NEXT_KEY_reg[7][60] cannot be properly analyzed as its control pin design_1_i/AES_IP_TOP_0/inst/aes_core/NEXT_KEY_reg[7][60]/G is not reached by a timing clock
Related violations: <none>

TIMING-20#982 Warning
Non-clocked latch  
The latch design_1_i/AES_IP_TOP_0/inst/aes_core/NEXT_KEY_reg[7][61] cannot be properly analyzed as its control pin design_1_i/AES_IP_TOP_0/inst/aes_core/NEXT_KEY_reg[7][61]/G is not reached by a timing clock
Related violations: <none>

TIMING-20#983 Warning
Non-clocked latch  
The latch design_1_i/AES_IP_TOP_0/inst/aes_core/NEXT_KEY_reg[7][62] cannot be properly analyzed as its control pin design_1_i/AES_IP_TOP_0/inst/aes_core/NEXT_KEY_reg[7][62]/G is not reached by a timing clock
Related violations: <none>

TIMING-20#984 Warning
Non-clocked latch  
The latch design_1_i/AES_IP_TOP_0/inst/aes_core/NEXT_KEY_reg[7][63] cannot be properly analyzed as its control pin design_1_i/AES_IP_TOP_0/inst/aes_core/NEXT_KEY_reg[7][63]/G is not reached by a timing clock
Related violations: <none>

TIMING-20#985 Warning
Non-clocked latch  
The latch design_1_i/AES_IP_TOP_0/inst/aes_core/NEXT_KEY_reg[7][64] cannot be properly analyzed as its control pin design_1_i/AES_IP_TOP_0/inst/aes_core/NEXT_KEY_reg[7][64]/G is not reached by a timing clock
Related violations: <none>

TIMING-20#986 Warning
Non-clocked latch  
The latch design_1_i/AES_IP_TOP_0/inst/aes_core/NEXT_KEY_reg[7][65] cannot be properly analyzed as its control pin design_1_i/AES_IP_TOP_0/inst/aes_core/NEXT_KEY_reg[7][65]/G is not reached by a timing clock
Related violations: <none>

TIMING-20#987 Warning
Non-clocked latch  
The latch design_1_i/AES_IP_TOP_0/inst/aes_core/NEXT_KEY_reg[7][66] cannot be properly analyzed as its control pin design_1_i/AES_IP_TOP_0/inst/aes_core/NEXT_KEY_reg[7][66]/G is not reached by a timing clock
Related violations: <none>

TIMING-20#988 Warning
Non-clocked latch  
The latch design_1_i/AES_IP_TOP_0/inst/aes_core/NEXT_KEY_reg[7][67] cannot be properly analyzed as its control pin design_1_i/AES_IP_TOP_0/inst/aes_core/NEXT_KEY_reg[7][67]/G is not reached by a timing clock
Related violations: <none>

TIMING-20#989 Warning
Non-clocked latch  
The latch design_1_i/AES_IP_TOP_0/inst/aes_core/NEXT_KEY_reg[7][68] cannot be properly analyzed as its control pin design_1_i/AES_IP_TOP_0/inst/aes_core/NEXT_KEY_reg[7][68]/G is not reached by a timing clock
Related violations: <none>

TIMING-20#990 Warning
Non-clocked latch  
The latch design_1_i/AES_IP_TOP_0/inst/aes_core/NEXT_KEY_reg[7][69] cannot be properly analyzed as its control pin design_1_i/AES_IP_TOP_0/inst/aes_core/NEXT_KEY_reg[7][69]/G is not reached by a timing clock
Related violations: <none>

TIMING-20#991 Warning
Non-clocked latch  
The latch design_1_i/AES_IP_TOP_0/inst/aes_core/NEXT_KEY_reg[7][6] cannot be properly analyzed as its control pin design_1_i/AES_IP_TOP_0/inst/aes_core/NEXT_KEY_reg[7][6]/G is not reached by a timing clock
Related violations: <none>

TIMING-20#992 Warning
Non-clocked latch  
The latch design_1_i/AES_IP_TOP_0/inst/aes_core/NEXT_KEY_reg[7][70] cannot be properly analyzed as its control pin design_1_i/AES_IP_TOP_0/inst/aes_core/NEXT_KEY_reg[7][70]/G is not reached by a timing clock
Related violations: <none>

TIMING-20#993 Warning
Non-clocked latch  
The latch design_1_i/AES_IP_TOP_0/inst/aes_core/NEXT_KEY_reg[7][71] cannot be properly analyzed as its control pin design_1_i/AES_IP_TOP_0/inst/aes_core/NEXT_KEY_reg[7][71]/G is not reached by a timing clock
Related violations: <none>

TIMING-20#994 Warning
Non-clocked latch  
The latch design_1_i/AES_IP_TOP_0/inst/aes_core/NEXT_KEY_reg[7][72] cannot be properly analyzed as its control pin design_1_i/AES_IP_TOP_0/inst/aes_core/NEXT_KEY_reg[7][72]/G is not reached by a timing clock
Related violations: <none>

TIMING-20#995 Warning
Non-clocked latch  
The latch design_1_i/AES_IP_TOP_0/inst/aes_core/NEXT_KEY_reg[7][73] cannot be properly analyzed as its control pin design_1_i/AES_IP_TOP_0/inst/aes_core/NEXT_KEY_reg[7][73]/G is not reached by a timing clock
Related violations: <none>

TIMING-20#996 Warning
Non-clocked latch  
The latch design_1_i/AES_IP_TOP_0/inst/aes_core/NEXT_KEY_reg[7][74] cannot be properly analyzed as its control pin design_1_i/AES_IP_TOP_0/inst/aes_core/NEXT_KEY_reg[7][74]/G is not reached by a timing clock
Related violations: <none>

TIMING-20#997 Warning
Non-clocked latch  
The latch design_1_i/AES_IP_TOP_0/inst/aes_core/NEXT_KEY_reg[7][75] cannot be properly analyzed as its control pin design_1_i/AES_IP_TOP_0/inst/aes_core/NEXT_KEY_reg[7][75]/G is not reached by a timing clock
Related violations: <none>

TIMING-20#998 Warning
Non-clocked latch  
The latch design_1_i/AES_IP_TOP_0/inst/aes_core/NEXT_KEY_reg[7][76] cannot be properly analyzed as its control pin design_1_i/AES_IP_TOP_0/inst/aes_core/NEXT_KEY_reg[7][76]/G is not reached by a timing clock
Related violations: <none>

TIMING-20#999 Warning
Non-clocked latch  
The latch design_1_i/AES_IP_TOP_0/inst/aes_core/NEXT_KEY_reg[7][77] cannot be properly analyzed as its control pin design_1_i/AES_IP_TOP_0/inst/aes_core/NEXT_KEY_reg[7][77]/G is not reached by a timing clock
Related violations: <none>

TIMING-20#1000 Warning
Non-clocked latch  
The latch design_1_i/AES_IP_TOP_0/inst/aes_core/NEXT_KEY_reg[7][78] cannot be properly analyzed as its control pin design_1_i/AES_IP_TOP_0/inst/aes_core/NEXT_KEY_reg[7][78]/G is not reached by a timing clock
Related violations: <none>


